Time (s),Voltage (V),Corrected_Voltage (V),Current (A),Temp (C),SoC
1.08,0,0,0.37,26.4,100
2.16,0,0,0.35,26.4,100
3.25,0,0,1.18,26.4,99.9
4.33,10.2,11.26,0.76,26.4,99.9
5.41,10.24,11.29,0.74,26.4,99.8
6.49,10.13,11.2,0.78,26.4,99.8
7.58,10.22,11.27,0.76,26.4,99.7
8.66,10.2,11.26,0.75,26.4,99.7
9.74,10.2,11.26,0.77,26.4,99.6
10.82,10.23,11.28,0.74,26.4,99.6
11.9,10.21,11.27,0.75,26.5,99.6
12.98,10.21,11.27,0.76,26.5,99.5
14.07,10.23,11.28,0.78,26.4,99.5
15.15,10.23,11.28,0.77,26.4,99.4
16.23,10.23,11.28,0.78,25,99.4
17.31,10.23,11.28,0.73,25,99.3
18.4,10.22,11.27,0.75,25,99.3
19.48,10.21,11.27,0.77,25,99.2
20.56,10.21,11.27,0.78,25,99.2
21.64,10.19,11.25,0.77,25,99.2
22.73,10.22,11.27,0.75,25,99.1
23.81,10.2,11.26,0.75,25,99.1
24.89,10.21,11.27,0.75,25,99
25.97,10.18,11.24,0.78,25,99
27.06,10.2,11.26,0.75,25,98.9
28.14,10.21,11.27,0.77,25,98.9
29.22,10.2,11.26,0.75,25,98.8
30.3,10.21,11.27,0.76,25,98.8
31.39,10.22,11.27,0.74,25,98.8
32.47,10.19,11.25,0.75,25,98.7
33.55,10.19,11.25,0.76,25,98.7
34.63,10.21,11.27,0.75,25,98.6
35.72,10.19,11.25,0.75,25,98.6
36.8,10.21,11.27,0.76,25,98.5
37.88,10.17,11.23,0.76,25,98.5
38.96,10.2,11.26,0.75,25,98.4
40.04,10.18,11.24,0.75,25,98.4
41.13,10.2,11.26,0.77,25,98.4
42.21,10.19,11.25,0.77,25,98.3
43.29,10.23,11.28,0.76,25,98.3
44.37,10.22,11.27,0.77,25,98.2
45.45,10.16,11.22,0.74,25,98.2
46.54,10.17,11.23,0.74,25,98.1
47.62,10.19,11.25,0.77,25,98.1
48.7,10.18,11.24,0.78,25,98
49.78,10.18,11.24,0.77,25,98
50.87,10.2,11.26,0.74,25,98
51.95,10.19,11.25,0.74,25,97.9
53.03,10.2,11.26,0.73,25,97.9
54.11,10.2,11.26,0.77,25,97.8
55.2,10.22,11.27,0.76,25,97.8
56.28,10.18,11.24,0.76,25,97.7
57.36,10.16,11.22,0.73,25,97.7
58.44,10.18,11.24,0.75,25,97.6
59.52,10.2,11.26,0.75,25,97.6
60.6,10.2,11.26,0.76,25,97.6
61.69,10.16,11.22,0.75,25,97.5
62.77,10.18,11.24,0.77,25,97.5
63.85,10.16,11.22,0.77,25,97.4
64.93,10.16,11.22,0.74,25,97.4
66.02,10.17,11.23,0.74,25,97.3
67.1,10.21,11.27,0.76,25,97.3
68.18,10.15,11.22,0.73,25,97.2
69.26,10.18,11.24,0.74,25,97.2
70.35,10.19,11.25,0.75,25,97.2
71.43,10.17,11.23,0.76,25,97.1
72.51,10.2,11.26,0.75,25,97.1
73.59,10.18,11.24,0.74,25,97
74.68,10.16,11.22,0.74,25,97
75.75,10.13,11.2,0.74,25,96.9
76.84,10.17,11.23,0.74,25,96.9
77.92,10.14,11.21,0.73,25,96.8
79,10.21,11.27,0.75,25,96.8
80.08,10.19,11.25,0.75,25,96.8
81.17,10.16,11.22,0.74,25,96.7
82.25,10.16,11.22,0.75,25,96.7
83.33,10.16,11.22,0.74,25,96.6
84.41,10.2,11.26,0.73,25,96.6
85.5,10.15,11.22,0.76,25,96.5
86.58,10.16,11.22,0.73,25,96.5
87.66,10.18,11.24,0.75,25,96.4
88.74,10.15,11.22,0.74,25,96.4
89.83,10.18,11.24,0.74,25,96.4
90.91,10.14,11.21,0.74,25,96.3
91.99,10.15,11.22,0.76,25,96.3
93.07,10.16,11.22,0.77,25,96.2
94.16,10.15,11.22,0.77,25,96.2
95.24,10.17,11.23,0.76,25,96.1
96.32,10.14,11.21,0.73,25,96.1
97.4,10.16,11.22,0.77,25,96
98.49,10.15,11.22,0.77,25,96
99.57,10.16,11.22,0.75,25,96
100.65,10.15,11.22,0.77,25,95.9
101.73,10.13,11.2,0.77,25,95.9
102.81,10.13,11.2,0.74,25,95.8
103.89,10.14,11.21,0.75,25,95.8
104.98,10.16,11.22,0.73,25,95.7
106.06,10.14,11.21,0.76,25,95.7
107.14,10.13,11.2,0.74,25,95.6
108.22,10.15,11.22,0.76,25,95.6
109.31,10.16,11.22,0.75,25,95.6
110.39,10.13,11.2,0.75,25,95.5
111.47,10.12,11.19,0.75,25,95.5
112.55,10.14,11.21,0.75,25,95.4
113.64,10.14,11.21,0.79,25,95.4
114.72,10.14,11.21,0.75,25,95.3
115.8,10.15,11.22,0.77,25,95.3
116.88,10.14,11.21,0.78,25,95.2
117.96,10.14,11.21,0.76,25,95.2
119.05,10.14,11.21,0.75,25,95.2
120.13,10.14,11.21,0.76,25,95.1
121.21,10.13,11.2,0.76,25,95.1
122.29,10.14,11.21,0.78,25,95
123.38,10.15,11.22,0.74,25,95
124.46,10.13,11.2,0.77,25,94.9
125.54,10.14,11.21,0.77,25,94.9
126.62,10.12,11.19,0.73,25,94.8
127.7,10.14,11.21,0.75,25,94.8
128.79,10.15,11.22,0.76,25,94.8
129.87,10.11,11.18,0.76,25,94.7
130.95,10.13,11.2,0.72,25,94.7
132.04,10.16,11.22,0.73,25,94.6
133.12,10.15,11.22,0.78,25,94.6
134.2,10.11,11.18,0.74,25,94.5
135.28,10.12,11.19,0.76,25,94.5
136.36,10.13,11.2,0.77,25,94.4
137.45,10.16,11.22,0.76,25,94.4
138.53,10.12,11.19,0.75,25,94.4
139.61,10.13,11.2,0.72,25,94.3
140.69,10.12,11.19,0.76,25,94.3
141.78,10.15,11.22,0.78,25,94.2
142.86,10.12,11.19,0.75,25,94.2
143.94,10.11,11.18,0.74,25,94.1
145.02,10.14,11.21,0.74,25,94.1
146.11,10.12,11.19,0.77,25,94
147.19,10.11,11.18,0.76,25,94
148.27,10.11,11.18,0.75,25,94
149.35,10.13,11.2,0.74,25,93.9
150.43,10.11,11.18,0.71,25,93.9
151.52,10.13,11.2,0.73,25,93.8
152.6,10.12,11.19,0.73,25,93.8
153.68,10.13,11.2,0.76,25,93.7
154.76,10.11,11.18,0.77,25,93.7
155.84,10.1,11.17,0.75,25,93.6
156.93,10.13,11.2,0.75,25,93.6
158.01,10.11,11.18,0.74,25,93.6
159.09,10.13,11.2,0.75,25,93.5
160.17,10.1,11.17,0.75,25,93.5
161.26,10.1,11.17,0.74,25,93.4
162.34,10.11,11.18,0.75,25,93.4
163.42,10.11,11.18,0.73,25,93.3
164.5,10.1,11.17,0.75,25,93.3
165.59,10.1,11.17,0.76,25,93.2
166.67,10.12,11.19,0.74,25,93.2
167.75,10.12,11.19,0.74,25,93.2
168.83,10.09,11.17,0.77,25,93.1
169.91,10.11,11.18,0.77,25,93.1
171,10.1,11.17,0.77,25,93
172.08,10.1,11.17,0.71,25,93
173.16,10.12,11.19,0.77,25,92.9
174.24,10.1,11.17,0.76,25,92.9
175.32,10.09,11.17,0.73,25,92.8
176.41,10.12,11.19,0.73,25,92.8
177.49,10.12,11.19,0.75,25,92.8
178.57,10.09,11.17,0.74,25,92.7
179.65,10.11,11.18,0.76,25,92.7
180.74,10.1,11.17,0.76,25,92.6
181.82,10.1,11.17,0.79,25,92.6
182.9,10.09,11.17,0.74,25,92.5
183.98,10.11,11.18,0.76,25,92.5
185.07,10.12,11.19,0.75,25,92.4
186.15,10.09,11.17,0.76,25,92.4
187.23,10.11,11.18,0.77,25,92.4
188.31,10.11,11.18,0.75,25,92.3
189.4,10.11,11.18,0.74,25,92.3
190.48,10.1,11.17,0.76,25,92.2
191.56,10.09,11.17,0.76,25,92.2
192.64,10.1,11.17,0.75,25,92.1
193.72,10.1,11.17,0.75,25,92.1
194.8,10.11,11.18,0.75,25,92
195.89,10.11,11.18,0.75,25,92
196.97,10.11,11.18,0.76,25,92
198.05,10.12,11.19,0.74,25,91.9
199.13,10.1,11.17,0.76,25,91.9
200.22,10.1,11.17,0.74,25,91.8
201.3,10.09,11.17,0.74,25,91.8
202.38,10.11,11.18,0.76,25,91.7
203.46,10.1,11.17,0.75,25,91.7
204.55,10.11,11.18,0.74,25,91.6
205.63,10.12,11.19,0.76,25,91.6
206.71,10.1,11.17,0.76,25,91.6
207.79,10.1,11.17,0.77,25,91.5
208.88,10.1,11.17,0.75,25,91.5
209.96,10.09,11.17,0.76,25,91.4
211.04,10.1,11.17,0.76,25,91.4
212.12,10.11,11.18,0.74,25,91.3
213.2,10.09,11.17,0.74,25,91.3
214.28,10.09,11.17,0.74,25,91.2
215.37,10.1,11.17,0.75,25,91.2
216.45,10.1,11.17,0.77,25,91.2
217.53,10.08,11.16,0.74,25,91.1
218.61,10.12,11.19,0.75,25,91.1
219.7,10.1,11.17,0.76,25,91
220.78,10.09,11.17,0.77,25,91
221.86,10.11,11.18,0.77,25,90.9
222.94,10.1,11.17,0.75,25,90.9
224.03,10.12,11.19,0.76,25,90.8
225.11,10.07,11.15,0.76,25,90.8
226.19,10.09,11.17,0.77,25,90.8
227.27,10.09,11.17,0.76,25,90.7
228.36,10.11,11.18,0.75,25,90.7
229.44,10.1,11.17,0.76,25,90.6
230.52,10.08,11.16,0.78,25,90.6
231.6,10.08,11.16,0.77,25,90.5
232.68,10.1,11.17,0.76,25,90.5
233.76,10.08,11.16,0.75,25,90.4
234.85,10.08,11.16,0.76,25,90.4
235.93,10.08,11.16,0.74,25,90.4
237.01,10.08,11.16,0.74,25,90.3
238.09,10.11,11.18,0.77,25,90.3
239.18,10.09,11.17,0.75,25,90.2
240.26,10.08,11.16,0.76,25,90.2
241.34,10.09,11.17,0.76,25,90.1
242.42,10.1,11.17,0.74,25,90.1
243.51,10.1,11.17,0.75,25,90
244.59,10.08,11.16,0.75,25,90
245.67,10.07,11.15,0.75,25,90
246.75,10.09,11.17,0.74,25,89.9
247.84,10.08,11.16,0.75,25,89.9
248.91,10.07,11.15,0.77,25,89.8
250,10.06,11.14,0.73,25,89.8
251.08,10.1,11.17,0.73,25,89.7
252.16,10.11,11.18,0.76,25,89.7
253.25,10.07,11.15,0.78,25,89.6
254.33,10.09,11.17,0.75,25,89.6
255.41,10.09,11.17,0.73,25,89.6
256.49,10.09,11.17,0.72,25,89.5
257.57,10.1,11.17,0.77,25,89.5
258.66,10.09,11.17,0.76,25,89.4
259.74,10.08,11.16,0.74,25,89.4
260.82,10.08,11.16,0.76,25,89.3
261.9,10.11,11.18,0.75,25,89.3
262.99,10.1,11.17,0.73,25,89.2
264.07,10.11,11.18,0.76,25,89.2
265.15,10.08,11.16,0.75,25,89.2
266.23,10.07,11.15,0.75,25,89.1
267.32,10.08,11.16,0.75,25,89.1
268.4,10.1,11.17,0.74,25,89
269.48,10.08,11.16,0.74,25,89
270.56,10.07,11.15,0.75,25,88.9
271.64,10.07,11.15,0.76,25,88.9
272.73,10.1,11.17,0.75,25,88.8
273.81,10.07,11.15,0.74,25,88.8
274.89,10.06,11.14,0.75,25,88.8
275.97,10.09,11.17,0.76,25,88.7
277.05,10.09,11.17,0.76,25,88.7
278.14,10.09,11.17,0.76,25,88.6
279.22,10.08,11.16,0.76,25,88.6
280.3,10.07,11.15,0.75,25,88.5
281.38,10.08,11.16,0.75,25,88.5
282.47,10.07,11.15,0.77,25,88.4
283.55,10.07,11.15,0.77,25,88.4
284.63,10.07,11.15,0.78,25,88.4
285.71,10.07,11.15,0.75,25,88.3
286.8,10.08,11.16,0.76,25,88.3
287.88,10.08,11.16,0.75,25,88.2
288.96,10.1,11.17,0.72,25,88.2
290.04,10.06,11.14,0.79,25,88.1
291.13,10.09,11.17,0.72,25,88.1
292.21,10.07,11.15,0.75,25,88
293.29,10.06,11.14,0.76,25,88
294.37,10.05,11.13,0.77,25,88
295.46,10.06,11.14,0.74,25,87.9
296.54,10.06,11.14,0.77,25,87.9
297.62,10.07,11.15,0.76,25,87.8
298.7,10.06,11.14,0.75,25,87.8
299.79,10.04,11.12,0.75,25,87.7
300.87,10.08,11.16,0.77,25,87.7
301.95,10.06,11.14,0.77,25,87.6
303.03,10.05,11.13,0.79,25,87.6
304.11,10.07,11.15,0.75,25,87.6
305.2,10.09,11.17,0.77,25,87.5
306.28,10.07,11.15,0.76,25,87.5
307.36,10.06,11.14,0.77,25,87.4
308.45,10.07,11.15,0.75,25,87.4
309.52,10.09,11.17,0.75,25,87.3
310.61,10.06,11.14,0.75,25,87.3
311.69,10.07,11.15,0.74,25,87.2
312.77,10.06,11.14,0.76,25,87.2
313.85,10.06,11.14,0.75,25,87.2
314.94,10.08,11.16,0.74,25,87.1
316.02,10.05,11.13,0.74,25,87.1
317.1,10.07,11.15,0.74,25,87
318.18,10.07,11.15,0.75,25,87
319.27,10.08,11.16,0.73,25,86.9
320.35,10.04,11.12,0.73,25,86.9
321.43,10.07,11.15,0.74,25,86.8
322.51,10.06,11.14,0.72,25,86.8
323.6,10.06,11.14,0.74,25,86.8
324.68,10.07,11.15,0.75,25,86.7
325.76,10.07,11.15,0.75,25,86.7
326.84,10.09,11.17,0.75,25,86.6
327.92,10.1,11.17,0.75,25,86.6
329.01,10.1,11.17,0.76,25,86.5
330.09,10.08,11.16,0.75,25,86.5
331.17,10.06,11.14,0.77,25,86.4
332.26,10.06,11.14,0.74,25,86.4
333.33,10.06,11.14,0.73,25,86.4
334.42,10.08,11.16,0.75,25,86.3
335.5,10.05,11.13,0.78,25,86.3
336.58,10.05,11.13,0.76,25,86.2
337.66,10.07,11.15,0.74,25,86.2
338.75,10.03,11.12,0.77,25,86.1
339.83,10.07,11.15,0.77,25,86.1
340.91,10.06,11.14,0.76,25,86
341.99,10.07,11.15,0.76,25,86
343.08,10.05,11.13,0.74,25,86
344.16,10.03,11.12,0.75,25,85.9
345.24,10.06,11.14,0.77,25,85.9
346.32,10.09,11.17,0.75,25,85.8
347.41,10.05,11.13,0.74,25,85.8
348.49,10.04,11.12,0.75,25,85.7
349.57,10.05,11.13,0.75,25,85.7
350.65,10.06,11.14,0.72,25,85.6
351.73,10.07,11.15,0.74,25,85.6
352.82,10.07,11.15,0.74,25,85.6
353.9,10.07,11.15,0.74,25,85.5
354.98,10.08,11.16,0.74,25,85.5
356.06,10.05,11.13,0.73,25,85.4
357.14,10.05,11.13,0.75,25,85.4
358.23,10.05,11.13,0.77,25,85.3
359.31,10.07,11.15,0.76,25,85.3
360.39,10.06,11.14,0.73,25,85.2
361.47,10.04,11.12,0.77,25,85.2
362.56,10.06,11.14,0.73,25,85.2
363.64,10.04,11.12,0.77,25,85.1
364.72,10.04,11.12,0.73,25,85.1
365.8,10.06,11.14,0.73,25,85
366.88,10.08,11.16,0.73,25,85
367.97,10.05,11.13,0.73,25,84.9
369.05,10.02,11.11,0.74,25,84.9
370.13,10.07,11.15,0.75,25,84.8
371.21,10.06,11.14,0.74,25,84.8
372.29,10.05,11.13,0.74,25,84.8
373.38,10.03,11.12,0.73,25,84.7
374.46,10.07,11.15,0.73,25,84.7
375.54,10.04,11.12,0.76,25,84.6
376.62,10.03,11.12,0.74,25,84.6
377.71,10.04,11.12,0.74,25,84.5
378.79,10.04,11.12,0.77,25,84.5
379.87,10.03,11.12,0.77,25,84.4
380.95,10.04,11.12,0.75,25,84.4
382.04,10.03,11.12,0.74,25,84.4
383.12,10.04,11.12,0.75,25,84.3
384.2,10.03,11.12,0.76,25,84.3
385.28,10.02,11.11,0.72,25,84.2
386.36,10.03,11.12,0.73,25,84.2
387.45,10.03,11.12,0.72,25,84.1
388.53,10.04,11.12,0.72,25,84.1
389.61,10.01,11.1,0.74,25,84
390.69,10.02,11.11,0.71,25,84
391.77,10.05,11.13,0.74,25,84
392.86,10.07,11.15,0.73,25,83.9
393.94,10.02,11.11,0.74,25,83.9
395.02,10.02,11.11,0.75,25,83.8
396.1,10.01,11.1,0.73,25,83.8
397.19,10.01,11.1,0.76,25,83.7
398.27,10.03,11.12,0.73,25,83.7
399.35,10.02,11.11,0.72,25,83.6
400.43,10.04,11.12,0.73,25,83.6
401.52,10.02,11.11,0.74,25,83.6
402.6,10.01,11.1,0.73,25,83.5
403.68,10.02,11.11,0.74,25,83.5
404.76,10.06,11.14,0.73,25,83.4
405.84,10.06,11.14,0.75,25,83.4
406.92,10.05,11.13,0.74,25,83.3
408.01,10.06,11.14,0.75,25,83.3
409.09,10.03,11.12,0.74,25,83.2
410.17,10.03,11.12,0.74,25,83.2
411.26,10.03,11.12,0.74,25,83.2
412.34,10.08,11.16,0.77,25,83.1
413.42,9.99,11.08,0.75,25,83.1
414.5,10.02,11.11,0.73,25,83
415.58,10.02,11.11,0.73,25,83
416.67,10.01,11.1,0.74,25,82.9
417.75,10.03,11.12,0.78,25,82.9
418.83,9.97,11.07,0.78,25,82.8
419.91,10.04,11.12,0.73,25,82.8
421,10.01,11.1,0.75,25,82.8
422.08,10.04,11.12,0.71,25,82.7
423.16,10.02,11.11,0.74,25,82.7
424.24,10.01,11.1,0.76,25,82.6
425.33,10.03,11.12,0.73,25,82.6
426.41,10.02,11.11,0.72,25,82.5
427.49,10.05,11.13,0.74,25,82.5
428.57,10.03,11.12,0.76,25,82.4
429.66,10.02,11.11,0.73,25,82.4
430.74,10.01,11.1,0.72,25,82.4
431.82,10.03,11.12,0.72,25,82.3
432.9,10.05,11.13,0.73,25,82.3
433.98,10.02,11.11,0.75,25,82.2
435.06,10.01,11.1,0.74,25,82.2
436.15,10.01,11.1,0.74,25,82.1
437.23,10.05,11.13,0.72,25,82.1
438.31,10.02,11.11,0.7,25,82
439.39,10.05,11.13,0.71,25,82
440.48,10.05,11.13,0.72,25,82
441.56,10.05,11.13,0.76,25,81.9
442.64,10.04,11.12,0.73,25,81.9
443.72,10,11.09,0.74,25,81.8
444.81,10.03,11.12,0.74,25,81.8
445.89,9.97,11.07,0.75,25,81.7
446.97,10.04,11.12,0.77,25,81.7
448.05,10.03,11.12,0.7,25,81.6
449.14,9.97,11.07,0.79,25,81.6
450.22,10,11.09,0.72,25,81.6
451.3,10.01,11.1,0.7,25,81.5
452.38,10,11.09,0.74,25,81.5
453.47,9.98,11.07,0.7,25,81.4
454.55,9.99,11.08,0.72,25,81.4
455.63,10.01,11.1,0.73,25,81.3
456.71,10.01,11.1,0.72,25,81.3
457.79,9.97,11.07,0.73,25,81.2
458.87,9.98,11.07,0.74,25,81.2
459.96,10.05,11.13,0.71,25,81.2
461.04,10.05,11.13,0.73,25,81.1
462.12,10.04,11.12,0.73,25,81.1
463.2,10.03,11.12,0.74,25,81
464.29,10,11.09,0.73,25,81
465.37,10,11.09,0.75,25,80.9
466.45,10.02,11.11,0.7,25,80.9
467.53,10.02,11.11,0.71,25,80.8
468.62,10.01,11.1,0.77,25,80.8
469.7,10.02,11.11,0.75,25,80.8
470.78,10.03,11.12,0.77,25,80.7
471.86,10.04,11.12,0.78,25,80.7
472.95,10.02,11.11,0.76,25,80.6
474.03,10.01,11.1,0.75,25,80.6
475.11,10.05,11.13,0.74,25,80.5
476.19,9.99,11.08,0.78,25,80.5
477.28,10.02,11.11,0.75,25,80.4
478.36,9.99,11.08,0.77,25,80.4
479.44,10.01,11.1,0.76,25,80.4
480.52,10.04,11.12,0.68,25,80.3
481.61,10.02,11.11,0.73,25,80.3
482.69,10.01,11.1,0.74,25,80.2
483.77,10.04,11.12,0.75,25,80.2
484.85,10.03,11.12,0.76,25,80.1
485.94,10.01,11.1,0.73,25,80.1
487.02,10.01,11.1,0.72,25,80
488.1,9.99,11.08,0.74,25,80
489.18,10.03,11.12,0.73,25,80
490.26,10.03,11.12,0.74,25,79.9
491.35,10.05,11.13,0.72,25,79.9
492.43,10.02,11.11,0.75,25,79.8
493.51,10,11.09,0.72,25,79.8
494.59,10.02,11.11,0.73,25,79.7
495.67,9.98,11.07,0.74,25,79.7
496.76,10.04,11.12,0.79,25,79.6
497.84,9.99,11.08,0.73,25,79.6
498.92,10.01,11.1,0.73,25,79.6
500,10.01,11.1,0.76,25,79.5
501.09,10.01,11.1,0.75,25,79.5
502.17,9.97,11.07,0.73,25,79.4
503.25,9.99,11.08,0.76,25,79.4
504.33,10.05,11.13,0.78,25,79.3
505.42,10.01,11.1,0.78,25,79.3
506.5,10.03,11.12,0.76,25,79.2
507.58,10.01,11.1,0.76,25,79.2
508.66,10.01,11.1,0.74,25,79.2
509.74,10,11.09,0.72,25,79.1
510.83,10.02,11.11,0.74,25,79.1
511.91,9.96,11.06,0.8,25,79
512.99,9.98,11.07,0.73,25,79
514.07,10.03,11.12,0.74,25,78.9
515.15,10.06,11.14,0.72,25,78.9
516.24,10.02,11.11,0.74,25,78.8
517.32,10.01,11.1,0.75,25,78.8
518.4,9.98,11.07,0.7,25,78.8
519.48,10,11.09,0.74,25,78.7
520.57,10.03,11.12,0.78,25,78.7
521.65,10.04,11.12,0.76,25,78.6
522.73,9.97,11.07,0.76,25,78.6
523.81,9.99,11.08,0.74,25,78.5
524.9,9.97,11.07,0.72,25,78.5
525.97,9.97,11.07,0.73,25,78.4
527.06,9.99,11.08,0.73,25,78.4
528.14,10.01,11.1,0.77,25,78.4
529.22,9.98,11.07,0.73,25,78.3
530.31,10.02,11.11,0.72,25,78.3
531.39,10,11.09,0.77,25,78.2
532.47,9.95,11.05,0.75,25,78.2
533.55,10,11.09,0.75,25,78.1
534.63,10.01,11.1,0.74,25,78.1
535.72,10.02,11.11,0.73,25,78
536.8,10.02,11.11,0.73,25,78
537.88,9.99,11.08,0.72,25,78
538.96,9.96,11.06,0.77,25,77.9
540.05,9.95,11.05,0.72,25,77.9
541.13,9.97,11.07,0.76,25,77.8
542.21,10.01,11.1,0.73,25,77.8
543.29,10,11.09,0.73,25,77.7
544.38,9.97,11.07,0.75,25,77.7
545.46,9.96,11.06,0.71,25,77.6
546.54,10,11.09,0.76,25,77.6
547.62,10.01,11.1,0.7,25,77.6
548.71,9.96,11.06,0.76,25,77.5
549.78,9.99,11.08,0.75,25,77.5
550.87,9.95,11.05,0.73,25,77.4
551.95,9.97,11.07,0.71,25,77.4
553.03,9.98,11.07,0.71,25,77.3
554.11,10,11.09,0.75,25,77.3
555.2,10,11.09,0.74,25,77.2
556.28,10.01,11.1,0.72,25,77.2
557.36,9.98,11.07,0.74,25,77.2
558.44,9.98,11.07,0.71,25,77.1
559.53,9.95,11.05,0.75,25,77.1
560.61,10,11.09,0.73,25,77
561.69,9.99,11.08,0.75,25,77
562.77,10.01,11.1,0.76,25,76.9
563.86,10,11.09,0.76,25,76.9
564.94,10.01,11.1,0.75,25,76.8
566.02,10,11.09,0.76,25,76.8
567.1,9.99,11.08,0.76,25,76.8
568.19,10,11.09,0.74,25,76.7
569.27,10,11.09,0.7,25,76.7
570.35,10,11.09,0.73,25,76.6
571.43,9.98,11.07,0.71,25,76.6
572.51,9.98,11.07,0.7,25,76.5
573.59,9.98,11.07,0.7,25,76.5
574.68,10.01,11.1,0.71,25,76.4
575.76,10.01,11.1,0.71,25,76.4
576.84,9.99,11.08,0.73,25,76.4
577.92,9.99,11.08,0.73,25,76.3
579.01,10,11.09,0.73,25,76.3
580.09,9.98,11.07,0.75,25,76.2
581.17,10,11.09,0.76,25,76.2
582.25,9.98,11.07,0.77,25,76.1
583.34,9.97,11.07,0.74,25,76.1
584.42,9.92,11.03,0.73,25,76
585.5,9.97,11.07,0.71,25,76
586.58,10,11.09,0.72,25,76
587.67,9.99,11.08,0.73,25,75.9
588.75,9.99,11.08,0.76,25,75.9
589.83,10.01,11.1,0.74,25,75.8
590.91,9.93,11.03,0.74,25,75.8
592,9.94,11.04,0.74,25,75.7
593.08,10,11.09,0.72,25,75.7
594.16,9.98,11.07,0.72,25,75.6
595.24,10.01,11.1,0.78,25,75.6
596.32,9.98,11.07,0.74,25,75.6
597.4,9.95,11.05,0.73,25,75.5
598.49,9.94,11.04,0.72,25,75.5
599.57,10.02,11.11,0.7,25,75.4
600.65,9.98,11.07,0.75,25,75.4
601.73,9.93,11.03,0.73,25,75.3
602.82,9.98,11.07,0.72,25,75.3
603.9,10.01,11.1,0.72,25,75.2
604.98,9.99,11.08,0.77,25,75.2
606.06,9.98,11.07,0.74,25,75.2
607.15,9.98,11.07,0.74,25,75.1
608.23,9.96,11.06,0.73,25,75.1
609.31,9.97,11.07,0.74,25,75
610.39,9.99,11.08,0.73,25,75
611.47,9.99,11.08,0.73,25,74.9
612.55,9.97,11.07,0.75,25,74.9
613.64,9.97,11.07,0.77,25,74.8
614.72,9.96,11.06,0.76,25,74.8
615.8,9.96,11.06,0.76,25,74.8
616.89,9.97,11.07,0.76,25,74.7
617.97,9.97,11.07,0.74,25,74.7
619.05,9.98,11.07,0.77,25,74.6
620.13,9.97,11.07,0.77,25,74.6
621.21,9.95,11.05,0.75,25,74.5
622.3,9.99,11.08,0.77,25,74.5
623.38,9.97,11.07,0.78,25,74.4
624.46,9.99,11.08,0.75,25,74.4
625.54,9.97,11.07,0.7,25,74.4
626.63,9.99,11.08,0.76,25,74.3
627.71,9.99,11.08,0.73,25,74.3
628.79,9.97,11.07,0.77,25,74.2
629.87,9.93,11.03,0.73,25,74.2
630.96,9.96,11.06,0.73,25,74.1
632.04,9.99,11.08,0.71,25,74.1
633.12,9.96,11.06,0.71,25,74
634.2,10,11.09,0.75,25,74
635.28,9.99,11.08,0.76,25,74
636.37,9.96,11.06,0.73,25,73.9
637.45,9.97,11.07,0.77,25,73.9
638.53,9.99,11.08,0.74,25,73.8
639.61,9.98,11.07,0.75,25,73.8
640.7,9.98,11.07,0.73,25,73.7
641.78,9.98,11.07,0.74,25,73.7
642.86,9.97,11.07,0.75,25,73.6
643.94,9.98,11.07,0.76,25,73.6
645.02,9.98,11.07,0.76,25,73.6
646.11,9.94,11.04,0.75,25,73.5
647.19,9.98,11.07,0.73,25,73.5
648.27,9.98,11.07,0.73,25,73.4
649.35,9.99,11.08,0.73,25,73.4
650.44,9.98,11.07,0.75,25,73.3
651.52,9.94,11.04,0.76,25,73.3
652.6,9.96,11.06,0.74,25,73.2
653.68,9.97,11.07,0.74,25,73.2
654.77,9.95,11.05,0.74,25,73.2
655.84,9.98,11.07,0.76,25,73.1
656.93,9.94,11.04,0.77,25,73.1
658.01,9.96,11.06,0.73,25,73
659.09,9.93,11.03,0.75,25,73
660.17,9.97,11.07,0.74,25,72.9
661.26,9.97,11.07,0.75,25,72.9
662.34,9.96,11.06,0.76,25,72.8
663.42,9.96,11.06,0.78,25,72.8
664.5,9.94,11.04,0.75,25,72.8
665.59,9.98,11.07,0.76,25,72.7
666.67,9.95,11.05,0.74,25,72.7
667.75,9.97,11.07,0.77,25,72.6
668.83,9.95,11.05,0.73,25,72.6
669.92,9.95,11.05,0.73,25,72.5
671,9.95,11.05,0.75,25,72.5
672.08,9.97,11.07,0.79,25,72.4
673.16,9.98,11.07,0.76,25,72.4
674.24,9.94,11.04,0.76,25,72.4
675.32,10.01,11.1,0.76,25,72.3
676.41,9.93,11.03,0.76,25,72.3
677.49,9.93,11.03,0.76,25,72.2
678.57,9.91,11.02,0.75,25,72.2
679.66,9.94,11.04,0.74,25,72.1
680.74,9.96,11.06,0.75,25,72.1
681.82,9.94,11.04,0.75,25,72
682.9,9.94,11.04,0.74,25,72
683.98,9.96,11.06,0.79,25,72
685.07,9.96,11.06,0.78,25,71.9
686.15,9.94,11.04,0.76,25,71.9
687.23,9.95,11.05,0.77,25,71.8
688.31,9.96,11.06,0.74,25,71.8
689.4,9.97,11.07,0.75,25,71.7
690.48,9.96,11.06,0.76,25,71.7
691.56,9.95,11.05,0.75,25,71.6
692.64,9.95,11.05,0.75,25,71.6
693.72,9.92,11.03,0.77,25,71.6
694.8,9.96,11.06,0.76,25,71.5
695.89,9.96,11.06,0.77,25,71.5
696.97,9.96,11.06,0.76,25,71.4
698.05,9.98,11.07,0.75,25,71.4
699.13,9.92,11.03,0.75,25,71.3
700.22,9.97,11.07,0.75,25,71.3
701.3,9.96,11.06,0.74,25,71.2
702.38,9.92,11.03,0.73,25,71.2
703.46,9.91,11.02,0.72,25,71.2
704.55,9.92,11.03,0.72,25,71.1
705.63,9.95,11.05,0.75,25,71.1
706.71,9.95,11.05,0.74,25,71
707.79,9.94,11.04,0.74,25,71
708.88,9.95,11.05,0.78,25,70.9
709.96,9.95,11.05,0.77,25,70.9
711.04,9.95,11.05,0.75,25,70.8
712.12,9.95,11.05,0.74,25,70.8
713.21,9.94,11.04,0.77,25,70.8
714.29,9.95,11.05,0.75,25,70.7
715.37,9.95,11.05,0.74,25,70.7
716.45,9.96,11.06,0.74,25,70.6
717.53,9.94,11.04,0.76,25,70.6
718.61,9.94,11.04,0.75,25,70.5
719.7,9.93,11.03,0.76,25,70.5
720.78,9.97,11.07,0.74,25,70.4
721.86,9.96,11.06,0.74,25,70.4
722.95,9.96,11.06,0.77,25,70.4
724.03,9.97,11.07,0.78,25,70.3
725.11,9.9,11.01,0.72,25,70.3
726.19,9.93,11.03,0.77,25,70.2
727.27,9.92,11.03,0.78,25,70.2
728.36,9.9,11.01,0.74,25,70.1
729.44,9.96,11.06,0.74,25,70.1
730.52,9.93,11.03,0.74,25,70
731.6,9.94,11.04,0.75,25,70
732.69,9.94,11.04,0.77,25,70
733.77,9.92,11.03,0.74,25,69.9
734.85,9.9,11.01,0.75,25,69.9
735.93,9.92,11.03,0.79,25,69.8
737.01,9.91,11.02,0.73,25,69.8
738.09,9.9,11.01,0.74,25,69.7
739.18,9.93,11.03,0.74,25,69.7
740.26,9.98,11.07,0.76,25,69.6
741.34,9.93,11.03,0.76,25,69.6
742.42,9.92,11.03,0.76,25,69.6
743.51,9.95,11.05,0.75,25,69.5
744.59,9.93,11.03,0.76,25,69.5
745.67,9.91,11.02,0.74,25,69.4
746.75,9.97,11.07,0.73,25,69.4
747.84,9.94,11.04,0.74,25,69.3
748.92,9.94,11.04,0.74,25,69.3
750,9.97,11.07,0.75,25,69.2
751.08,9.91,11.02,0.77,25,69.2
752.16,9.92,11.03,0.77,25,69.2
753.25,9.93,11.03,0.75,25,69.1
754.33,9.94,11.04,0.76,25,69.1
755.41,9.95,11.05,0.74,25,69
756.49,9.93,11.03,0.76,25,69
757.57,9.92,11.03,0.72,25,68.9
758.66,9.93,11.03,0.78,25,68.9
759.74,9.96,11.06,0.78,25,68.8
760.82,9.92,11.03,0.77,25,68.8
761.9,9.93,11.03,0.76,25,68.8
762.99,9.91,11.02,0.76,25,68.7
764.07,9.9,11.01,0.77,25,68.7
765.15,9.91,11.02,0.75,25,68.6
766.23,9.93,11.03,0.76,25,68.6
767.32,9.94,11.04,0.77,25,68.5
768.4,9.91,11.02,0.77,25,68.5
769.48,9.9,11.01,0.76,25,68.4
770.56,9.95,11.05,0.73,25,68.4
771.64,9.89,11,0.77,25,68.4
772.72,9.88,10.99,0.74,25,68.3
773.81,9.92,11.03,0.72,25,68.3
774.89,9.93,11.03,0.75,25,68.2
775.97,9.95,11.05,0.76,25,68.2
777.05,9.95,11.05,0.75,25,68.1
778.14,9.9,11.01,0.77,25,68.1
779.22,9.93,11.03,0.75,25,68
780.3,9.92,11.03,0.75,25,68
781.38,9.9,11.01,0.77,25,68
782.47,9.92,11.03,0.75,25,67.9
783.55,9.94,11.04,0.77,25,67.9
784.63,9.92,11.03,0.76,25,67.8
785.71,9.9,11.01,0.76,25,67.8
786.79,9.94,11.04,0.75,25,67.7
787.88,9.91,11.02,0.77,25,67.7
788.96,9.92,11.03,0.76,25,67.6
790.04,9.96,11.06,0.77,25,67.6
791.12,9.9,11.01,0.77,25,67.6
792.21,9.91,11.02,0.76,25,67.5
793.29,9.91,11.02,0.75,25,67.5
794.37,9.92,11.03,0.74,25,67.4
795.45,9.96,11.06,0.75,25,67.4
796.53,9.93,11.03,0.76,25,67.3
797.62,9.92,11.03,0.76,25,67.3
798.7,9.92,11.03,0.75,25,67.2
799.78,9.92,11.03,0.76,25,67.2
800.86,9.88,10.99,0.74,25,67.2
801.95,9.91,11.02,0.75,25,67.1
803.03,9.91,11.02,0.75,25,67.1
804.11,9.95,11.05,0.73,25,67
805.19,9.92,11.03,0.75,25,67
806.28,9.93,11.03,0.74,25,66.9
807.36,9.91,11.02,0.75,25,66.9
808.44,9.92,11.03,0.77,25,66.8
809.52,9.93,11.03,0.75,25,66.8
810.6,9.94,11.04,0.77,25,66.8
811.69,9.91,11.02,0.75,25,66.7
812.77,9.96,11.06,0.76,25,66.7
813.85,9.95,11.05,0.73,25,66.6
814.94,9.94,11.04,0.75,25,66.6
816.02,9.91,11.02,0.79,25,66.5
817.1,9.9,11.01,0.74,25,66.5
818.18,9.95,11.05,0.73,25,66.4
819.26,9.91,11.02,0.75,25,66.4
820.34,9.91,11.02,0.73,25,66.4
821.43,9.85,10.97,0.71,25,66.3
822.51,9.92,11.03,0.73,25,66.3
823.59,9.95,11.05,0.75,25,66.2
824.67,9.9,11.01,0.73,25,66.2
825.76,9.93,11.03,0.74,25,66.1
826.84,9.93,11.03,0.73,25,66.1
827.92,9.93,11.03,0.72,25,66
829,9.92,11.03,0.76,25,66
830.09,9.9,11.01,0.74,25,66
831.16,9.88,10.99,0.74,25,65.9
832.25,9.91,11.02,0.75,25,65.9
833.33,9.9,11.01,0.72,25,65.8
834.41,9.91,11.02,0.75,25,65.8
835.49,9.91,11.02,0.73,25,65.7
836.58,9.92,11.03,0.71,25,65.7
837.66,9.91,11.02,0.71,25,65.6
838.74,9.92,11.03,0.73,25,65.6
839.82,9.92,11.03,0.77,25,65.6
840.91,9.91,11.02,0.76,25,65.5
841.99,9.89,11,0.73,25,65.5
843.07,9.95,11.05,0.76,25,65.4
844.15,9.91,11.02,0.7,25,65.4
845.24,9.86,10.98,0.71,25,65.3
846.32,9.91,11.02,0.72,25,65.3
847.4,9.89,11,0.71,25,65.2
848.48,9.89,11,0.75,25,65.2
849.57,9.85,10.97,0.74,25,65.2
850.65,9.88,10.99,0.72,25,65.1
851.73,9.9,11.01,0.73,25,65.1
852.81,9.94,11.04,0.74,25,65
853.9,9.9,11.01,0.73,25,65
854.98,9.88,10.99,0.73,25,64.9
856.06,9.89,11,0.75,25,64.9
857.14,9.93,11.03,0.75,25,64.8
858.22,9.88,10.99,0.75,25,64.8
859.3,9.91,11.02,0.75,25,64.8
860.39,9.9,11.01,0.74,25,64.7
861.47,9.87,10.98,0.73,25,64.7
862.55,9.86,10.98,0.71,25,64.6
863.63,9.95,11.05,0.75,25,64.6
864.72,9.9,11.01,0.73,25,64.5
865.8,9.89,11,0.74,25,64.5
866.88,9.9,11.01,0.75,25,64.4
867.96,9.91,11.02,0.74,25,64.4
869.05,9.87,10.98,0.72,25,64.4
870.13,9.9,11.01,0.72,25,64.3
871.21,9.92,11.03,0.73,25,64.3
872.29,9.86,10.98,0.72,25,64.2
873.37,9.87,10.98,0.73,25,64.2
874.46,9.89,11,0.74,25,64.1
875.54,9.9,11.01,0.73,25,64.1
876.62,9.88,10.99,0.73,25,64
877.7,9.88,10.99,0.73,25,64
878.78,9.9,11.01,0.73,25,64
879.87,9.92,11.03,0.75,25,63.9
880.95,9.9,11.01,0.75,25,63.9
882.03,9.88,10.99,0.76,25,63.8
883.11,9.86,10.98,0.73,25,63.8
884.2,9.88,10.99,0.73,25,63.7
885.28,9.86,10.98,0.75,25,63.7
886.36,9.88,10.99,0.75,25,63.6
887.44,9.86,10.98,0.75,25,63.6
888.53,9.86,10.98,0.74,25,63.6
889.61,9.87,10.98,0.73,25,63.5
890.69,9.88,10.99,0.71,25,63.5
891.77,9.88,10.99,0.72,25,63.4
892.85,9.89,11,0.73,25,63.4
893.94,9.88,10.99,0.73,25,63.3
895.02,9.9,11.01,0.74,25,63.3
896.1,9.88,10.99,0.75,25,63.2
897.18,9.89,11,0.74,25,63.2
898.27,9.91,11.02,0.72,25,63.2
899.35,9.92,11.03,0.75,25,63.1
900.43,9.9,11.01,0.75,25,63.1
901.51,9.9,11.01,0.74,25,63
902.59,9.89,11,0.73,25,63
903.68,9.87,10.98,0.74,25,62.9
904.76,9.85,10.97,0.73,25,62.9
905.84,9.86,10.98,0.74,25,62.8
906.92,9.86,10.98,0.72,25,62.8
908.01,9.9,11.01,0.73,25,62.8
909.09,9.86,10.98,0.75,25,62.7
910.17,9.89,11,0.74,25,62.7
911.25,9.88,10.99,0.75,25,62.6
912.34,9.86,10.98,0.74,25,62.6
913.42,9.88,10.99,0.72,25,62.5
914.5,9.87,10.98,0.72,25,62.5
915.58,9.85,10.97,0.72,25,62.4
916.66,9.86,10.98,0.73,25,62.4
917.74,9.86,10.98,0.74,25,62.4
918.83,9.87,10.98,0.74,25,62.3
919.91,9.84,10.96,0.71,25,62.3
920.99,9.84,10.96,0.72,25,62.2
922.07,9.85,10.97,0.76,25,62.2
923.16,9.88,10.99,0.74,25,62.1
924.23,9.87,10.98,0.73,25,62.1
925.32,9.87,10.98,0.73,25,62
926.4,9.87,10.98,0.76,25,62
927.48,9.88,10.99,0.74,25,62
928.57,9.89,11,0.72,25,61.9
929.65,9.88,10.99,0.74,25,61.9
930.73,9.86,10.98,0.75,25,61.8
931.81,9.88,10.99,0.76,25,61.8
932.89,9.86,10.98,0.75,25,61.7
933.98,9.86,10.98,0.74,25,61.7
935.06,9.83,10.95,0.73,25,61.6
936.14,9.87,10.98,0.73,25,61.6
937.22,9.9,11.01,0.74,25,61.6
938.31,9.87,10.98,0.73,25,61.5
939.39,9.87,10.98,0.76,25,61.5
940.47,9.91,11.02,0.75,25,61.4
941.55,9.87,10.98,0.76,25,61.4
942.63,9.84,10.96,0.74,25,61.3
943.71,9.84,10.96,0.74,25,61.3
944.8,9.87,10.98,0.74,25,61.2
945.88,9.84,10.96,0.73,25,61.2
946.96,9.86,10.98,0.75,25,61.2
948.04,9.85,10.97,0.73,25,61.1
949.13,9.85,10.97,0.74,25,61.1
950.21,9.86,10.98,0.73,25,61
951.29,9.85,10.97,0.71,25,61
952.37,9.87,10.98,0.74,25,60.9
953.46,9.87,10.98,0.72,25,60.9
954.54,9.83,10.95,0.74,25,60.8
955.62,9.83,10.95,0.76,25,60.8
956.7,9.87,10.98,0.72,25,60.8
957.78,9.87,10.98,0.74,25,60.7
958.86,9.88,10.99,0.72,25,60.7
959.95,9.88,10.99,0.74,25,60.6
961.03,9.87,10.98,0.74,25,60.6
962.11,9.85,10.97,0.74,25,60.5
963.2,9.85,10.97,0.75,25,60.5
964.28,9.83,10.95,0.73,25,60.4
965.36,9.85,10.97,0.73,25,60.4
966.44,9.85,10.97,0.73,25,60.4
967.52,9.85,10.97,0.76,25,60.3
968.61,9.85,10.97,0.75,25,60.3
969.69,9.91,11.02,0.74,25,60.2
970.77,9.84,10.96,0.72,25,60.2
971.85,9.81,10.93,0.75,25,60.1
972.94,9.83,10.95,0.73,25,60.1
974.02,9.84,10.96,0.71,25,60
975.1,9.85,10.97,0.72,25,60
976.18,9.87,10.98,0.71,25,60
977.27,9.86,10.98,0.73,25,59.9
978.34,9.84,10.96,0.73,25,59.9
979.43,9.84,10.96,0.72,25,59.8
980.51,9.86,10.98,0.73,25,59.8
981.59,9.87,10.98,0.72,25,59.7
982.67,9.86,10.98,0.74,25,59.7
983.76,9.85,10.97,0.74,25,59.6
984.84,9.85,10.97,0.75,25,59.6
985.92,9.84,10.96,0.72,25,59.6
987,9.85,10.97,0.73,25,59.5
988.09,9.88,10.99,0.73,25,59.5
989.17,9.85,10.97,0.73,25,59.4
990.25,9.86,10.98,0.73,25,59.4
991.33,9.82,10.94,0.74,25,59.3
992.42,9.86,10.98,0.74,25,59.3
993.5,9.83,10.95,0.73,25,59.2
994.58,9.83,10.95,0.74,25,59.2
995.66,9.84,10.96,0.74,25,59.2
996.75,9.86,10.98,0.73,25,59.1
997.83,9.85,10.97,0.73,25,59.1
998.91,9.85,10.97,0.74,25,59
999.99,9.86,10.98,0.73,25,59
1001.07,9.86,10.98,0.76,25,58.9
1002.16,9.84,10.96,0.75,25,58.9
1003.24,9.85,10.97,0.76,25,58.8
1004.32,9.86,10.98,0.74,25,58.8
1005.4,9.9,11.01,0.73,25,58.8
1006.48,9.86,10.98,0.73,25,58.7
1007.57,9.86,10.98,0.74,25,58.7
1008.65,9.83,10.95,0.74,25,58.6
1009.73,9.81,10.93,0.73,25,58.6
1010.81,9.85,10.97,0.72,25,58.5
1011.9,9.83,10.95,0.74,25,58.5
1012.98,9.87,10.98,0.75,25,58.4
1014.06,9.85,10.97,0.76,25,58.4
1015.14,9.81,10.93,0.76,25,58.4
1016.23,9.85,10.97,0.75,25,58.3
1017.31,9.83,10.95,0.73,25,58.3
1018.39,9.84,10.96,0.73,25,58.2
1019.47,9.86,10.98,0.73,25,58.2
1020.56,9.83,10.95,0.72,25,58.1
1021.64,9.83,10.95,0.74,25,58.1
1022.72,9.84,10.96,0.72,25,58
1023.8,9.84,10.96,0.73,25,58
1024.88,9.86,10.98,0.74,25,58
1025.97,9.84,10.96,0.71,25,57.9
1027.05,9.84,10.96,0.72,25,57.9
1028.13,9.86,10.98,0.74,25,57.8
1029.21,9.84,10.96,0.72,25,57.8
1030.29,9.86,10.98,0.76,25,57.7
1031.38,9.84,10.96,0.74,25,57.7
1032.46,9.84,10.96,0.74,25,57.6
1033.54,9.85,10.97,0.73,25,57.6
1034.62,9.83,10.95,0.71,25,57.6
1035.71,9.87,10.98,0.7,25,57.5
1036.79,9.85,10.97,0.73,25,57.5
1037.87,9.82,10.94,0.74,25,57.4
1038.95,9.86,10.98,0.73,25,57.4
1040.04,9.84,10.96,0.7,25,57.3
1041.12,9.83,10.95,0.73,25,57.3
1042.2,9.86,10.98,0.73,25,57.2
1043.28,9.82,10.94,0.71,25,57.2
1044.36,9.83,10.95,0.71,25,57.2
1045.44,9.84,10.96,0.72,25,57.1
1046.53,9.81,10.93,0.71,25,57.1
1047.61,9.84,10.96,0.72,25,57
1048.69,9.83,10.95,0.73,25,57
1049.78,9.83,10.95,0.73,25,56.9
1050.86,9.84,10.96,0.74,25,56.9
1051.94,9.82,10.94,0.73,25,56.8
1053.02,9.84,10.96,0.74,25,56.8
1054.1,9.85,10.97,0.73,25,56.8
1055.19,9.83,10.95,0.75,25,56.7
1056.27,9.85,10.97,0.74,25,56.7
1057.35,9.83,10.95,0.75,25,56.6
1058.43,9.84,10.96,0.71,25,56.6
1059.52,9.83,10.95,0.73,25,56.5
1060.59,9.83,10.95,0.74,25,56.5
1061.68,9.84,10.96,0.74,25,56.4
1062.76,9.83,10.95,0.74,25,56.4
1063.84,9.84,10.96,0.74,25,56.4
1064.93,9.81,10.93,0.74,25,56.3
1066.01,9.81,10.93,0.74,25,56.3
1067.09,9.81,10.93,0.73,25,56.2
1068.17,9.83,10.95,0.73,25,56.2
1069.25,9.85,10.97,0.74,25,56.1
1070.34,9.86,10.98,0.73,25,56.1
1071.42,9.81,10.93,0.73,25,56
1072.5,9.82,10.94,0.72,25,56
1073.58,9.84,10.96,0.73,25,56
1074.67,9.82,10.94,0.72,25,55.9
1075.75,9.83,10.95,0.72,25,55.9
1076.83,9.8,10.93,0.73,25,55.8
1077.91,9.85,10.97,0.73,25,55.8
1079,9.77,10.9,0.75,25,55.7
1080.08,9.83,10.95,0.73,25,55.7
1081.16,9.82,10.94,0.74,25,55.6
1082.24,9.85,10.97,0.75,25,55.6
1083.32,9.83,10.95,0.76,25,55.6
1084.41,9.82,10.94,0.71,25,55.5
1085.49,9.8,10.93,0.72,25,55.5
1086.57,9.8,10.93,0.72,25,55.4
1087.65,9.79,10.92,0.73,25,55.4
1088.73,9.85,10.97,0.73,25,55.3
1089.82,9.78,10.91,0.72,25,55.3
1090.9,9.85,10.97,0.76,25,55.2
1091.98,9.84,10.96,0.74,25,55.2
1093.06,9.84,10.96,0.73,25,55.2
1094.15,9.8,10.93,0.73,25,55.1
1095.23,9.82,10.94,0.76,25,55.1
1096.31,9.81,10.93,0.74,25,55
1097.39,9.85,10.97,0.73,25,55
1098.47,9.81,10.93,0.73,25,54.9
1099.56,9.81,10.93,0.72,25,54.9
1100.64,9.82,10.94,0.71,25,54.8
1101.72,9.81,10.93,0.73,25,54.8
1102.8,9.8,10.93,0.73,25,54.8
1103.89,9.86,10.98,0.74,25,54.7
1104.97,9.8,10.93,0.73,25,54.7
1106.05,9.81,10.93,0.74,25,54.6
1107.13,9.84,10.96,0.73,25,54.6
1108.21,9.84,10.96,0.72,25,54.5
1109.3,9.82,10.94,0.71,25,54.5
1110.38,9.82,10.94,0.73,25,54.4
1111.46,9.83,10.95,0.74,25,54.4
1112.54,9.82,10.94,0.72,25,54.4
1113.63,9.84,10.96,0.73,25,54.3
1114.71,9.86,10.98,0.73,25,54.3
1115.79,9.78,10.91,0.73,25,54.2
1116.87,9.79,10.92,0.73,25,54.2
1117.96,9.81,10.93,0.72,25,54.1
1119.04,9.8,10.93,0.74,25,54.1
1120.12,9.79,10.92,0.73,25,54
1121.2,9.81,10.93,0.73,25,54
1122.29,9.81,10.93,0.73,25,54
1123.36,9.84,10.96,0.73,25,53.9
1124.45,9.81,10.93,0.73,25,53.9
1125.53,9.8,10.93,0.73,25,53.8
1126.61,9.81,10.93,0.74,25,53.8
1127.69,9.8,10.93,0.74,25,53.7
1128.78,9.77,10.9,0.72,25,53.7
1129.86,9.85,10.97,0.73,25,53.6
1130.94,9.82,10.94,0.76,25,53.6
1132.02,9.81,10.93,0.72,25,53.6
1133.11,9.84,10.96,0.74,25,53.5
1134.19,9.81,10.93,0.74,25,53.5
1135.27,9.81,10.93,0.72,25,53.4
1136.35,9.81,10.93,0.74,25,53.4
1137.44,9.79,10.92,0.73,25,53.3
1138.52,9.82,10.94,0.73,25,53.3
1139.6,9.81,10.93,0.77,25,53.2
1140.68,9.83,10.95,0.74,25,53.2
1141.77,9.79,10.92,0.75,25,53.2
1142.84,9.81,10.93,0.77,25,53.1
1143.93,9.79,10.92,0.75,25,53.1
1145.01,9.81,10.93,0.72,25,53
1146.09,9.8,10.93,0.71,25,53
1147.18,9.81,10.93,0.73,25,52.9
1148.26,9.82,10.94,0.73,25,52.9
1149.34,9.82,10.94,0.74,25,52.8
1150.42,9.79,10.92,0.74,25,52.8
1151.5,9.79,10.92,0.73,25,52.8
1152.59,9.79,10.92,0.73,25,52.7
1153.67,9.79,10.92,0.74,25,52.7
1154.75,9.79,10.92,0.73,25,52.6
1155.83,9.8,10.93,0.73,25,52.6
1156.92,9.78,10.91,0.74,25,52.5
1158,9.77,10.9,0.73,25,52.5
1159.08,9.79,10.92,0.78,25,52.4
1160.16,9.79,10.92,0.75,25,52.4
1161.25,9.77,10.9,0.73,25,52.4
1162.33,9.77,10.9,0.73,25,52.3
1163.41,9.78,10.91,0.74,25,52.3
1164.49,9.81,10.93,0.76,25,52.2
1165.57,9.81,10.93,0.78,25,52.2
1166.66,9.77,10.9,0.76,25,52.1
1167.74,9.78,10.91,0.74,25,52.1
1168.82,9.8,10.93,0.72,25,52
1169.9,9.83,10.95,0.74,25,52
1170.98,9.81,10.93,0.75,25,52
1172.07,9.79,10.92,0.73,25,51.9
1173.15,9.78,10.91,0.75,25,51.9
1174.23,9.77,10.9,0.74,25,51.8
1175.31,9.78,10.91,0.74,25,51.8
1176.4,9.78,10.91,0.73,25,51.7
1177.48,9.79,10.92,0.74,25,51.7
1178.56,9.79,10.92,0.75,25,51.6
1179.64,9.8,10.93,0.73,25,51.6
1180.73,9.81,10.93,0.74,25,51.6
1181.81,9.82,10.94,0.75,25,51.5
1182.89,9.79,10.92,0.76,25,51.5
1183.97,9.78,10.91,0.75,25,51.4
1185.06,9.8,10.93,0.74,25,51.4
1186.14,9.78,10.91,0.75,25,51.3
1187.22,9.77,10.9,0.74,25,51.3
1188.3,9.77,10.9,0.76,25,51.2
1189.39,9.77,10.9,0.74,25,51.2
1190.46,9.81,10.93,0.76,25,51.2
1191.55,9.79,10.92,0.75,25,51.1
1192.63,9.79,10.92,0.75,25,51.1
1193.71,9.78,10.91,0.76,25,51
1194.8,9.75,10.88,0.73,25,51
1195.88,9.8,10.93,0.75,25,50.9
1196.96,9.78,10.91,0.76,25,50.9
1198.04,9.77,10.9,0.74,25,50.8
1199.12,9.77,10.9,0.73,25,50.8
1200.21,9.77,10.9,0.74,25,50.8
1201.29,9.78,10.91,0.71,25,50.7
1202.37,9.78,10.91,0.73,25,50.7
1203.45,9.79,10.92,0.76,25,50.6
1204.54,9.77,10.9,0.74,25,50.6
1205.62,9.76,10.89,0.75,25,50.5
1206.7,9.82,10.94,0.74,25,50.5
1207.78,9.79,10.92,0.75,25,50.4
1208.87,9.78,10.91,0.73,25,50.4
1209.95,9.79,10.92,0.72,25,50.4
1211.03,9.78,10.91,0.72,25,50.3
1212.11,9.78,10.91,0.75,25,50.3
1213.19,9.75,10.88,0.73,25,50.2
1214.28,9.79,10.92,0.73,25,50.2
1215.36,9.78,10.91,0.73,25,50.1
1216.44,9.77,10.9,0.73,25,50.1
1217.52,9.77,10.9,0.74,25,50
1218.6,9.78,10.91,0.75,25,50
1219.69,9.78,10.91,0.76,25,50
1220.77,9.75,10.88,0.74,25,49.9
1221.85,9.79,10.92,0.74,25,49.9
1222.93,9.79,10.92,0.74,25,49.8
1224.02,9.75,10.88,0.71,25,49.8
1225.1,9.78,10.91,0.71,25,49.7
1226.18,9.74,10.88,0.73,25,49.7
1227.26,9.78,10.91,0.74,25,49.6
1228.35,9.77,10.9,0.74,25,49.6
1229.43,9.77,10.9,0.72,25,49.6
1230.51,9.76,10.89,0.71,25,49.5
1231.59,9.78,10.91,0.72,25,49.5
1232.68,9.78,10.91,0.75,25,49.4
1233.76,9.77,10.9,0.75,25,49.4
1234.84,9.77,10.9,0.72,25,49.3
1235.92,9.77,10.9,0.72,25,49.3
1237.01,9.76,10.89,0.73,25,49.2
1238.08,9.76,10.89,0.73,25,49.2
1239.17,9.78,10.91,0.73,25,49.2
1240.25,9.78,10.91,0.72,25,49.1
1241.33,9.79,10.92,0.71,25,49.1
1242.42,9.78,10.91,0.74,25,49
1243.5,9.77,10.9,0.72,25,49
1244.58,9.76,10.89,0.75,25,48.9
1245.66,9.77,10.9,0.77,25,48.9
1246.74,9.78,10.91,0.72,25,48.8
1247.83,9.78,10.91,0.73,25,48.8
1248.91,9.79,10.92,0.77,25,48.8
1249.99,9.78,10.91,0.76,25,48.7
1251.07,9.76,10.89,0.74,25,48.7
1252.16,9.78,10.91,0.76,25,48.6
1253.24,9.77,10.9,0.74,25,48.6
1254.32,9.76,10.89,0.73,25,48.5
1255.4,9.76,10.89,0.73,25,48.5
1256.48,9.77,10.9,0.74,25,48.4
1257.57,9.77,10.9,0.72,25,48.4
1258.65,9.76,10.89,0.72,25,48.4
1259.73,9.77,10.9,0.72,25,48.3
1260.81,9.79,10.92,0.74,25,48.3
1261.9,9.79,10.92,0.75,25,48.2
1262.98,9.8,10.93,0.74,25,48.2
1264.06,9.75,10.88,0.75,25,48.1
1265.14,9.76,10.89,0.72,25,48.1
1266.22,9.75,10.88,0.74,25,48
1267.31,9.75,10.88,0.75,25,48
1268.39,9.75,10.88,0.74,25,48
1269.47,9.77,10.9,0.71,25,47.9
1270.55,9.77,10.9,0.73,25,47.9
1271.64,9.78,10.91,0.72,25,47.8
1272.72,9.78,10.91,0.74,25,47.8
1273.8,9.77,10.9,0.74,25,47.7
1274.88,9.77,10.9,0.74,25,47.7
1275.97,9.77,10.9,0.73,25,47.6
1277.05,9.76,10.89,0.74,25,47.6
1278.13,9.75,10.88,0.73,25,47.6
1279.21,9.75,10.88,0.74,25,47.5
1280.3,9.77,10.9,0.72,25,47.5
1281.38,9.76,10.89,0.74,25,47.4
1282.46,9.76,10.89,0.74,25,47.4
1283.54,9.75,10.88,0.73,25,47.3
1284.63,9.75,10.88,0.72,25,47.3
1285.7,9.75,10.88,0.73,25,47.2
1286.79,9.75,10.88,0.73,25,47.2
1287.87,9.76,10.89,0.7,25,47.2
1288.95,9.75,10.88,0.73,25,47.1
1290.04,9.74,10.88,0.73,25,47.1
1291.12,9.75,10.88,0.73,25,47
1292.2,9.74,10.88,0.73,25,47
1293.28,9.76,10.89,0.75,25,46.9
1294.36,9.75,10.88,0.72,25,46.9
1295.45,9.77,10.9,0.74,25,46.8
1296.53,9.74,10.88,0.74,25,46.8
1297.61,9.76,10.89,0.74,25,46.8
1298.69,9.74,10.88,0.74,25,46.7
1299.78,9.75,10.88,0.75,25,46.7
1300.86,9.73,10.87,0.71,25,46.6
1301.94,9.75,10.88,0.74,25,46.6
1303.02,9.75,10.88,0.72,25,46.5
1304.11,9.77,10.9,0.72,25,46.5
1305.19,9.77,10.9,0.72,25,46.4
1306.27,9.77,10.9,0.74,25,46.4
1307.35,9.77,10.9,0.73,25,46.4
1308.44,9.74,10.88,0.74,25,46.3
1309.52,9.74,10.88,0.73,25,46.3
1310.6,9.75,10.88,0.75,25,46.2
1311.68,9.74,10.88,0.71,25,46.2
1312.76,9.8,10.93,0.74,25,46.1
1313.84,9.75,10.88,0.74,25,46.1
1314.93,9.74,10.88,0.71,25,46
1316.01,9.75,10.88,0.73,25,46
1317.09,9.76,10.89,0.74,25,46
1318.18,9.75,10.88,0.71,25,45.9
1319.26,9.76,10.89,0.72,25,45.9
1320.34,9.75,10.88,0.72,25,45.8
1321.42,9.77,10.9,0.75,25,45.8
1322.5,9.74,10.88,0.74,25,45.7
1323.59,9.74,10.88,0.72,25,45.7
1324.67,9.76,10.89,0.71,25,45.6
1325.75,9.74,10.88,0.72,25,45.6
1326.83,9.77,10.9,0.71,25,45.6
1327.92,9.75,10.88,0.69,25,45.5
1329,9.75,10.88,0.72,25,45.5
1330.08,9.75,10.88,0.71,25,45.4
1331.16,9.74,10.88,0.71,25,45.4
1332.25,9.75,10.88,0.74,25,45.3
1333.32,9.78,10.91,0.73,25,45.3
1334.41,9.75,10.88,0.71,25,45.2
1335.49,9.74,10.88,0.72,25,45.2
1336.57,9.73,10.87,0.72,25,45.2
1337.66,9.75,10.88,0.72,25,45.1
1338.74,9.79,10.92,0.72,25,45.1
1339.82,9.75,10.88,0.72,25,45
1340.9,9.76,10.89,0.71,25,45
1341.98,9.76,10.89,0.72,25,44.9
1343.07,9.73,10.87,0.71,25,44.9
1344.15,9.76,10.89,0.75,25,44.8
1345.23,9.75,10.88,0.74,25,44.8
1346.31,9.75,10.88,0.73,25,44.8
1347.4,9.76,10.89,0.74,25,44.7
1348.48,9.72,10.86,0.74,25,44.7
1349.56,9.76,10.89,0.75,25,44.6
1350.64,9.75,10.88,0.73,25,44.6
1351.73,9.75,10.88,0.74,25,44.5
1352.81,9.75,10.88,0.72,25,44.5
1353.89,9.74,10.88,0.72,25,44.4
1354.97,9.73,10.87,0.74,25,44.4
1356.05,9.78,10.91,0.73,25,44.4
1357.13,9.74,10.88,0.73,25,44.3
1358.22,9.75,10.88,0.73,25,44.3
1359.3,9.76,10.89,0.73,25,44.2
1360.38,9.74,10.88,0.71,25,44.2
1361.46,9.76,10.89,0.73,25,44.1
1362.55,9.75,10.88,0.73,25,44.1
1363.63,9.74,10.88,0.72,25,44
1364.71,9.76,10.89,0.75,25,44
1365.79,9.72,10.86,0.73,25,44
1366.88,9.75,10.88,0.72,25,43.9
1367.96,9.72,10.86,0.74,25,43.9
1369.04,9.73,10.87,0.73,25,43.8
1370.12,9.77,10.9,0.72,25,43.8
1371.21,9.74,10.88,0.72,25,43.7
1372.29,9.73,10.87,0.75,25,43.7
1373.37,9.76,10.89,0.75,25,43.6
1374.45,9.76,10.89,0.75,25,43.6
1375.54,9.74,10.88,0.73,25,43.6
1376.62,9.75,10.88,0.73,25,43.5
1377.7,9.74,10.88,0.75,25,43.5
1378.78,9.72,10.86,0.73,25,43.4
1379.86,9.76,10.89,0.75,25,43.4
1380.94,9.72,10.86,0.72,25,43.3
1382.03,9.73,10.87,0.73,25,43.3
1383.11,9.72,10.86,0.73,25,43.2
1384.19,9.77,10.9,0.75,25,43.2
1385.27,9.74,10.88,0.73,25,43.2
1386.36,9.75,10.88,0.72,25,43.1
1387.44,9.74,10.88,0.73,25,43.1
1388.52,9.72,10.86,0.72,25,43
1389.6,9.73,10.87,0.73,25,43
1390.69,9.76,10.89,0.72,25,42.9
1391.77,9.74,10.88,0.75,25,42.9
1392.85,9.75,10.88,0.74,25,42.8
1393.93,9.73,10.87,0.73,25,42.8
1395.02,9.72,10.86,0.74,25,42.8
1396.1,9.75,10.88,0.72,25,42.7
1397.18,9.7,10.84,0.72,25,42.7
1398.26,9.75,10.88,0.74,25,42.6
1399.34,9.69,10.83,0.72,25,42.6
1400.43,9.71,10.85,0.72,25,42.5
1401.51,9.75,10.88,0.72,25,42.5
1402.59,9.73,10.87,0.72,25,42.4
1403.67,9.72,10.86,0.73,25,42.4
1404.75,9.72,10.86,0.72,25,42.4
1405.84,9.7,10.84,0.72,25,42.3
1406.92,9.72,10.86,0.71,25,42.3
1408,9.73,10.87,0.71,25,42.2
1409.08,9.72,10.86,0.73,25,42.2
1410.17,9.74,10.88,0.73,25,42.1
1411.25,9.72,10.86,0.72,25,42.1
1412.33,9.74,10.88,0.73,25,42
1413.41,9.7,10.84,0.72,25,42
1414.5,9.72,10.86,0.74,25,42
1415.58,9.71,10.85,0.73,25,41.9
1416.66,9.71,10.85,0.71,25,41.9
1417.74,9.71,10.85,0.73,25,41.8
1418.82,9.73,10.87,0.72,25,41.8
1419.91,9.73,10.87,0.72,25,41.7
1420.99,9.73,10.87,0.73,25,41.7
1422.07,9.71,10.85,0.73,25,41.6
1423.16,9.74,10.88,0.7,25,41.6
1424.24,9.71,10.85,0.72,25,41.6
1425.32,9.73,10.87,0.73,25,41.5
1426.4,9.73,10.87,0.75,25,41.5
1427.48,9.73,10.87,0.74,25,41.4
1428.56,9.71,10.85,0.72,25,41.4
1429.65,9.71,10.85,0.73,25,41.3
1430.73,9.67,10.82,0.7,25,41.3
1431.81,9.72,10.86,0.7,25,41.2
1432.89,9.7,10.84,0.7,25,41.2
1433.98,9.71,10.85,0.73,25,41.2
1435.06,9.71,10.85,0.72,25,41.1
1436.14,9.72,10.86,0.7,25,41.1
1437.22,9.71,10.85,0.73,25,41
1438.31,9.73,10.87,0.73,25,41
1439.39,9.72,10.86,0.7,25,40.9
1440.47,9.71,10.85,0.74,25,40.9
1441.55,9.72,10.86,0.71,25,40.8
1442.64,9.73,10.87,0.73,25,40.8
1443.72,9.72,10.86,0.72,25,40.8
1444.8,9.75,10.88,0.73,25,40.7
1445.88,9.74,10.88,0.72,25,40.7
1446.96,9.75,10.88,0.72,25,40.6
1448.05,9.73,10.87,0.73,25,40.6
1449.13,9.71,10.85,0.75,25,40.5
1450.21,9.73,10.87,0.74,25,40.5
1451.29,9.73,10.87,0.73,25,40.4
1452.38,9.74,10.88,0.73,25,40.4
1453.46,9.72,10.86,0.74,25,40.4
1454.54,9.67,10.82,0.74,25,40.3
1455.62,9.68,10.83,0.74,25,40.3
1456.7,9.72,10.86,0.71,25,40.2
1457.79,9.71,10.85,0.71,25,40.2
1458.87,9.7,10.84,0.73,25,40.1
1459.95,9.72,10.86,0.71,25,40.1
1461.03,9.71,10.85,0.69,25,40
1462.12,9.74,10.88,0.72,25,40
1463.2,9.72,10.86,0.72,25,40
1464.28,9.72,10.86,0.72,25,39.9
1465.36,9.71,10.85,0.73,25,39.9
1466.45,9.72,10.86,0.74,25,39.8
1467.53,9.7,10.84,0.73,25,39.8
1468.61,9.71,10.85,0.72,25,39.7
1469.69,9.73,10.87,0.75,25,39.7
1470.78,9.66,10.81,0.74,25,39.6
1471.85,9.7,10.84,0.7,25,39.6
1472.94,9.71,10.85,0.73,25,39.6
1474.02,9.71,10.85,0.73,25,39.5
1475.1,9.73,10.87,0.73,25,39.5
1476.19,9.71,10.85,0.74,25,39.4
1477.27,9.72,10.86,0.76,25,39.4
1478.35,9.71,10.85,0.72,25,39.3
1479.43,9.69,10.83,0.76,25,39.3
1480.51,9.68,10.83,0.71,25,39.2
1481.6,9.72,10.86,0.73,25,39.2
1482.68,9.7,10.84,0.73,25,39.2
1483.76,9.74,10.88,0.73,25,39.1
1484.84,9.66,10.81,0.76,25,39.1
1485.93,9.7,10.84,0.76,25,39
1487.01,9.72,10.86,0.74,25,39
1488.09,9.68,10.83,0.74,25,38.9
1489.17,9.7,10.84,0.74,25,38.9
1490.26,9.69,10.83,0.76,25,38.8
1491.34,9.71,10.85,0.72,25,38.8
1492.42,9.7,10.84,0.73,25,38.8
1493.5,9.7,10.84,0.74,25,38.7
1494.58,9.7,10.84,0.73,25,38.7
1495.67,9.71,10.85,0.73,25,38.6
1496.75,9.69,10.83,0.75,25,38.6
1497.83,9.72,10.86,0.74,25,38.5
1498.91,9.72,10.86,0.72,25,38.5
1499.99,9.72,10.86,0.73,25,38.4
1501.08,9.72,10.86,0.74,25,38.4
1502.16,9.7,10.84,0.74,25,38.4
1503.24,9.72,10.86,0.73,25,38.3
1504.32,9.73,10.87,0.75,25,38.3
1505.41,9.72,10.86,0.76,25,38.2
1506.49,9.71,10.85,0.76,25,38.2
1507.57,9.72,10.86,0.73,25,38.1
1508.65,9.69,10.83,0.76,25,38.1
1509.73,9.7,10.84,0.75,25,38
1510.81,9.72,10.86,0.74,25,38
1511.9,9.69,10.83,0.73,25,38
1512.98,9.69,10.83,0.74,25,37.9
1514.06,9.71,10.85,0.73,25,37.9
1515.14,9.7,10.84,0.74,25,37.8
1516.23,9.71,10.85,0.72,25,37.8
1517.31,9.69,10.83,0.74,25,37.7
1518.39,9.7,10.84,0.75,25,37.7
1519.47,9.72,10.86,0.75,25,37.6
1520.56,9.72,10.86,0.74,25,37.6
1521.64,9.72,10.86,0.72,25,37.6
1522.72,9.73,10.87,0.72,25,37.5
1523.8,9.71,10.85,0.73,25,37.5
1524.89,9.72,10.86,0.72,25,37.4
1525.97,9.7,10.84,0.74,25,37.4
1527.05,9.69,10.83,0.73,25,37.3
1528.13,9.71,10.85,0.73,25,37.3
1529.21,9.74,10.88,0.73,25,37.2
1530.3,9.7,10.84,0.76,25,37.2
1531.38,9.68,10.83,0.73,25,37.2
1532.46,9.72,10.86,0.71,25,37.1
1533.54,9.7,10.84,0.71,25,37.1
1534.63,9.7,10.84,0.73,25,37
1535.71,9.69,10.83,0.73,25,37
1536.79,9.72,10.86,0.74,25,36.9
1537.87,9.66,10.81,0.72,25,36.9
1538.95,9.71,10.85,0.73,25,36.8
1540.04,9.64,10.79,0.73,25,36.8
1541.12,9.68,10.83,0.73,25,36.8
1542.2,9.64,10.79,0.72,25,36.7
1543.28,9.68,10.83,0.73,25,36.7
1544.37,9.69,10.83,0.74,25,36.6
1545.45,9.74,10.88,0.69,25,36.6
1546.53,9.69,10.83,0.73,25,36.5
1547.61,9.65,10.8,0.73,25,36.5
1548.7,9.71,10.85,0.73,25,36.4
1549.78,9.71,10.85,0.74,25,36.4
1550.86,9.68,10.83,0.72,25,36.4
1551.94,9.7,10.84,0.73,25,36.3
1553.03,9.68,10.83,0.74,25,36.3
1554.1,9.72,10.86,0.72,25,36.2
1555.19,9.7,10.84,0.74,25,36.2
1556.27,9.71,10.85,0.74,25,36.1
1557.35,9.71,10.85,0.73,25,36.1
1558.44,9.7,10.84,0.76,25,36
1559.52,9.71,10.85,0.72,25,36
1560.6,9.68,10.83,0.74,25,36
1561.68,9.7,10.84,0.72,25,35.9
1562.76,9.67,10.82,0.73,25,35.9
1563.85,9.7,10.84,0.75,25,35.8
1564.93,9.67,10.82,0.73,25,35.8
1566.01,9.7,10.84,0.72,25,35.7
1567.09,9.68,10.83,0.74,25,35.7
1568.18,9.7,10.84,0.75,25,35.6
1569.26,9.68,10.83,0.73,25,35.6
1570.34,9.71,10.85,0.71,25,35.6
1571.42,9.7,10.84,0.73,25,35.5
1572.51,9.73,10.87,0.74,25,35.5
1573.59,9.69,10.83,0.74,25,35.4
1574.67,9.72,10.86,0.74,25,35.4
1575.75,9.7,10.84,0.72,25,35.3
1576.83,9.69,10.83,0.73,25,35.3
1577.92,9.69,10.83,0.74,25,35.2
1579,9.7,10.84,0.73,25,35.2
1580.08,9.63,10.78,0.71,25,35.2
1581.16,9.69,10.83,0.74,25,35.1
1582.24,9.65,10.8,0.7,25,35.1
1583.33,9.69,10.83,0.7,25,35
1584.41,9.7,10.84,0.7,25,35
1585.49,9.68,10.83,0.71,25,34.9
1586.57,9.68,10.83,0.74,25,34.9
1587.66,9.66,10.81,0.74,25,34.8
1588.74,9.66,10.81,0.71,25,34.8
1589.82,9.66,10.81,0.72,25,34.8
1590.9,9.69,10.83,0.73,25,34.7
1591.99,9.66,10.81,0.72,25,34.7
1593.07,9.68,10.83,0.72,25,34.6
1594.15,9.67,10.82,0.71,25,34.6
1595.23,9.68,10.83,0.74,25,34.5
1596.31,9.7,10.84,0.73,25,34.5
1597.4,9.67,10.82,0.73,25,34.4
1598.48,9.66,10.81,0.73,25,34.4
1599.56,9.69,10.83,0.7,25,34.4
1600.64,9.66,10.81,0.71,25,34.3
1601.72,9.68,10.83,0.72,25,34.3
1602.81,9.67,10.82,0.71,25,34.2
1603.89,9.67,10.82,0.74,25,34.2
1604.97,9.68,10.83,0.74,25,34.1
1606.05,9.67,10.82,0.73,25,34.1
1607.14,9.66,10.81,0.72,25,34
1608.22,9.67,10.82,0.73,25,34
1609.3,9.67,10.82,0.7,25,34
1610.38,9.67,10.82,0.72,25,33.9
1611.47,9.66,10.81,0.71,25,33.9
1612.55,9.65,10.8,0.73,25,33.8
1613.63,9.68,10.83,0.75,25,33.8
1614.71,9.66,10.81,0.75,25,33.7
1615.8,9.66,10.81,0.72,25,33.7
1616.88,9.7,10.84,0.73,25,33.6
1617.96,9.68,10.83,0.72,25,33.6
1619.04,9.66,10.81,0.72,25,33.6
1620.12,9.68,10.83,0.72,25,33.5
1621.2,9.66,10.81,0.71,25,33.5
1622.29,9.66,10.81,0.72,25,33.4
1623.37,9.64,10.79,0.75,25,33.4
1624.45,9.66,10.81,0.74,25,33.3
1625.53,9.68,10.83,0.73,25,33.3
1626.62,9.64,10.79,0.7,25,33.2
1627.7,9.67,10.82,0.73,25,33.2
1628.78,9.66,10.81,0.71,25,33.2
1629.86,9.64,10.79,0.72,25,33.1
1630.95,9.66,10.81,0.72,25,33.1
1632.03,9.66,10.81,0.74,25,33
1633.11,9.69,10.83,0.74,25,33
1634.19,9.68,10.83,0.74,25,32.9
1635.28,9.69,10.83,0.74,25,32.9
1636.36,9.66,10.81,0.74,25,32.8
1637.44,9.67,10.82,0.72,25,32.8
1638.52,9.65,10.8,0.73,25,32.8
1639.6,9.68,10.83,0.76,25,32.7
1640.69,9.65,10.8,0.74,25,32.7
1641.77,9.66,10.81,0.74,25,32.6
1642.85,9.66,10.81,0.76,25,32.6
1643.93,9.66,10.81,0.76,25,32.5
1645.02,9.67,10.82,0.73,25,32.5
1646.1,9.66,10.81,0.75,25,32.4
1647.18,9.67,10.82,0.73,25,32.4
1648.26,9.63,10.78,0.73,25,32.4
1649.34,9.68,10.83,0.73,25,32.3
1650.43,9.67,10.82,0.74,25,32.3
1651.51,9.65,10.8,0.74,25,32.2
1652.59,9.65,10.8,0.73,25,32.2
1653.67,9.65,10.8,0.72,25,32.1
1654.76,9.64,10.79,0.74,25,32.1
1655.84,9.67,10.82,0.73,25,32
1656.92,9.65,10.8,0.73,25,32
1658,9.64,10.79,0.72,25,32
1659.08,9.63,10.78,0.73,25,31.9
1660.17,9.65,10.8,0.72,25,31.9
1661.25,9.64,10.79,0.72,25,31.8
1662.33,9.64,10.79,0.73,25,31.8
1663.41,9.65,10.8,0.74,25,31.7
1664.49,9.64,10.79,0.73,25,31.7
1665.58,9.64,10.79,0.74,25,31.6
1666.66,9.63,10.78,0.72,25,31.6
1667.74,9.66,10.81,0.72,25,31.6
1668.82,9.66,10.81,0.73,25,31.5
1669.91,9.65,10.8,0.75,25,31.5
1670.99,9.64,10.79,0.74,25,31.4
1672.07,9.64,10.79,0.72,25,31.4
1673.15,9.64,10.79,0.73,25,31.3
1674.23,9.62,10.78,0.74,25,31.3
1675.32,9.65,10.8,0.73,25,31.2
1676.4,9.64,10.79,0.72,25,31.2
1677.48,9.64,10.79,0.74,25,31.2
1678.56,9.66,10.81,0.73,25,31.1
1679.65,9.65,10.8,0.71,25,31.1
1680.73,9.64,10.79,0.71,25,31
1681.81,9.65,10.8,0.71,25,31
1682.89,9.62,10.78,0.71,25,30.9
1683.97,9.65,10.8,0.72,25,30.9
1685.06,9.62,10.78,0.71,25,30.8
1686.14,9.66,10.81,0.7,25,30.8
1687.22,9.67,10.82,0.71,25,30.8
1688.31,9.67,10.82,0.71,25,30.7
1689.39,9.65,10.8,0.73,25,30.7
1690.47,9.63,10.78,0.75,25,30.6
1691.55,9.67,10.82,0.73,25,30.6
1692.63,9.63,10.78,0.73,25,30.5
1693.72,9.62,10.78,0.74,25,30.5
1694.8,9.64,10.79,0.71,25,30.4
1695.88,9.66,10.81,0.71,25,30.4
1696.96,9.64,10.79,0.73,25,30.4
1698.05,9.64,10.79,0.73,25,30.3
1699.13,9.65,10.8,0.71,25,30.3
1700.21,9.63,10.78,0.71,25,30.2
1701.29,9.67,10.82,0.73,25,30.2
1702.38,9.63,10.78,0.73,25,30.1
1703.45,9.63,10.78,0.72,25,30.1
1704.54,9.64,10.79,0.72,25,30
1705.62,9.62,10.78,0.73,25,30
1706.7,9.61,10.77,0.72,25,30
1707.78,9.63,10.78,0.72,25,29.9
1708.87,9.61,10.77,0.74,25,29.9
1709.95,9.63,10.78,0.73,25,29.8
1711.03,9.62,10.78,0.73,25,29.8
1712.11,9.63,10.78,0.72,25,29.7
1713.2,9.63,10.78,0.74,25,29.7
1714.28,9.64,10.79,0.7,25,29.6
1715.36,9.64,10.79,0.73,25,29.6
1716.44,9.64,10.79,0.74,25,29.6
1717.53,9.64,10.79,0.74,25,29.5
1718.61,9.64,10.79,0.74,25,29.5
1719.69,9.62,10.78,0.74,25,29.4
1720.77,9.61,10.77,0.73,25,29.4
1721.86,9.6,10.76,0.74,25,29.3
1722.94,9.6,10.76,0.75,25,29.3
1724.02,9.62,10.78,0.73,25,29.2
1725.1,9.61,10.77,0.7,25,29.2
1726.18,9.61,10.77,0.73,25,29.2
1727.26,9.62,10.78,0.71,25,29.1
1728.35,9.6,10.76,0.74,25,29.1
1729.43,9.62,10.78,0.74,25,29
1730.51,9.61,10.77,0.69,25,29
1731.59,9.61,10.77,0.73,25,28.9
1732.68,9.62,10.78,0.71,25,28.9
1733.76,9.63,10.78,0.73,25,28.8
1734.84,9.61,10.77,0.72,25,28.8
1735.92,9.61,10.77,0.72,25,28.8
1737.01,9.62,10.78,0.74,25,28.7
1738.09,9.6,10.76,0.74,25,28.7
1739.17,9.6,10.76,0.73,25,28.6
1740.25,9.58,10.74,0.71,25,28.6
1741.33,9.62,10.78,0.7,25,28.5
1742.42,9.6,10.76,0.7,25,28.5
1743.5,9.63,10.78,0.72,25,28.4
1744.58,9.61,10.77,0.72,25,28.4
1745.67,9.63,10.78,0.7,25,28.4
1746.75,9.61,10.77,0.71,25,28.3
1747.83,9.62,10.78,0.7,25,28.3
1748.91,9.6,10.76,0.73,25,28.2
1749.99,9.59,10.75,0.72,25,28.2
1751.07,9.63,10.78,0.7,25,28.1
1752.16,9.6,10.76,0.73,25,28.1
1753.24,9.63,10.78,0.72,25,28
1754.32,9.62,10.78,0.7,25,28
1755.4,9.59,10.75,0.7,25,28
1756.49,9.6,10.76,0.71,25,27.9
1757.57,9.61,10.77,0.71,25,27.9
1758.65,9.62,10.78,0.73,25,27.8
1759.73,9.61,10.77,0.74,25,27.8
1760.82,9.59,10.75,0.72,25,27.7
1761.9,9.63,10.78,0.75,25,27.7
1762.98,9.63,10.78,0.72,25,27.6
1764.06,9.57,10.73,0.71,25,27.6
1765.15,9.61,10.77,0.73,25,27.6
1766.23,9.59,10.75,0.74,25,27.5
1767.31,9.59,10.75,0.72,25,27.5
1768.39,9.59,10.75,0.74,25,27.4
1769.47,9.6,10.76,0.73,25,27.4
1770.56,9.6,10.76,0.73,25,27.3
1771.64,9.61,10.77,0.73,25,27.3
1772.72,9.59,10.75,0.74,25,27.2
1773.8,9.6,10.76,0.75,25,27.2
1774.88,9.56,10.73,0.74,25,27.2
1775.97,9.6,10.76,0.73,25,27.1
1777.05,9.59,10.75,0.73,25,27.1
1778.13,9.59,10.75,0.72,25,27
1779.21,9.59,10.75,0.72,25,27
1780.3,9.58,10.74,0.73,25,26.9
1781.38,9.59,10.75,0.71,25,26.9
1782.46,9.58,10.74,0.7,25,26.8
1783.54,9.58,10.74,0.72,25,26.8
1784.63,9.6,10.76,0.74,25,26.8
1785.71,9.57,10.73,0.71,25,26.7
1786.79,9.56,10.73,0.72,25,26.7
1787.87,9.6,10.76,0.72,25,26.6
1788.95,9.6,10.76,0.73,25,26.6
1790.03,9.56,10.73,0.71,25,26.5
1791.12,9.57,10.73,0.73,25,26.5
1792.2,9.57,10.73,0.71,25,26.4
1793.28,9.57,10.73,0.72,25,26.4
1794.36,9.59,10.75,0.72,25,26.4
1795.45,9.58,10.74,0.7,25,26.3
1796.53,9.57,10.73,0.72,25,26.3
1797.61,9.58,10.74,0.7,25,26.2
1798.69,9.57,10.73,0.73,25,26.2
1799.78,9.58,10.74,0.74,25,26.1
1800.86,9.6,10.76,0.73,25,26.1
1801.94,9.56,10.73,0.71,25,26
1803.02,9.57,10.73,0.73,25,26
1804.11,9.56,10.73,0.73,25,26
1805.19,9.58,10.74,0.72,25,25.9
1806.27,9.56,10.73,0.7,25,25.9
1807.35,9.57,10.73,0.72,25,25.8
1808.44,9.55,10.72,0.71,25,25.8
1809.52,9.58,10.74,0.73,25,25.7
1810.6,9.59,10.75,0.71,25,25.7
1811.68,9.52,10.69,0.74,25,25.6
1812.76,9.53,10.7,0.7,25,25.6
1813.84,9.56,10.73,0.73,25,25.6
1814.93,9.54,10.71,0.72,25,25.5
1816.01,9.51,10.68,0.75,25,25.5
1817.09,9.56,10.73,0.73,25,25.4
1818.17,9.58,10.74,0.7,25,25.4
1819.26,9.57,10.73,0.7,25,25.3
1820.34,9.56,10.73,0.72,25,25.3
1821.42,9.55,10.72,0.72,25,25.2
1822.5,9.55,10.72,0.7,25,25.2
1823.59,9.56,10.73,0.7,25,25.2
1824.67,9.55,10.72,0.72,25,25.1
1825.75,9.57,10.73,0.73,25,25.1
1826.83,9.56,10.73,0.73,25,25
1827.92,9.56,10.73,0.71,25,25
1829,9.57,10.73,0.72,25,24.9
1830.08,9.57,10.73,0.72,25,24.9
1831.16,9.58,10.74,0.75,25,24.8
1832.25,9.57,10.73,0.72,25,24.8
1833.33,9.53,10.7,0.72,25,24.8
1834.41,9.57,10.73,0.73,25,24.7
1835.49,9.56,10.73,0.75,25,24.7
1836.57,9.57,10.73,0.74,25,24.6
1837.65,9.55,10.72,0.73,25,24.6
1838.74,9.54,10.71,0.73,25,24.5
1839.82,9.55,10.72,0.72,25,24.5
1840.9,9.55,10.72,0.76,25,24.4
1841.98,9.54,10.71,0.74,25,24.4
1843.07,9.55,10.72,0.71,25,24.4
1844.15,9.54,10.71,0.72,25,24.3
1845.23,9.55,10.72,0.74,25,24.3
1846.31,9.54,10.71,0.73,25,24.2
1847.4,9.56,10.73,0.7,25,24.2
1848.47,9.52,10.69,0.74,25,24.1
1849.56,9.52,10.69,0.74,25,24.1
1850.64,9.53,10.7,0.72,25,24
1851.72,9.52,10.69,0.75,25,24
1852.81,9.53,10.7,0.73,25,24
1853.89,9.53,10.7,0.75,25,23.9
1854.97,9.52,10.69,0.74,25,23.9
1856.05,9.54,10.71,0.72,25,23.8
1857.13,9.54,10.71,0.74,25,23.8
1858.22,9.49,10.67,0.71,25,23.7
1859.3,9.53,10.7,0.72,25,23.7
1860.38,9.5,10.68,0.72,25,23.6
1861.46,9.52,10.69,0.74,25,23.6
1862.55,9.53,10.7,0.73,25,23.6
1863.63,9.51,10.68,0.74,25,23.5
1864.71,9.51,10.68,0.71,25,23.5
1865.79,9.5,10.68,0.71,25,23.4
1866.88,9.52,10.69,0.71,25,23.4
1867.96,9.52,10.69,0.72,25,23.3
1869.04,9.52,10.69,0.71,25,23.3
1870.12,9.54,10.71,0.72,25,23.2
1871.21,9.51,10.68,0.71,25,23.2
1872.29,9.52,10.69,0.7,25,23.2
1873.37,9.51,10.68,0.71,25,23.1
1874.45,9.5,10.68,0.73,25,23.1
1875.53,9.5,10.68,0.73,25,23
1876.62,9.52,10.69,0.7,25,23
1877.7,9.5,10.68,0.74,25,22.9
1878.78,9.52,10.69,0.7,25,22.9
1879.86,9.5,10.68,0.72,25,22.8
1880.94,9.5,10.68,0.71,25,22.8
1882.03,9.5,10.68,0.71,25,22.8
1883.11,9.48,10.66,0.72,25,22.7
1884.19,9.49,10.67,0.72,25,22.7
1885.27,9.49,10.67,0.71,25,22.6
1886.36,9.51,10.68,0.74,25,22.6
1887.44,9.49,10.67,0.71,25,22.5
1888.52,9.52,10.69,0.71,25,22.5
1889.6,9.49,10.67,0.72,25,22.4
1890.69,9.51,10.68,0.73,25,22.4
1891.77,9.49,10.67,0.73,25,22.4
1892.85,9.5,10.68,0.73,25,22.3
1893.93,9.51,10.68,0.71,25,22.3
1895.02,9.49,10.67,0.71,25,22.2
1896.1,9.49,10.67,0.71,25,22.2
1897.18,9.5,10.68,0.71,25,22.1
1898.26,9.48,10.66,0.72,25,22.1
1899.34,9.5,10.68,0.73,25,22
1900.43,9.5,10.68,0.7,25,22
1901.51,9.51,10.68,0.71,25,22
1902.59,9.49,10.67,0.71,25,21.9
1903.67,9.49,10.67,0.7,25,21.9
1904.75,9.5,10.68,0.73,25,21.8
1905.84,9.5,10.68,0.72,25,21.8
1906.92,9.48,10.66,0.72,25,21.7
1908,9.5,10.68,0.71,25,21.7
1909.08,9.47,10.65,0.74,25,21.6
1910.17,9.48,10.66,0.71,25,21.6
1911.25,9.49,10.67,0.7,25,21.6
1912.33,9.48,10.66,0.71,25,21.5
1913.41,9.47,10.65,0.73,25,21.5
1914.5,9.46,10.64,0.7,25,21.4
1915.58,9.47,10.65,0.7,25,21.4
1916.66,9.47,10.65,0.72,25,21.3
1917.74,9.45,10.63,0.72,25,21.3
1918.83,9.49,10.67,0.72,25,21.2
1919.91,9.47,10.65,0.7,25,21.2
1920.99,9.48,10.66,0.71,25,21.2
1922.07,9.45,10.63,0.7,25,21.1
1923.16,9.46,10.64,0.72,25,21.1
1924.24,9.47,10.65,0.71,25,21
1925.32,9.46,10.64,0.72,25,21
1926.4,9.48,10.66,0.73,25,20.9
1927.48,9.46,10.64,0.74,25,20.9
1928.56,9.47,10.65,0.71,25,20.8
1929.65,9.46,10.64,0.7,25,20.8
1930.73,9.46,10.64,0.71,25,20.8
1931.81,9.44,10.63,0.7,25,20.7
1932.89,9.45,10.63,0.72,25,20.7
1933.98,9.44,10.63,0.69,25,20.6
1935.06,9.47,10.65,0.71,25,20.6
1936.14,9.46,10.64,0.69,25,20.5
1937.22,9.46,10.64,0.7,25,20.5
1938.31,9.45,10.63,0.71,25,20.4
1939.39,9.43,10.62,0.74,25,20.4
1940.47,9.44,10.63,0.7,25,20.4
1941.55,9.41,10.6,0.73,25,20.3
1942.64,9.44,10.63,0.72,25,20.3
1943.72,9.4,10.59,0.72,25,20.2
1944.8,9.46,10.64,0.73,25,20.2
1945.88,9.47,10.65,0.73,25,20.1
1946.97,9.38,10.58,0.7,25,20.1
1948.05,9.4,10.59,0.71,25,20
1949.13,9.44,10.63,0.68,25,20
1950.21,9.44,10.63,0.7,25,20
1951.3,9.38,10.58,0.7,25,19.9
1952.38,9.44,10.63,0.72,25,19.9
1953.46,9.41,10.6,0.71,25,19.8
1954.54,9.44,10.63,0.69,25,19.8
1955.62,9.37,10.57,0.74,25,19.7
1956.71,9.38,10.58,0.76,25,19.7
1957.79,9.47,10.65,0.65,25,19.6
1958.87,9.46,10.64,0.73,25,19.6
1959.95,9.43,10.62,0.71,25,19.6
1961.03,9.43,10.62,0.68,25,19.5
1962.12,9.45,10.63,0.74,25,19.5
1963.2,9.41,10.6,0.71,25,19.4
1964.28,9.45,10.63,0.7,25,19.4
1965.36,9.45,10.63,0.68,25,19.3
1966.45,9.45,10.63,0.7,25,19.3
1967.53,9.39,10.59,0.75,25,19.2
1968.61,9.41,10.6,0.72,25,19.2
1969.69,9.39,10.59,0.72,25,19.2
1970.78,9.42,10.61,0.72,25,19.1
1971.86,9.42,10.61,0.72,25,19.1
1972.94,9.42,10.61,0.7,25,19
1974.02,9.42,10.61,0.71,25,19
1975.1,9.4,10.59,0.73,25,18.9
1976.19,9.37,10.57,0.69,25,18.9
1977.27,9.38,10.58,0.72,25,18.8
1978.35,9.37,10.57,0.74,25,18.8
1979.44,9.36,10.56,0.73,25,18.8
1980.52,9.44,10.63,0.71,25,18.7
1981.6,9.38,10.58,0.69,25,18.7
1982.68,9.35,10.55,0.69,25,18.6
1983.76,9.4,10.59,0.73,25,18.6
1984.84,9.36,10.56,0.77,25,18.5
1985.93,9.37,10.57,0.72,25,18.5
1987.01,9.38,10.58,0.71,25,18.4
1988.09,9.39,10.59,0.71,25,18.4
1989.17,9.41,10.6,0.73,25,18.4
1990.26,9.34,10.54,0.69,25,18.3
1991.34,9.32,10.53,0.7,25,18.3
1992.42,9.4,10.59,0.74,25,18.2
1993.5,9.35,10.55,0.71,25,18.2
1994.59,9.41,10.6,0.7,25,18.1
1995.67,9.35,10.55,0.67,25,18.1
1996.75,9.36,10.56,0.69,25,18
1997.83,9.39,10.59,0.68,25,18
1998.92,9.37,10.57,0.7,25,18
2000,9.34,10.54,0.72,25,17.9
2001.08,9.37,10.57,0.7,25,17.9
2002.16,9.38,10.58,0.7,25,17.8
2003.25,9.36,10.56,0.68,25,17.8
2004.32,9.37,10.57,0.73,25,17.7
2005.41,9.37,10.57,0.73,25,17.7
2006.49,9.37,10.57,0.7,25,17.6
2007.57,9.35,10.55,0.7,25,17.6
2008.65,9.35,10.55,0.69,25,17.6
2009.74,9.38,10.58,0.72,25,17.5
2010.82,9.38,10.58,0.71,25,17.5
2011.9,9.34,10.54,0.68,25,17.4
2012.98,9.32,10.53,0.72,25,17.4
2014.07,9.34,10.54,0.71,25,17.3
2015.15,9.36,10.56,0.7,25,17.3
2016.23,9.35,10.55,0.71,25,17.2
2017.31,9.34,10.54,0.71,25,17.2
2018.4,9.34,10.54,0.74,25,17.2
2019.48,9.35,10.55,0.7,25,17.1
2020.56,9.35,10.55,0.73,25,17.1
2021.64,9.37,10.57,0.73,25,17
2022.72,9.33,10.54,0.72,25,17
2023.8,9.35,10.55,0.72,25,16.9
2024.89,9.34,10.54,0.72,25,16.9
2025.97,9.32,10.53,0.71,25,16.8
2027.05,9.34,10.54,0.71,25,16.8
2028.13,9.33,10.54,0.71,25,16.8
2029.22,9.31,10.52,0.73,25,16.7
2030.3,9.33,10.54,0.74,25,16.7
2031.38,9.32,10.53,0.71,25,16.6
2032.46,9.3,10.51,0.74,25,16.6
2033.55,9.32,10.53,0.71,25,16.5
2034.63,9.33,10.54,0.73,25,16.5
2035.71,9.33,10.54,0.72,25,16.4
2036.79,9.31,10.52,0.72,25,16.4
2037.88,9.32,10.53,0.71,25,16.4
2038.96,9.31,10.52,0.73,25,16.3
2040.04,9.31,10.52,0.73,25,16.3
2041.12,9.29,10.5,0.69,25,16.2
2042.2,9.29,10.5,0.72,25,16.2
2043.29,9.31,10.52,0.74,25,16.1
2044.37,9.3,10.51,0.73,25,16.1
2045.45,9.31,10.52,0.74,25,16
2046.53,9.31,10.52,0.71,25,16
2047.61,9.32,10.53,0.73,25,16
2048.7,9.29,10.5,0.72,25,15.9
2049.78,9.3,10.51,0.74,25,15.9
2050.86,9.29,10.5,0.73,25,15.8
2051.94,9.29,10.5,0.71,25,15.8
2053.03,9.28,10.49,0.74,25,15.7
2054.11,9.28,10.49,0.73,25,15.7
2055.19,9.26,10.48,0.71,25,15.6
2056.27,9.28,10.49,0.73,25,15.6
2057.36,9.28,10.49,0.73,25,15.6
2058.44,9.26,10.48,0.73,25,15.5
2059.52,9.27,10.49,0.72,25,15.5
2060.6,9.29,10.5,0.73,25,15.4
2061.68,9.28,10.49,0.71,25,15.4
2062.77,9.28,10.49,0.72,25,15.3
2063.85,9.26,10.48,0.73,25,15.3
2064.93,9.26,10.48,0.72,25,15.2
2066.01,9.28,10.49,0.73,25,15.2
2067.09,9.26,10.48,0.74,25,15.2
2068.18,9.28,10.49,0.69,25,15.1
2069.26,9.26,10.48,0.71,25,15.1
2070.34,9.24,10.46,0.71,25,15
2071.42,9.29,10.5,0.73,25,15
2072.51,9.26,10.48,0.72,25,14.9
2073.59,9.26,10.48,0.75,25,14.9
2074.67,9.24,10.46,0.69,25,14.8
2075.75,9.3,10.51,0.74,25,14.8
2076.84,9.24,10.46,0.71,25,14.8
2077.92,9.23,10.45,0.73,25,14.7
2079,9.26,10.48,0.72,25,14.7
2080.08,9.23,10.45,0.69,25,14.6
2081.17,9.26,10.48,0.71,25,14.6
2082.25,9.23,10.45,0.72,25,14.5
2083.33,9.22,10.44,0.73,25,14.5
2084.41,9.27,10.49,0.7,25,14.4
2085.5,9.18,10.41,0.72,25,14.4
2086.58,9.25,10.47,0.71,25,14.4
2087.66,9.24,10.46,0.71,25,14.3
2088.74,9.22,10.44,0.7,25,14.3
2089.83,9.24,10.46,0.72,25,14.2
2090.91,9.26,10.48,0.7,25,14.2
2091.99,9.2,10.43,0.71,25,14.1
2093.07,9.21,10.44,0.71,25,14.1
2094.15,9.22,10.44,0.7,25,14
2095.23,9.21,10.44,0.7,25,14
2096.32,9.23,10.45,0.7,25,14
2097.4,9.19,10.42,0.71,25,13.9
2098.48,9.22,10.44,0.71,25,13.9
2099.56,9.2,10.43,0.73,25,13.8
2100.65,9.26,10.48,0.72,25,13.8
2101.73,9.21,10.44,0.71,25,13.7
2102.81,9.17,10.4,0.69,25,13.7
2103.89,9.22,10.44,0.7,25,13.6
2104.98,9.18,10.41,0.72,25,13.6
2106.06,9.16,10.39,0.69,25,13.6
2107.14,9.2,10.43,0.71,25,13.5
2108.22,9.21,10.44,0.73,25,13.5
2109.3,9.18,10.41,0.72,25,13.4
2110.39,9.18,10.41,0.72,25,13.4
2111.47,9.16,10.39,0.73,25,13.3
2112.55,9.19,10.42,0.75,25,13.3
2113.63,9.16,10.39,0.7,25,13.2
2114.72,9.2,10.43,0.71,25,13.2
2115.8,9.19,10.42,0.71,25,13.2
2116.88,9.18,10.41,0.73,25,13.1
2117.96,9.19,10.42,0.73,25,13.1
2119.04,9.16,10.39,0.71,25,13
2120.13,9.18,10.41,0.71,25,13
2121.21,9.16,10.39,0.72,25,12.9
2122.29,9.19,10.42,0.73,25,12.9
2123.37,9.17,10.4,0.7,25,12.8
2124.46,9.14,10.38,0.7,25,12.8
2125.54,9.15,10.39,0.71,25,12.8
2126.62,9.1,10.34,0.69,25,12.7
2127.7,9.14,10.38,0.69,25,12.7
2128.79,9.18,10.41,0.71,25,12.6
2129.87,9.15,10.39,0.71,25,12.6
2130.95,9.2,10.43,0.71,25,12.5
2132.03,9.15,10.39,0.71,25,12.5
2133.11,9.16,10.39,0.7,25,12.4
2134.2,9.17,10.4,0.73,25,12.4
2135.28,9.12,10.36,0.68,25,12.4
2136.36,9.14,10.38,0.71,25,12.3
2137.44,9.09,10.34,0.7,25,12.3
2138.53,9.16,10.39,0.72,25,12.2
2139.61,9.17,10.4,0.71,25,12.2
2140.69,9.13,10.37,0.73,25,12.1
2141.77,9.14,10.38,0.73,25,12.1
2142.85,9.08,10.33,0.71,25,12
2143.94,9.11,10.35,0.7,25,12
2145.02,9.15,10.39,0.71,25,12
2146.1,9.13,10.37,0.71,25,11.9
2147.18,9.09,10.34,0.71,25,11.9
2148.27,9.13,10.37,0.68,25,11.8
2149.35,9.09,10.34,0.7,25,11.8
2150.43,9.1,10.34,0.72,25,11.7
2151.51,9.11,10.35,0.69,25,11.7
2152.6,9.09,10.34,0.67,25,11.6
2153.68,9.12,10.36,0.74,25,11.6
2154.76,9.09,10.34,0.72,25,11.6
2155.84,9.13,10.37,0.68,25,11.5
2156.92,9.09,10.34,0.68,25,11.5
2158.01,9.08,10.33,0.69,25,11.4
2159.09,9.12,10.36,0.73,25,11.4
2160.17,9.12,10.36,0.68,25,11.3
2161.25,9.1,10.34,0.7,25,11.3
2162.33,9.07,10.32,0.72,25,11.2
2163.42,9.05,10.3,0.77,25,11.2
2164.5,9.11,10.35,0.69,25,11.2
2165.58,9.05,10.3,0.74,25,11.1
2166.66,9.11,10.35,0.7,25,11.1
2167.75,9.05,10.3,0.7,25,11
2168.83,9.09,10.34,0.68,25,11
2169.91,9.04,10.29,0.77,25,10.9
2170.99,9.05,10.3,0.76,25,10.9
2172.08,9.09,10.34,0.68,25,10.8
2173.16,9.07,10.32,0.7,25,10.8
2174.24,9.02,10.28,0.72,25,10.8
2175.32,9.07,10.32,0.72,25,10.7
2176.41,9.07,10.32,0.7,25,10.7
2177.49,9.07,10.32,0.68,25,10.6
2178.57,9.08,10.33,0.7,25,10.6
2179.65,8.99,10.25,0.77,25,10.5
2180.73,9.08,10.33,0.69,25,10.5
2181.81,9.05,10.3,0.69,25,10.4
2182.9,9.09,10.34,0.71,25,10.4
2183.98,9.01,10.27,0.71,25,10.4
2185.06,9.08,10.33,0.73,25,10.3
2186.14,9.05,10.3,0.68,25,10.3
2187.23,9.04,10.29,0.74,25,10.2
2188.31,9.06,10.31,0.7,25,10.2
2189.39,9.08,10.33,0.69,25,10.1
2190.47,9.02,10.28,0.68,25,10.1
2191.56,9,10.26,0.76,25,10
2192.64,8.98,10.24,0.7,25,10
2193.72,9.02,10.28,0.73,25,10
2194.8,8.99,10.25,0.63,25,9.9
2195.89,9.04,10.29,0.71,25,9.9
2196.97,9.01,10.27,0.69,25,9.8
2198.05,9.05,10.3,0.74,25,9.8
2199.13,8.99,10.25,0.71,25,9.7
2200.22,8.97,10.24,0.69,25,9.7
2201.3,9,10.26,0.71,25,9.6
2202.38,8.99,10.25,0.77,25,9.6
2203.46,9.01,10.27,0.72,25,9.6
2204.54,8.99,10.25,0.64,25,9.5
2205.62,9.01,10.27,0.79,25,9.5
2206.71,9,10.26,0.71,25,9.4
2207.79,8.95,10.22,0.67,25,9.4
2208.87,8.97,10.24,0.7,25,9.3
2209.95,8.99,10.25,0.69,25,9.3
2211.04,8.92,10.19,0.68,25,9.2
2212.12,8.96,10.23,0.7,25,9.2
2213.2,9.01,10.27,0.69,25,9.2
2214.28,8.98,10.24,0.67,25,9.1
2215.37,8.95,10.22,0.72,25,9.1
2216.45,8.95,10.22,0.67,25,9
2217.53,8.93,10.2,0.67,25,9
2218.61,8.93,10.2,0.7,25,8.9
2219.7,8.93,10.2,0.65,25,8.9
2220.78,8.98,10.24,0.68,25,8.8
2221.86,8.95,10.22,0.7,25,8.8
2222.94,8.97,10.24,0.68,25,8.8
2224.03,8.94,10.21,0.7,25,8.7
2225.11,8.94,10.21,0.7,25,8.7
2226.19,8.92,10.19,0.75,25,8.6
2227.27,8.86,10.15,0.74,25,8.6
2228.35,8.95,10.22,0.66,25,8.5
2229.43,8.93,10.2,0.69,25,8.5
2230.52,8.91,10.19,0.7,25,8.4
2231.6,8.95,10.22,0.69,25,8.4
2232.68,8.91,10.19,0.69,25,8.4
2233.76,8.92,10.19,0.73,25,8.3
2234.85,8.9,10.18,0.71,25,8.3
2235.93,8.89,10.17,0.71,25,8.2
2237.01,8.87,10.15,0.68,25,8.2
2238.09,8.9,10.18,0.7,25,8.1
2239.18,8.87,10.15,0.67,25,8.1
2240.26,8.86,10.15,0.68,25,8
2241.34,8.87,10.15,0.69,25,8
2242.42,8.87,10.15,0.69,25,8
2243.51,8.86,10.15,0.69,25,7.9
2244.59,8.87,10.15,0.7,25,7.9
2245.67,8.86,10.15,0.67,25,7.8
2246.75,8.86,10.15,0.7,25,7.8
2247.83,8.85,10.14,0.72,25,7.7
2248.92,8.83,10.12,0.71,25,7.7
2250,8.84,10.13,0.7,25,7.6
2251.08,8.85,10.14,0.69,25,7.6
2252.16,8.84,10.13,0.68,25,7.6
2253.24,8.83,10.12,0.72,25,7.5
2254.33,8.84,10.13,0.71,25,7.5
2255.41,8.84,10.13,0.71,25,7.4
2256.49,8.84,10.13,0.7,25,7.4
2257.57,8.85,10.14,0.69,25,7.3
2258.66,8.82,10.11,0.71,25,7.3
2259.74,8.83,10.12,0.7,25,7.2
2260.82,8.82,10.11,0.72,25,7.2
2261.9,8.79,10.09,0.71,25,7.2
2262.99,8.81,10.1,0.71,25,7.1
2264.07,8.81,10.1,0.72,25,7.1
2265.15,8.79,10.09,0.69,25,7
2266.23,8.79,10.09,0.67,25,7
2267.31,8.78,10.08,0.69,25,6.9
2268.39,8.78,10.08,0.68,25,6.9
2269.48,8.77,10.07,0.69,25,6.8
2270.56,8.76,10.06,0.69,25,6.8
2271.64,8.75,10.05,0.69,25,6.8
2272.73,8.76,10.06,0.69,25,6.7
2273.81,8.76,10.06,0.7,25,6.7
2274.89,8.75,10.05,0.67,25,6.6
2275.97,8.72,10.03,0.72,25,6.6
2277.05,8.75,10.05,0.7,25,6.5
2278.14,8.73,10.04,0.69,25,6.5
2279.22,8.74,10.05,0.71,25,6.4
2280.3,8.71,10.02,0.7,25,6.4
2281.38,8.72,10.03,0.69,25,6.4
2282.47,8.72,10.03,0.69,25,6.3
2283.55,8.71,10.02,0.7,25,6.3
2284.63,8.7,10.01,0.68,25,6.2
2285.71,8.72,10.03,0.69,25,6.2
2286.8,8.7,10.01,0.71,25,6.1
2287.88,8.7,10.01,0.68,25,6.1
2288.96,8.69,10,0.7,25,6
2290.04,8.69,10,0.7,25,6
2291.12,8.69,10,0.71,25,6
2292.2,8.68,10,0.71,25,5.9
2293.29,8.67,9.99,0.7,25,5.9
2294.37,8.65,9.97,0.7,25,5.8
2295.45,8.65,9.97,0.71,25,5.8
2296.54,8.65,9.97,0.69,25,5.7
2297.62,8.66,9.98,0.7,25,5.7
2298.7,8.62,9.95,0.7,25,5.6
2299.78,8.63,9.95,0.67,25,5.6
2300.86,8.64,9.96,0.7,25,5.6
2301.95,8.62,9.95,0.7,25,5.5
2303.03,8.62,9.95,0.7,25,5.5
2304.11,8.61,9.94,0.69,25,5.4
2305.19,8.62,9.95,0.7,25,5.4
2306.28,8.59,9.92,0.7,25,5.3
2307.36,8.6,9.93,0.69,25,5.3
2308.44,8.59,9.92,0.7,25,5.2
2309.52,8.58,9.91,0.69,25,5.2
2310.61,8.58,9.91,0.69,25,5.2
2311.69,8.55,9.89,0.72,25,5.1
2312.77,8.56,9.9,0.69,25,5.1
2313.85,8.56,9.9,0.69,25,5
2314.93,8.55,9.89,0.68,25,5
2316.01,8.52,9.86,0.7,25,4.9
2317.1,8.53,9.87,0.68,25,4.9
2318.18,8.51,9.85,0.68,25,4.8
2319.26,8.52,9.86,0.69,25,4.8
2320.35,8.49,9.84,0.72,25,4.8
2321.43,8.51,9.85,0.69,25,4.7
2322.51,8.49,9.84,0.69,25,4.7
2323.59,8.49,9.84,0.7,25,4.6
2324.67,8.46,9.81,0.68,25,4.6
2325.76,8.46,9.81,0.7,25,4.5
2326.84,8.45,9.8,0.72,25,4.5
2327.92,8.44,9.8,0.7,25,4.4
2329,8.43,9.79,0.69,25,4.4
2330.09,8.42,9.78,0.69,25,4.4
2331.17,8.42,9.78,0.68,25,4.3
2332.25,8.41,9.77,0.68,25,4.3
2333.33,8.38,9.75,0.7,25,4.2
2334.41,8.37,9.74,0.69,25,4.2
2335.5,8.36,9.73,0.69,25,4.1
2336.58,8.36,9.73,0.68,25,4.1
2337.66,8.34,9.71,0.68,25,4
2338.75,8.33,9.71,0.68,25,4
2339.83,8.32,9.7,0.69,25,4
2340.91,8.31,9.69,0.69,25,3.9
2341.99,8.3,9.68,0.69,25,3.9
2343.07,8.3,9.68,0.68,25,3.8
2344.15,8.28,9.66,0.69,25,3.8
2345.24,8.27,9.66,0.69,25,3.7
2346.32,8.24,9.63,0.68,25,3.7
2347.4,8.26,9.65,0.7,25,3.6
2348.48,8.23,9.62,0.66,25,3.6
2349.57,8.2,9.6,0.66,25,3.6
2350.65,8.23,9.62,0.67,25,3.5
2351.73,8.21,9.61,0.67,25,3.5
2352.81,8.21,9.61,0.69,25,3.4
2353.9,8.16,9.56,0.67,25,3.4
2354.98,8.16,9.56,0.67,25,3.3
2356.06,8.17,9.57,0.67,25,3.3
2357.14,8.17,9.57,0.69,25,3.2
2358.22,8.14,9.55,0.67,25,3.2
2359.31,8.15,9.56,0.68,25,3.2
2360.39,8.11,9.52,0.68,25,3.1
2361.47,8.06,9.48,0.64,25,3.1
2362.55,8.04,9.46,0.66,25,3
2363.64,8.03,9.46,0.67,25,3
2364.72,8.07,9.49,0.66,25,2.9
2365.8,8.07,9.49,0.68,25,2.9
2366.88,8.02,9.45,0.66,25,2.8
2367.96,8.02,9.45,0.69,25,2.8
2369.05,8.01,9.44,0.66,25,2.8
2370.13,7.98,9.41,0.68,25,2.7
2371.21,7.98,9.41,0.68,25,2.7
2372.29,8,9.43,0.65,25,2.6
2373.38,7.95,9.39,0.65,25,2.6
2374.46,7.97,9.41,0.7,25,2.5
2375.54,7.97,9.41,0.67,25,2.5
2376.62,7.93,9.37,0.65,25,2.4
2377.71,7.95,9.39,0.67,25,2.4
2378.79,7.94,9.38,0.66,25,2.4
2379.87,7.91,9.36,0.66,25,2.3
2380.95,7.91,9.36,0.68,25,2.3
2382.03,7.89,9.34,0.67,25,2.2
2383.11,7.88,9.33,0.65,25,2.2
2384.2,7.87,9.32,0.66,25,2.1
2385.28,7.85,9.31,0.67,25,2.1
2386.36,7.84,9.3,0.67,25,2
2387.44,7.83,9.29,0.67,25,2
2388.53,7.83,9.29,0.67,25,2
2389.61,7.8,9.27,0.66,25,1.9
2390.69,7.82,9.28,0.68,25,1.9
2391.77,7.8,9.27,0.69,25,1.8
2392.86,7.8,9.27,0.68,25,1.8
2393.94,7.75,9.22,0.67,25,1.7
2395.02,7.76,9.23,0.68,25,1.7
2396.1,7.79,9.26,0.67,25,1.6
2397.19,7.74,9.22,0.66,25,1.6
2398.27,7.72,9.2,0.67,25,1.6
2399.35,7.72,9.2,0.67,25,1.5
2400.43,7.69,9.17,0.67,25,1.5
2401.52,7.69,9.17,0.65,25,1.4
2402.6,7.68,9.17,0.64,25,1.4
2403.68,7.68,9.17,0.69,25,1.3
2404.76,7.66,9.15,0.63,25,1.3
2405.84,7.64,9.13,0.66,25,1.2
2406.92,7.64,9.13,0.64,25,1.2
2408.01,7.62,9.12,0.68,25,1.2
2409.09,7.62,9.12,0.67,25,1.1
2410.17,7.59,9.09,0.66,25,1.1
2411.25,7.61,9.11,0.65,25,1
2412.34,7.59,9.09,0.67,25,1
2413.42,7.58,9.08,0.66,25,0.9
2414.5,7.56,9.07,0.67,25,0.9
2415.58,7.55,9.06,0.67,25,0.8
2416.67,7.55,9.06,0.65,25,0.8
2417.75,7.53,9.04,0.67,25,0.8
2418.83,7.53,9.04,0.66,25,0.7
2419.91,7.51,9.02,0.65,25,0.7
2421,7.5,9.02,0.67,25,0.6
2422.08,7.5,9.02,0.66,25,0.6
2423.16,7.49,9.01,0.67,25,0.5
2424.24,7.47,8.99,0.64,25,0.5
2425.32,7.45,8.97,0.65,25,0.4
2426.41,7.44,8.97,0.67,25,0.4
2427.49,7.44,8.97,0.63,25,0.4
2428.57,7.43,8.96,0.65,25,0.3
2429.65,7.43,8.96,0.65,25,0.3
2430.73,7.42,8.95,0.64,25,0.2
2431.82,7.41,8.94,0.64,25,0.2
2432.9,7.39,8.92,0.65,25,0.1
2433.98,7.39,8.92,0.65,25,0.1
2435.06,7.39,8.92,0.65,25,0
2436.15,7.36,8.9,0.65,25,0
