time,time_count,voltage,current,temp,soc
18:10:50,0sec,12.12,1.18,25,86.7
18:10:52,1sec,12.27,0.46,25,90.8
18:10:52,2sec,12.29,0,25,91.4
18:10:54,3sec,12.32,0.37,25,92.2
18:10:54,4sec,12.23,0.77,25,89.7
18:10:56,5sec,12.14,1.3,25,87.2
18:10:57,6sec,12.06,1.68,25,85
18:10:58,7sec,12.05,1.65,25,84.7
18:10:58,8sec,12.1,1.6,25,86.1
18:11:00,9sec,11.9,0.41,25,80.6
18:11:00,10sec,11.79,0.51,25,77.5
18:11:02,11sec,11.98,0.38,25,82.8
18:11:03,12sec,12.01,0.33,25,83.6
18:11:04,13sec,11.88,0.6,25,80
18:11:04,14sec,12.06,0,25,85
18:11:06,15sec,12.03,0,25,84.2
18:11:06,16sec,11.99,0,25,83.1
18:11:08,17sec,11.99,0.4,25,83.1
18:11:08,18sec,12.01,0,25,83.6
18:11:10,19sec,12.03,0,25,84.2
18:11:10,20sec,12.08,0,25,85.6
18:11:12,21sec,12.07,0.26,25,85.3
18:11:13,22sec,12.06,0.66,25,85
18:11:14,23sec,11.98,0.46,25,82.8
18:11:14,24sec,12.03,0.38,25,84.2
18:11:16,25sec,11.99,0.38,25,83.1
18:11:16,26sec,11.99,0.57,25,83.1
18:11:18,27sec,12.05,0.25,25,84.7
18:11:18,28sec,12.05,0.23,25,84.7
18:11:20,29sec,12.04,0.39,25,84.4
18:11:20,30sec,12.01,0,25,83.6
18:11:22,31sec,12.03,0,25,84.2
18:11:22,32sec,11.98,0.29,25,82.8
18:11:24,33sec,12.02,0.3,25,83.9
18:11:24,34sec,12.02,0,25,83.9
18:11:26,35sec,12.01,0.22,25,83.6
18:11:26,36sec,12.03,0.67,25,84.2
18:11:28,37sec,12.04,0.67,25,84.4
18:11:29,38sec,12.04,0.53,25,84.4
18:11:30,39sec,12.02,0.6,25,83.9
18:11:30,40sec,11.97,0,25,82.5
18:11:32,41sec,11.99,0,25,83.1
18:11:32,42sec,12.01,0.7,25,83.6
18:11:34,43sec,11.94,0.21,25,81.7
18:11:34,44sec,11.99,0.63,25,83.1
18:11:36,45sec,12.04,0.63,25,84.4
18:11:36,46sec,11.99,0.69,25,83.1
18:11:38,47sec,12,0.69,25,83.3
18:11:38,48sec,12.01,0.42,25,83.6
18:11:40,49sec,11.95,0.29,25,81.9
18:11:40,50sec,11.99,0.61,25,83.1
18:11:42,51sec,11.95,0.23,25,81.9
18:11:42,52sec,11.9,0,25,80.6
18:11:44,53sec,11.94,0.58,25,81.7
18:11:44,54sec,12,0.72,25,83.3
18:11:46,55sec,11.97,0.25,25,82.5
18:11:46,56sec,11.91,0.8,25,80.8
18:11:48,57sec,11.98,0.38,25,82.8
18:11:49,58sec,11.71,1.26,25,75.3
18:11:50,59sec,11.86,1.14,25,79.4
18:11:50,60sec,11.84,0.29,25,78.9
18:11:52,61sec,11.95,0.6,25,81.9
18:11:52,62sec,11.94,0.57,25,81.7
18:11:54,63sec,11.97,0.59,25,82.5
18:11:54,64sec,11.82,0,25,78.3
18:11:56,65sec,11.72,1.06,25,75.6
18:11:57,66sec,11.73,1.29,25,75.8
18:11:58,67sec,11.69,1.06,25,74.7
18:11:58,68sec,11.76,0.74,25,76.7
18:12:00,69sec,11.86,0,25,79.4
18:12:00,70sec,12.01,0.56,25,83.6
18:12:02,71sec,11.97,0.56,25,82.5
18:12:02,72sec,11.96,0.59,25,82.2
18:12:04,73sec,11.96,0.68,25,82.2
18:12:04,74sec,11.97,0.45,25,82.5
18:12:06,75sec,11.97,0,25,82.5
18:12:06,76sec,11.92,0.54,25,81.1
18:12:08,77sec,11.91,0.23,25,80.8
18:12:08,78sec,11.93,0.23,25,81.4
18:12:10,79sec,11.95,0.58,25,81.9
18:12:10,80sec,11.9,0.38,25,80.6
18:12:12,81sec,11.95,0.44,25,81.9
18:12:12,82sec,11.9,0.58,25,80.6
18:12:14,83sec,11.72,1.12,25,75.6
18:12:15,84sec,11.68,1.25,25,74.4
18:12:16,85sec,11.75,0.67,25,76.4
18:12:16,86sec,11.91,0,25,80.8
18:12:18,87sec,11.87,0.56,25,79.7
18:12:18,88sec,11.87,0.49,25,79.7
18:12:20,89sec,11.79,0.35,25,77.5
18:12:20,90sec,11.75,0.35,25,76.4
18:12:22,91sec,11.7,1.12,25,75
18:12:22,92sec,11.69,1.31,25,74.7
18:12:24,93sec,11.75,0.86,25,76.4
18:12:24,94sec,11.86,0.32,25,79.4
18:12:26,95sec,11.93,0.38,25,81.4
18:12:26,96sec,11.93,0.79,25,81.4
18:12:27,97sec,11.94,0.71,25,81.7
18:12:29,98sec,11.8,0,25,77.8
18:12:29,99sec,11.67,0.78,25,74.2
18:12:31,100sec,11.66,0.99,25,73.9
18:12:32,101sec,11.62,1.26,25,72.8
18:12:33,102sec,11.71,0.61,25,75.3
18:12:33,103sec,11.81,0,25,78.1
18:12:35,104sec,11.93,0.64,25,81.4
18:12:35,105sec,11.95,0.45,25,81.9
18:12:37,106sec,11.9,0.23,25,80.6
18:12:38,107sec,11.76,0.64,25,76.7
18:12:39,108sec,11.65,1.42,25,73.6
18:12:40,109sec,11.76,1.11,25,76.7
18:12:41,110sec,11.75,0.83,25,76.4
18:12:41,111sec,11.74,0.24,25,76.1
18:12:43,112sec,11.87,0.22,25,79.7
18:12:43,113sec,11.87,0.37,25,79.7
18:12:45,114sec,11.75,0.42,25,76.4
18:12:46,115sec,11.83,0,25,78.6
18:12:47,116sec,11.68,0.76,25,74.4
18:12:47,117sec,11.69,1.42,25,74.7
18:12:49,118sec,11.64,1.4,25,73.3
18:12:49,119sec,11.7,0.84,25,75
18:12:51,120sec,11.83,0.38,25,78.6
18:12:51,121sec,12.39,0,25,94.2
18:12:53,122sec,11.92,0,25,81.1
18:12:53,123sec,11.82,0,25,78.3
18:12:55,124sec,11.76,0.85,25,76.7
18:12:55,125sec,11.65,1.57,25,73.6
18:12:57,126sec,11.83,0.28,25,78.6
18:12:57,127sec,11.85,0,25,79.2
18:12:59,128sec,11.86,0,25,79.4
18:12:59,129sec,11.82,0,25,78.3
18:13:01,130sec,11.89,0,25,80.3
18:13:02,131sec,11.81,0,25,78.1
18:13:03,132sec,11.82,0,25,78.3
18:13:03,133sec,11.86,0,25,79.4
18:13:05,134sec,11.87,0.54,25,79.7
18:13:05,135sec,11.9,0.52,25,80.6
18:13:07,136sec,11.85,0.21,25,79.2
18:13:07,137sec,11.8,0.54,25,77.8
18:13:09,138sec,11.81,0,25,78.1
18:13:09,139sec,11.87,0,25,79.7
18:13:11,140sec,11.82,0.51,25,78.3
18:13:12,141sec,11.73,1.75,25,75.8
18:13:13,142sec,11.67,2.16,25,74.2
18:13:14,143sec,11.64,2.22,25,73.3
18:13:15,144sec,11.65,2.49,25,73.6
18:13:15,145sec,11.79,1.34,25,77.5
18:13:17,146sec,11.84,0.74,25,78.9
18:13:17,147sec,11.82,0.36,25,78.3
18:13:19,148sec,11.93,0,25,81.4
18:13:19,149sec,11.83,0.75,25,78.6
18:13:21,150sec,11.68,2.22,25,74.4
18:13:22,151sec,11.62,2.43,25,72.8
18:13:23,152sec,11.61,2.8,25,72.5
18:13:23,153sec,11.74,1.78,25,76.1
18:13:25,154sec,11.78,0.95,25,77.2
18:13:25,155sec,11.87,0,25,79.7
18:13:27,156sec,11.9,0.3,25,80.6
18:13:28,157sec,11.89,1.16,25,80.3
18:13:29,158sec,11.75,1.52,25,76.4
18:13:29,159sec,11.64,2.53,25,73.3
18:13:31,160sec,11.65,2.59,25,73.6
18:13:32,161sec,11.67,2.74,25,74.2
18:13:33,162sec,11.73,1.47,25,75.8
18:13:33,163sec,11.8,0.62,25,77.8
18:13:35,164sec,11.8,0,25,77.8
18:13:35,165sec,11.88,0,25,80
18:13:37,166sec,11.78,1.27,25,77.2
18:13:37,167sec,11.65,2.19,25,73.6
18:13:39,168sec,11.62,2.97,25,72.8
18:13:40,169sec,11.63,2.48,25,73.1
18:13:41,170sec,11.74,2.14,25,76.1
18:13:41,171sec,11.83,1.33,25,78.6
18:13:43,172sec,11.84,0,25,78.9
18:13:43,173sec,11.83,0,25,78.6
18:13:45,174sec,11.78,0.54,25,77.2
18:13:45,175sec,11.72,1.23,25,75.6
18:13:47,176sec,11.56,2.34,25,71.1
18:13:47,177sec,11.62,2.61,25,72.8
18:13:49,178sec,11.6,2.88,25,72.2
18:13:49,179sec,11.72,1.35,25,75.6
18:13:51,180sec,11.79,0.75,25,77.5
18:13:51,181sec,11.83,0.32,25,78.6
18:13:53,182sec,11.85,0,25,79.2
18:13:53,183sec,11.93,0.28,25,81.4
18:13:55,184sec,11.89,0.31,25,80.3
18:13:55,185sec,11.86,0.9,25,79.4
18:13:57,186sec,11.8,0.64,25,77.8
18:13:57,187sec,11.83,0.86,25,78.6
18:13:59,188sec,11.81,0.52,25,78.1
18:13:59,189sec,11.85,0.4,25,79.2
18:14:01,190sec,11.85,0.32,25,79.2
18:14:01,191sec,11.84,0,25,78.9
18:14:03,192sec,11.84,0.31,25,78.9
18:14:03,193sec,11.88,0.54,25,80
18:14:05,194sec,11.86,0.28,25,79.4
18:14:05,195sec,11.78,0.62,25,77.2
18:14:07,196sec,11.84,0,25,78.9
18:14:07,197sec,11.77,0.53,25,76.9
18:14:09,198sec,11.81,0.34,25,78.1
18:14:09,199sec,11.79,0.21,25,77.5
18:14:11,200sec,11.85,0,25,79.2
18:14:11,201sec,11.79,0.21,25,77.5
18:14:13,202sec,11.88,0.41,25,80
18:14:14,203sec,11.85,0.78,25,79.2
18:14:15,204sec,11.86,0.64,25,79.4
18:14:15,205sec,11.78,0,25,77.2
18:14:17,206sec,11.85,0,25,79.2
18:14:17,207sec,11.79,0,25,77.5
18:14:19,208sec,11.87,0.34,25,79.7
18:14:19,209sec,11.8,0.34,25,77.8
18:14:21,210sec,11.79,0,25,77.5
18:14:21,211sec,11.86,0,25,79.4
18:14:23,212sec,11.8,0.47,25,77.8
18:14:23,213sec,11.83,0,25,78.6
18:14:25,214sec,11.88,0.53,25,80
18:14:26,215sec,11.81,0.26,25,78.1
18:14:27,216sec,11.79,0,25,77.5
18:14:27,217sec,11.76,0,25,76.7
18:14:29,218sec,11.72,0,25,75.6
18:14:29,219sec,11.77,0.24,25,76.9
18:14:31,220sec,11.72,0.39,25,75.6
18:14:31,221sec,11.82,0.45,25,78.3
18:14:33,222sec,11.81,0,25,78.1
18:14:33,223sec,11.85,0.25,25,79.2
18:14:35,224sec,11.83,0,25,78.6
18:14:35,225sec,11.84,0,25,78.9
18:14:37,226sec,11.76,0,25,76.7
18:14:37,227sec,11.81,0,25,78.1
18:14:39,228sec,11.72,0,25,75.6
18:14:39,229sec,11.76,0.42,25,76.7
18:14:41,230sec,11.79,0,25,77.5
18:14:41,231sec,11.76,0.37,25,76.7
18:14:43,232sec,11.81,0,25,78.1
18:14:43,233sec,11.85,0,25,79.2
18:14:45,234sec,11.81,0,25,78.1
18:14:45,235sec,11.84,0,25,78.9
18:14:47,236sec,11.75,0.4,25,76.4
18:14:47,237sec,11.74,0,25,76.1
18:14:49,238sec,11.72,0.3,25,75.6
18:14:49,239sec,11.62,0.7,25,72.8
18:14:51,240sec,11.74,0,25,76.1
18:14:51,241sec,11.79,0,25,77.5
18:14:53,242sec,11.71,0.42,25,75.3
18:14:53,243sec,11.7,0.7,25,75
18:14:55,244sec,11.42,3.25,25,67.2
18:14:56,245sec,11.59,1.89,25,71.9
18:14:57,246sec,11.53,1.82,25,70.3
18:14:57,247sec,11.62,1.42,25,72.8
18:14:59,248sec,11.82,0.34,25,78.3
18:14:59,249sec,11.85,0,25,79.2
18:15:01,250sec,11.74,0,25,76.1
18:15:01,251sec,11.84,0,25,78.9
18:15:03,252sec,11.73,0,25,75.8
18:15:03,253sec,11.7,0.35,25,75
18:15:05,254sec,11.79,0,25,77.5
18:15:05,255sec,11.75,0,25,76.4
18:15:07,256sec,11.75,0.32,25,76.4
18:15:07,257sec,11.8,0,25,77.8
18:15:09,258sec,11.76,0.23,25,76.7
18:15:09,259sec,11.84,0,25,78.9
18:15:11,260sec,11.78,0,25,77.2
18:15:11,261sec,11.8,0.29,25,77.8
18:15:13,262sec,11.75,0,25,76.4
18:15:13,263sec,11.74,0,25,76.1
18:15:15,264sec,11.64,0.59,25,73.3
18:15:15,265sec,11.72,0.24,25,75.6
18:15:19,268sec,11.77,0.48,25,76.9
18:15:20,269sec,11.48,2.12,25,68.9
18:15:20,270sec,11.81,0.38,25,78.1
18:15:22,271sec,11.75,0.37,25,76.4
18:15:22,272sec,11.78,0,25,77.2
18:15:24,273sec,11.76,0.26,25,76.7
18:15:24,274sec,11.82,0,25,78.3
18:15:26,275sec,11.7,0.31,25,75
18:15:26,276sec,11.8,0.53,25,77.8
18:15:28,277sec,11.78,0,25,77.2
18:15:28,278sec,11.76,0,25,76.7
18:15:30,279sec,11.84,0.22,25,78.9
18:15:30,280sec,11.75,0,25,76.4
18:15:32,281sec,11.82,0.42,25,78.3
18:15:32,282sec,11.79,0.34,25,77.5
18:15:34,283sec,11.76,0,25,76.7
18:15:34,284sec,11.74,0.26,25,76.1
18:15:36,285sec,11.69,0.35,25,74.7
18:15:36,286sec,11.72,0,25,75.6
18:15:38,287sec,11.74,0,25,76.1
18:15:38,288sec,11.81,0,25,78.1
18:15:39,289sec,11.7,0.46,25,75
18:15:41,290sec,11.76,0.26,25,76.7
18:15:41,291sec,11.71,0.38,25,75.3
18:15:43,292sec,11.62,0.68,25,72.8
18:15:43,293sec,11.54,1.57,25,70.6
18:15:45,294sec,11.49,1.5,25,69.2
18:15:45,295sec,11.53,1.51,25,70.3
18:15:47,296sec,11.61,0.94,25,72.5
18:15:47,297sec,11.66,0,25,73.9
18:15:49,298sec,11.74,0.4,25,76.1
18:15:49,299sec,11.75,0.5,25,76.4
18:15:51,300sec,11.68,0.37,25,74.4
18:15:51,301sec,11.52,0.98,25,70
18:15:53,302sec,11.43,1.42,25,67.5
18:15:54,303sec,11.42,1.36,25,67.2
18:15:55,304sec,11.48,1.15,25,68.9
18:15:55,305sec,11.66,0.73,25,73.9
18:15:57,306sec,11.66,0.21,25,73.9
18:15:57,307sec,11.7,0,25,75
18:15:59,308sec,11.62,0,25,72.8
18:15:59,309sec,11.62,0.83,25,72.8
18:16:01,310sec,11.44,1.49,25,67.8
18:16:01,311sec,11.54,1.74,25,70.6
18:16:03,312sec,11.41,1.5,25,66.9
18:16:03,313sec,11.61,0.81,25,72.5
18:16:05,314sec,11.7,0,25,75
18:16:05,315sec,11.77,0.48,25,76.9
18:16:07,316sec,11.75,0.33,25,76.4
18:16:07,317sec,11.68,0.41,25,74.4
18:16:09,318sec,11.67,0,25,74.2
18:16:09,319sec,11.72,0.23,25,75.6
18:16:11,320sec,11.68,0,25,74.4
18:16:11,321sec,11.52,1.38,25,70
18:16:13,322sec,11.59,0,25,71.9
18:16:13,323sec,11.66,0.22,25,73.9
18:16:15,324sec,11.67,0.32,25,74.2
18:16:15,325sec,11.63,0,25,73.1
18:16:17,326sec,11.55,0.69,25,70.8
18:16:17,327sec,11.46,1.42,25,68.3
18:16:19,328sec,11.5,1.54,25,69.4
18:16:19,329sec,11.47,1.42,25,68.6
18:16:21,330sec,11.53,0.92,25,70.3
18:16:21,331sec,11.66,0,25,73.9
18:16:23,332sec,11.68,0.33,25,74.4
18:16:23,333sec,11.65,0.38,25,73.6
18:16:25,334sec,11.58,0.37,25,71.7
18:16:25,335sec,11.48,0.75,25,68.9
18:16:27,336sec,11.36,2.02,25,65.6
18:16:28,337sec,11.41,1.39,25,66.9
18:16:29,338sec,11.52,0.96,25,70
18:16:29,339sec,11.5,0,25,69.4
18:16:31,340sec,11.69,0.59,25,74.7
18:16:31,341sec,11.63,0.56,25,73.1
18:16:33,342sec,11.59,0.27,25,71.9
18:16:33,343sec,11.55,0.31,25,70.8
18:16:35,344sec,11.4,1.48,25,66.7
18:16:35,345sec,11.45,1.38,25,68.1
18:16:37,346sec,11.41,1.39,25,66.9
18:16:37,347sec,11.39,1.06,25,66.4
18:16:39,348sec,11.65,0,25,73.6
18:16:39,349sec,11.64,0.53,25,73.3
18:16:41,350sec,11.74,0.44,25,76.1
18:16:41,351sec,11.63,0.29,25,73.1
18:16:43,352sec,11.65,0.38,25,73.6
18:16:43,353sec,11.58,0.24,25,71.7
18:16:45,354sec,11.74,0.39,25,76.1
18:16:45,355sec,11.64,0,25,73.3
18:16:47,356sec,11.56,0,25,71.1
18:16:47,357sec,11.61,0,25,72.5
18:16:49,358sec,11.55,0.41,25,70.8
18:16:49,359sec,11.57,0.33,25,71.4
18:16:51,360sec,11.5,0.73,25,69.4
18:16:51,361sec,11.41,1.39,25,66.9
18:16:53,362sec,11.37,1.57,25,65.8
18:16:53,363sec,11.35,1.42,25,65.3
18:16:55,364sec,11.55,1.01,25,70.8
18:16:55,365sec,11.61,0,25,72.5
18:16:57,366sec,11.67,0.21,25,74.2
18:16:57,367sec,11.65,0.41,25,73.6
18:16:59,368sec,11.55,0.31,25,70.8
18:16:59,369sec,11.51,1.14,25,69.7
18:17:01,370sec,11.34,1.83,25,65
18:17:01,371sec,11.35,1.64,25,65.3
18:17:03,372sec,11.49,1.18,25,69.2
18:17:03,373sec,11.59,0.35,25,71.9
18:17:05,374sec,11.66,0,25,73.9
18:17:05,375sec,11.52,0.23,25,70
18:17:07,376sec,11.71,0.25,25,75.3
18:17:09,378sec,11.67,0.21,25,74.2
18:17:09,378sec,11.25,2.24,25,62.5
18:17:10,379sec,11.43,1.11,25,67.5
18:17:11,380sec,11.37,2.03,25,65.8
18:17:12,381sec,11.34,2.13,25,65
18:17:13,382sec,11.3,2.53,25,63.9
18:17:14,383sec,11.36,1.77,25,65.6
18:17:15,384sec,11.63,0.43,25,73.1
18:17:16,385sec,11.68,0,25,74.4
18:17:17,386sec,11.64,0.39,25,73.3
18:17:18,387sec,11.56,0.64,25,71.1
18:17:19,388sec,11.4,1.69,25,66.7
18:17:20,389sec,11.34,2.4,25,65
18:17:21,390sec,11.29,2.44,25,63.6
18:17:22,391sec,11.4,1.84,25,66.7
18:17:23,392sec,11.51,1.13,25,69.7
18:17:24,393sec,11.63,0.43,25,73.1
18:17:25,394sec,11.58,0,25,71.7
18:17:26,395sec,11.63,0,25,73.1
18:17:27,396sec,11.56,0.59,25,71.1
18:17:28,397sec,11.42,1.62,25,67.2
18:17:29,398sec,11.41,1.94,25,66.9
18:17:30,399sec,11.29,2.13,25,63.6
18:17:31,400sec,11.46,1.22,25,68.3
18:17:32,401sec,11.59,0.45,25,71.9
18:17:33,402sec,11.64,0,25,73.3
18:17:34,403sec,11.61,0.22,25,72.5
18:17:35,404sec,11.62,0.3,25,72.8
18:17:36,405sec,11.42,1.25,25,67.2
18:17:37,406sec,11.34,1.6,25,65
18:17:38,407sec,11.39,1.76,25,66.4
18:17:39,408sec,11.4,1.55,25,66.7
18:17:40,409sec,11.48,0.57,25,68.9
18:17:41,410sec,11.62,0,25,72.8
18:17:42,411sec,11.67,0.3,25,74.2
18:17:43,412sec,11.66,0.38,25,73.9
18:17:44,413sec,11.53,0.32,25,70.3
18:17:45,414sec,11.41,1.23,25,66.9
18:17:46,415sec,11.31,1.37,25,64.2
18:17:47,416sec,11.31,1.87,25,64.2
18:17:48,417sec,11.46,0.81,25,68.3
18:17:49,418sec,11.54,0.32,25,70.6
18:17:50,419sec,11.64,0.22,25,73.3
18:17:51,420sec,11.72,0.24,25,75.6
18:17:52,421sec,11.65,0.35,25,73.6
18:17:53,422sec,11.68,0.47,25,74.4
18:17:54,423sec,11.7,0.38,25,75
18:17:55,424sec,11.54,0,25,70.6
18:17:56,425sec,11.62,0,25,72.8
18:17:57,426sec,11.62,0.44,25,72.8
18:17:58,427sec,11.58,0,25,71.7
18:17:59,428sec,11.64,0.42,25,73.3
18:18:00,429sec,11.65,0.4,25,73.6
18:18:01,430sec,11.58,0.51,25,71.7
18:18:02,431sec,11.6,0.25,25,72.2
18:18:03,432sec,11.67,0.32,25,74.2
18:18:04,433sec,11.59,0.21,25,71.9
18:18:05,434sec,11.65,0.47,25,73.6
18:18:06,435sec,11.55,0,25,70.8
18:18:07,436sec,11.57,0.25,25,71.4
18:18:08,437sec,11.61,0.37,25,72.5
18:18:09,438sec,11.56,0.41,25,71.1
18:18:10,439sec,11.54,0.52,25,70.6
18:18:11,440sec,11.39,1.19,25,66.4
18:18:12,441sec,11.33,1.31,25,64.7
18:18:13,442sec,11.44,1.51,25,67.8
18:18:14,443sec,11.47,0.65,25,68.6
18:18:15,444sec,11.56,0.21,25,71.1
18:18:16,445sec,11.61,0.34,25,72.5
18:18:17,446sec,11.61,0.33,25,72.5
18:18:18,447sec,11.55,0,25,70.8
18:18:19,448sec,11.43,1.02,25,67.5
18:18:20,449sec,11.31,1.57,25,64.2
18:18:21,450sec,11.32,1.19,25,64.4
18:18:22,451sec,11.42,0.64,25,67.2
18:18:23,452sec,11.5,0.26,25,69.4
18:18:24,453sec,11.35,1.51,25,65.3
18:18:25,454sec,11.62,0.49,25,72.8
18:18:26,455sec,11.59,0,25,71.9
18:18:27,456sec,11.51,0.44,25,69.7
18:18:28,457sec,11.36,1.68,25,65.6
18:18:29,458sec,11.36,1.57,25,65.6
18:18:30,459sec,11.42,1.51,25,67.2
18:18:31,460sec,11.41,0.44,25,66.9
18:18:32,461sec,11.52,0,25,70
18:18:33,462sec,11.61,0.59,25,72.5
18:18:34,463sec,11.53,0.62,25,70.3
18:18:35,464sec,11.48,0,25,68.9
18:18:36,465sec,11.4,0.91,25,66.7
18:18:37,466sec,11.32,1.37,25,64.4
18:18:38,467sec,11.35,1.16,25,65.3
18:18:39,468sec,11.39,0.92,25,66.4
18:18:40,469sec,11.46,0,25,68.3
18:18:41,470sec,11.59,0.29,25,71.9
18:18:42,471sec,11.54,0.34,25,70.6
18:18:43,472sec,11.53,0,25,70.3
18:18:44,473sec,11.6,0.41,25,72.2
18:18:45,474sec,11.66,0.43,25,73.9
18:18:46,475sec,11.56,0.56,25,71.1
18:18:47,476sec,11.56,0,25,71.1
18:18:48,477sec,11.58,0.5,25,71.7
18:18:49,478sec,11.47,0.25,25,68.6
18:18:50,479sec,11.55,0.49,25,70.8
18:18:51,480sec,11.58,0.49,25,71.7
18:18:52,481sec,11.6,0.36,25,72.2
18:18:53,482sec,11.58,0.51,25,71.7
18:18:54,483sec,11.64,0.43,25,73.3
18:18:55,484sec,11.55,0,25,70.8
18:18:56,485sec,11.52,0,25,70
18:18:57,486sec,11.59,0.46,25,71.9
18:18:58,487sec,11.59,0.42,25,71.9
18:18:59,488sec,11.6,0.52,25,72.2
18:19:00,489sec,11.59,0.23,25,71.9
18:19:01,490sec,11.56,0.29,25,71.1
18:19:02,491sec,11.53,0.36,25,70.3
18:19:03,492sec,11.56,0,25,71.1
18:19:04,493sec,11.59,0,25,71.9
18:19:05,494sec,11.56,0.43,25,71.1
18:19:06,495sec,11.51,0.43,25,69.7
18:19:07,496sec,11.51,0.4,25,69.7
18:19:08,497sec,11.59,0.36,25,71.9
18:19:09,498sec,11.46,0.25,25,68.3
18:19:10,499sec,11.38,0.8,25,66.1
18:19:11,500sec,11.38,1.55,25,66.1
18:19:12,501sec,11.32,1.39,25,64.4
18:19:13,502sec,11.32,1.16,25,64.4
18:19:14,503sec,11.48,0,25,68.9
18:19:15,504sec,11.58,0.26,25,71.7
18:19:16,505sec,11.53,0,25,70.3
18:19:17,506sec,11.56,0,25,71.1
18:19:18,507sec,11.43,0.72,25,67.5
18:19:19,508sec,11.42,1.54,25,67.2
18:19:20,509sec,11.41,1.47,25,66.9
18:19:21,510sec,11.31,1.33,25,64.2
18:19:22,511sec,11.48,0.81,25,68.9
18:19:23,512sec,11.52,0.24,25,70
18:19:24,513sec,11.57,0.32,25,71.4
18:19:25,514sec,11.51,0.23,25,69.7
18:19:26,515sec,11.51,0,25,69.7
18:19:27,516sec,11.38,0.8,25,66.1
18:19:28,517sec,11.29,1.64,25,63.6
18:19:29,518sec,11.3,1.48,25,63.9
18:19:30,519sec,11.35,1.08,25,65.3
18:19:31,520sec,11.49,0,25,69.2
18:19:32,521sec,11.56,0.4,25,71.1
18:19:33,522sec,11.59,0.37,25,71.9
18:19:34,523sec,11.52,0,25,70
18:19:35,524sec,11.58,0.33,25,71.7
18:19:36,525sec,11.57,0.23,25,71.4
18:19:37,526sec,11.54,0.6,25,70.6
18:19:38,527sec,11.54,0.27,25,70.6
18:19:39,528sec,11.48,0.24,25,68.9
18:19:43,532sec,11.57,0.23,25,71.4
18:19:43,532sec,11.31,1.31,25,64.2
18:19:44,533sec,11.48,0.62,25,68.9
18:19:45,534sec,11.55,0.25,25,70.8
18:19:46,535sec,11.29,1.73,25,63.6
18:19:47,536sec,11.39,0.84,25,66.4
18:19:48,537sec,11.44,0,25,67.8
18:19:49,538sec,11.57,0.5,25,71.4
18:19:50,539sec,11.53,0.44,25,70.3
18:19:51,540sec,11.54,0,25,70.6
18:19:52,541sec,11.4,0.8,25,66.7
18:19:53,542sec,11.35,1.34,25,65.3
18:19:54,543sec,11.38,1.15,25,66.1
18:19:55,544sec,11.41,0.85,25,66.9
18:19:56,545sec,11.53,0.52,25,70.3
18:19:57,546sec,11.51,0,25,69.7
18:19:58,547sec,11.58,0.32,25,71.7
18:19:59,548sec,11.53,0.43,25,70.3
18:20:00,549sec,11.47,0,25,68.6
18:20:01,550sec,11.35,0.7,25,65.3
18:20:02,551sec,11.32,1.33,25,64.4
18:20:03,552sec,11.31,1.68,25,64.2
18:20:04,553sec,11.44,0.94,25,67.8
18:20:05,554sec,11.48,0.21,25,68.9
18:20:06,555sec,11.53,0.46,25,70.3
18:20:07,556sec,11.61,0.56,25,72.5
18:20:08,557sec,11.55,0,25,70.8
18:20:09,558sec,11.43,0.68,25,67.5
18:20:10,559sec,11.32,1.34,25,64.4
18:20:11,560sec,11.35,1.16,25,65.3
18:20:12,561sec,11.35,1.17,25,65.3
18:20:13,562sec,11.46,0.53,25,68.3
18:20:14,563sec,11.58,0.31,25,71.7
18:20:15,564sec,11.57,0.49,25,71.4
18:20:16,565sec,11.58,0.48,25,71.7
18:20:17,566sec,11.47,0,25,68.6
18:20:18,567sec,11.41,0.99,25,66.9
18:20:19,568sec,11.32,1.09,25,64.4
18:20:20,569sec,11.23,1.44,25,61.9
18:20:21,570sec,11.38,0.64,25,66.1
18:20:22,571sec,11.47,0,25,68.6
18:20:23,572sec,11.55,0.6,25,70.8
18:20:24,573sec,11.17,2.1,25,60.3
18:20:25,574sec,11.54,0,25,70.6
18:20:26,575sec,11.44,0.5,25,67.8
18:20:27,576sec,11.3,1.09,25,63.9
18:20:28,577sec,11.31,1.32,25,64.2
18:20:29,578sec,11.29,1.21,25,63.6
18:20:30,579sec,11.5,0.53,25,69.4
18:20:31,580sec,11.5,0.26,25,69.4
18:20:32,581sec,11.57,0.49,25,71.4
18:20:33,582sec,11.53,0.53,25,70.3
18:20:34,583sec,11.42,0,25,67.2
18:20:35,584sec,11.29,0.91,25,63.6
18:20:36,585sec,11.23,1.42,25,61.9
18:20:37,586sec,11.29,1.06,25,63.6
18:20:38,587sec,11.4,0.54,25,66.7
18:20:39,588sec,11.45,0,25,68.1
18:20:40,589sec,11.55,0.73,25,70.8
18:20:41,590sec,11.54,0.57,25,70.6
18:20:42,591sec,11.56,0,25,71.1
18:20:43,592sec,11.44,0.25,25,67.8
18:20:44,593sec,11.32,1.41,25,64.4
18:20:45,594sec,11.31,1.35,25,64.2
18:20:46,595sec,11.34,1.33,25,65
18:20:47,596sec,11.39,0.29,25,66.4
18:20:48,597sec,11.55,0.22,25,70.8
18:20:49,598sec,11.57,0.44,25,71.4
18:20:50,599sec,11.55,0.42,25,70.8
18:20:51,600sec,11.45,0,25,68.1
18:20:52,601sec,11.33,0.91,25,64.7
18:20:53,602sec,11.3,1.11,25,63.9
18:20:54,603sec,11.5,0.24,25,69.4
18:20:55,604sec,11.55,0.3,25,70.8
18:20:56,605sec,11.46,0.63,25,68.3
18:20:57,606sec,11.49,0.58,25,69.2
18:20:58,607sec,11.56,0.5,25,71.1
18:20:59,608sec,11.6,0.58,25,72.2
18:21:00,609sec,11.61,0.34,25,72.5
18:21:01,610sec,11.56,0.46,25,71.1
18:21:02,611sec,11.62,0.46,25,72.8
18:21:03,612sec,11.49,0,25,69.2
18:21:04,613sec,11.56,0.49,25,71.1
18:21:05,614sec,11.54,0,25,70.6
18:21:06,615sec,11.52,0.49,25,70
18:21:07,616sec,11.14,2.5,25,59.4
18:21:08,617sec,11.45,0,25,68.1
18:21:09,618sec,11.31,0.91,25,64.2
18:21:10,619sec,11.33,1.35,25,64.7
18:21:11,620sec,11.36,1.18,25,65.6
18:21:12,621sec,11.45,1.99,25,68.1
18:21:13,622sec,11.26,0.86,25,62.8
18:21:14,623sec,11.52,0,25,70
18:21:15,624sec,11.52,0,25,70
18:21:16,625sec,11.51,0.25,25,69.7
18:21:17,626sec,11.43,1.04,25,67.5
18:21:18,627sec,11.31,1.81,25,64.2
18:21:19,628sec,11.28,2.02,25,63.3
18:21:20,629sec,11.32,1.75,25,64.4
18:21:21,630sec,11.4,0.83,25,66.7
18:21:22,631sec,11.53,0.21,25,70.3
18:21:23,632sec,11.55,0,25,70.8
18:21:24,633sec,11.55,0,25,70.8
18:21:25,634sec,11.5,0.59,25,69.4
18:21:26,635sec,11.37,1.15,25,65.8
18:21:27,636sec,11.38,1.89,25,66.1
18:21:28,637sec,11.33,1.7,25,64.7
18:21:29,638sec,11.35,1.26,25,65.3
18:21:30,639sec,11.52,0.45,25,70
18:21:31,640sec,11.59,0,25,71.9
18:21:32,641sec,11.59,0,25,71.9
18:21:33,642sec,11.52,0,25,70
18:21:34,643sec,11.45,0.86,25,68.1
18:21:35,644sec,11.32,1.54,25,64.4
18:21:36,645sec,11.25,2.29,25,62.5
18:21:37,646sec,11.34,1.57,25,65
18:21:38,647sec,11.4,0.78,25,66.7
18:21:39,648sec,11.51,0,25,69.7
18:21:40,649sec,11.54,0,25,70.6
18:21:41,650sec,11.54,0,25,70.6
18:21:42,651sec,11.59,0,25,71.9
18:21:43,652sec,11.53,0,25,70.3
18:21:44,653sec,11.53,0,25,70.3
18:21:45,654sec,11.54,0,25,70.6
18:21:46,655sec,11.51,0,25,69.7
18:21:47,656sec,11.48,0.66,25,68.9
18:21:48,657sec,11.59,0.3,25,71.9
18:21:49,658sec,11.54,0,25,70.6
18:21:50,659sec,11.54,0,25,70.6
18:21:51,660sec,11.44,0.93,25,67.8
18:21:52,661sec,11.3,1.75,25,63.9
18:21:53,662sec,11.28,1.72,25,63.3
18:21:54,663sec,11.35,1.67,25,65.3
18:21:55,664sec,11.39,1.12,25,66.4
18:21:56,665sec,11.49,0.33,25,69.2
18:21:57,666sec,11.6,0,25,72.2
18:21:58,667sec,11.56,0,25,71.1
18:21:59,668sec,11.51,0,25,69.7
18:22:00,669sec,11.44,0.39,25,67.8
18:22:01,670sec,11.49,0.48,25,69.2
18:22:02,671sec,11.52,0.42,25,70
18:22:03,672sec,11.53,0.86,25,70.3
18:22:06,675sec,11.55,0,25,70.8
18:22:06,675sec,11.21,2.8,25,61.4
18:22:07,676sec,11.26,2.2,25,62.8
18:22:08,677sec,11.25,2.16,25,62.5
18:22:09,678sec,11.35,1.75,25,65.3
18:22:10,679sec,11.44,1.08,25,67.8
18:22:11,680sec,11.5,0,25,69.4
18:22:12,681sec,11.58,0,25,71.7
18:22:13,682sec,11.49,0.53,25,69.2
18:22:14,683sec,11.36,1.07,25,65.6
18:22:15,684sec,11.28,2.22,25,63.3
18:22:16,685sec,11.19,2.3,25,60.8
18:22:17,686sec,11.21,2.06,25,61.4
18:22:18,687sec,11.35,1.13,25,65.3
18:22:19,688sec,11.47,0.43,25,68.6
18:22:20,689sec,11.54,0,25,70.6
18:22:21,690sec,11.53,0,25,70.3
18:22:22,691sec,11.46,0.84,25,68.3
18:22:23,692sec,11.36,1.52,25,65.6
18:22:24,693sec,11.22,2.17,25,61.7
18:22:25,694sec,11.2,2.49,25,61.1
18:22:26,695sec,11.35,1.87,25,65.3
18:22:27,696sec,11.45,0.92,25,68.1
18:22:28,697sec,11.53,0.24,25,70.3
18:22:29,698sec,11.53,0,25,70.3
18:22:30,699sec,11.5,0.41,25,69.4
18:22:31,700sec,11.39,1.24,25,66.4
18:22:32,701sec,11.26,1.98,25,62.8
18:22:33,702sec,11.26,2.12,25,62.8
18:22:34,703sec,11.22,2.23,25,61.7
18:22:35,704sec,11.33,1.37,25,64.7
18:22:36,705sec,11.09,3.07,25,58.1
18:22:37,706sec,11.48,0,25,68.9
18:22:38,707sec,11.49,0,25,69.2
18:22:39,708sec,11.45,0.72,25,68.1
18:22:40,709sec,11.4,1.63,25,66.7
18:22:41,710sec,11.14,3.7,25,59.4
18:22:42,711sec,11.25,2.02,25,62.5
18:22:43,712sec,11.27,1.79,25,63.1
18:22:44,713sec,11.38,0.78,25,66.1
18:22:45,714sec,11.52,0,25,70
18:22:46,715sec,11.51,0,25,69.7
18:22:47,716sec,11.51,0.46,25,69.7
18:22:48,717sec,11.33,1.01,25,64.7
18:22:49,718sec,11.22,2.07,25,61.7
18:22:50,719sec,11.28,2.06,25,63.3
18:22:51,720sec,11.22,1.87,25,61.7
18:22:52,721sec,11.4,1.52,25,66.7
18:22:53,722sec,11.43,0.45,25,67.5
18:22:54,723sec,11.52,0,25,70
18:22:55,724sec,11.48,0,25,68.9
18:22:56,725sec,11.41,0.77,25,66.9
18:22:57,726sec,11.34,1.36,25,65
18:22:58,727sec,11.21,2.33,25,61.4
18:22:59,728sec,11.26,2.1,25,62.8
18:23:00,729sec,11.29,1.9,25,63.6
18:23:01,730sec,11.44,0.64,25,67.8
18:23:02,731sec,11.5,0,25,69.4
18:23:03,732sec,11.5,0.21,25,69.4
18:23:04,733sec,11.44,0.28,25,67.8
18:23:05,734sec,11.4,1.09,25,66.7
18:23:06,735sec,11.32,1.91,25,64.4
18:23:07,736sec,11.23,1.94,25,61.9
18:23:08,737sec,11.23,2.13,25,61.9
18:23:09,738sec,11.32,1.27,25,64.4
18:23:10,739sec,11.47,0.46,25,68.6
18:23:11,740sec,11.49,0,25,69.2
18:23:12,741sec,11.5,0,25,69.4
18:23:13,742sec,11.07,3.44,25,57.5
18:23:14,743sec,11.3,1.29,25,63.9
18:23:15,744sec,11.18,2.42,25,60.6
18:23:16,745sec,11.22,2.25,25,61.7
18:23:17,746sec,11.23,1.75,25,61.9
18:23:18,747sec,11.38,0.59,25,66.1
18:23:19,748sec,11.51,0,25,69.7
18:23:20,749sec,11.47,0,25,68.6
18:23:21,750sec,11.49,0.44,25,69.2
18:23:22,751sec,11.38,0.95,25,66.1
18:23:23,752sec,11.27,1.73,25,63.1
18:23:24,753sec,11.28,2.37,25,63.3
18:23:25,754sec,11.23,2.15,25,61.9
18:23:26,755sec,11.35,1.44,25,65.3
18:23:27,756sec,11.41,0.46,25,66.9
18:23:28,757sec,11.47,0,25,68.6
18:23:29,758sec,11.54,0,25,70.6
18:23:30,759sec,11.43,0.66,25,67.5
18:23:31,760sec,11.32,1.35,25,64.4
18:23:32,761sec,11.14,2.46,25,59.4
18:23:33,762sec,11.25,2.02,25,62.5
18:23:34,763sec,11.24,1.84,25,62.2
18:23:35,764sec,11.39,0.68,25,66.4
18:23:37,766sec,11.21,1.94,25,61.4
18:23:37,766sec,11.19,2.45,25,60.8
18:23:38,767sec,11.38,0.88,25,66.1
18:23:39,768sec,11.25,1.8,25,62.5
18:23:40,769sec,11.15,3.09,25,59.7
18:23:41,770sec,11.19,2.29,25,60.8
18:23:42,771sec,11.29,1.68,25,63.6
18:23:43,772sec,11.39,0.74,25,66.4
18:23:44,773sec,11.45,0.21,25,68.1
18:23:45,774sec,11.51,0,25,69.7
18:23:46,775sec,11.47,0.24,25,68.6
18:23:47,776sec,11.53,0,25,70.3
18:23:48,777sec,11.48,0,25,68.9
18:23:49,778sec,11.46,0.45,25,68.3
18:23:50,779sec,11.51,0,25,69.7
18:23:51,780sec,11.44,0.3,25,67.8
18:23:52,781sec,11.43,0.38,25,67.5
18:23:53,782sec,11.48,0,25,68.9
18:23:54,783sec,11.49,0,25,69.2
18:23:55,784sec,11.49,0,25,69.2
18:23:56,785sec,11.49,0,25,69.2
18:23:57,786sec,11.38,0.45,25,66.1
18:23:58,787sec,11.4,0.45,25,66.7
18:23:59,788sec,11.43,0,25,67.5
18:24:00,789sec,11.41,0,25,66.9
18:24:01,790sec,11.45,0,25,68.1
18:24:02,791sec,11.45,0,25,68.1
18:24:03,792sec,11.48,0,25,68.9
18:24:04,793sec,11.49,0,25,69.2
18:24:05,794sec,11.51,0,25,69.7
18:24:06,795sec,11.44,0.52,25,67.8
18:24:07,796sec,11.26,1.76,25,62.8
18:24:08,797sec,11.37,1.03,25,65.8
18:24:09,798sec,11.45,0.24,25,68.1
18:24:10,799sec,11.44,0,25,67.8
18:24:11,800sec,11.44,0,25,67.8
18:24:12,801sec,11.41,0.63,25,66.9
18:24:13,802sec,11.24,1.57,25,62.2
18:24:14,803sec,11.21,2.11,25,61.4
18:24:15,804sec,11.22,2.33,25,61.7
18:24:16,805sec,11.32,1.43,25,64.4
18:24:17,806sec,11.42,0.62,25,67.2
18:24:18,807sec,11.55,0,25,70.8
18:24:19,808sec,11.47,0,25,68.6
18:24:20,809sec,11.47,0.44,25,68.6
18:24:21,810sec,11.31,1.14,25,64.2
18:24:22,811sec,11.22,1.89,25,61.7
18:24:23,812sec,11.2,2.01,25,61.1
18:24:24,813sec,11.17,2.08,25,60.3
18:24:25,814sec,11.27,0.87,25,63.1
18:24:26,815sec,11.39,0.31,25,66.4
18:24:27,816sec,11.46,0,25,68.3
18:24:28,817sec,11.44,0,25,67.8
18:24:29,818sec,11.51,0,25,69.7
18:24:30,819sec,11.55,0,25,70.8
18:24:31,820sec,11.48,0,25,68.9
18:24:32,821sec,11.5,0.48,25,69.4
18:24:33,822sec,11.51,0,25,69.7
18:24:34,823sec,11.43,0.27,25,67.5
18:24:35,824sec,11.46,0,25,68.3
18:24:36,825sec,11.42,0,25,67.2
18:24:37,826sec,11.39,0.4,25,66.4
18:24:38,827sec,11.26,0.75,25,62.8
18:24:39,828sec,11.18,1.93,25,60.6
18:24:40,829sec,11.23,1.96,25,61.9
18:24:41,830sec,11.2,1.97,25,61.1
18:24:42,831sec,11.36,1.11,25,65.6
18:24:43,832sec,11.39,0.28,25,66.4
18:24:44,833sec,11.5,0,25,69.4
18:24:45,834sec,11.47,0,25,68.6
18:24:46,835sec,11.44,0.56,25,67.8
18:24:47,836sec,11.21,1.66,25,61.4
18:24:48,837sec,11.17,1.99,25,60.3
18:24:49,838sec,11.19,1.9,25,60.8
18:24:50,839sec,11.25,1.18,25,62.5
18:24:51,840sec,11.37,0.53,25,65.8
18:24:52,841sec,11.45,0,25,68.1
18:24:53,842sec,11.46,0,25,68.3
18:24:54,843sec,11.47,0,25,68.6
18:24:55,844sec,11.45,0,25,68.1
18:24:56,845sec,11.42,0.2,25,67.2
18:24:57,846sec,11.42,0,25,67.2
18:24:58,847sec,11.44,0,25,67.8
18:24:59,848sec,11.45,0,25,68.1
18:25:00,849sec,11.45,0,25,68.1
18:25:01,850sec,11.48,0,25,68.9
18:25:02,851sec,11.45,0,25,68.1
18:25:03,852sec,11.45,0,25,68.1
18:25:04,853sec,11.47,0,25,68.6
18:25:05,854sec,11.48,0,25,68.9
18:25:06,855sec,11.4,0,25,66.7
18:25:07,856sec,11.32,0.58,25,64.4
18:25:08,857sec,11.4,0,25,66.7
18:25:09,858sec,11.4,0,25,66.7
18:25:10,859sec,11.41,0,25,66.9
18:25:11,860sec,11.43,0,25,67.5
18:25:12,861sec,11.4,0,25,66.7
18:25:13,862sec,11.44,0,25,67.8
18:25:14,863sec,11.46,0,25,68.3
18:25:15,864sec,11.41,0.34,25,66.9
18:25:16,865sec,11.43,0,25,67.5
18:25:17,866sec,11.42,0.28,25,67.2
18:25:18,867sec,11.43,0,25,67.5
18:25:19,868sec,11.48,0,25,68.9
18:25:20,869sec,11.46,0,25,68.3
18:25:21,870sec,11.46,0,25,68.3
18:25:22,871sec,11.4,0,25,66.7
18:25:23,872sec,11.39,0.26,25,66.4
18:25:24,873sec,11.4,0.31,25,66.7
18:25:25,874sec,11.43,0,25,67.5
18:25:26,875sec,11.44,0,25,67.8
18:25:27,876sec,11.46,0,25,68.3
18:25:28,877sec,11.45,0,25,68.1
18:25:29,878sec,11.45,0,25,68.1
18:25:30,879sec,11.5,0,25,69.4
18:25:31,880sec,11.44,0,25,67.8
18:25:32,881sec,11.4,0.24,25,66.7
18:25:33,882sec,11.43,0,25,67.5
18:25:34,883sec,11.4,0,25,66.7
18:25:35,884sec,11.42,0,25,67.2
18:25:36,885sec,11.43,0,25,67.5
18:25:37,886sec,11.44,0,25,67.8
18:25:38,887sec,11.41,0,25,66.9
18:25:39,888sec,11.44,0,25,67.8
18:25:40,889sec,11.4,0.29,25,66.7
18:25:42,891sec,11.34,0,25,65
18:25:42,892sec,11.14,2.15,25,59.4
18:25:43,892sec,11.35,0.96,25,65.3
18:25:44,893sec,11.21,1.51,25,61.4
18:25:45,894sec,11.18,1.93,25,60.6
18:25:46,896sec,11.22,2.58,25,61.7
18:25:47,896sec,11.28,1.26,25,63.3
18:25:49,898sec,11.34,0.44,25,65
18:25:49,898sec,11.47,0,25,68.6
18:25:50,899sec,11.41,0,25,66.9
18:25:51,900sec,11.39,0.31,25,66.4
18:25:52,901sec,11.21,1.37,25,61.4
18:25:53,902sec,11.21,2.38,25,61.4
18:25:54,903sec,11.06,2.34,25,57.2
18:25:55,904sec,11.19,1.76,25,60.8
18:25:56,905sec,11.29,0.75,25,63.6
18:25:57,906sec,11.33,0.22,25,64.7
18:25:58,908sec,11.41,0,25,66.9
18:25:59,908sec,11.41,0,25,66.9
18:26:00,909sec,11.34,0.51,25,65
18:26:01,910sec,11.23,1.95,25,61.9
18:26:02,911sec,11.21,2.09,25,61.4
18:26:03,912sec,11.15,2.86,25,59.7
18:26:04,914sec,11.27,1.56,25,63.1
18:26:05,915sec,11.32,0.7,25,64.4
18:26:06,915sec,11.43,0,25,67.5
18:26:07,916sec,11.43,0,25,67.5
18:26:08,917sec,11.36,0.45,25,65.6
18:26:09,918sec,11.29,1.37,25,63.6
18:26:10,920sec,11.15,2.07,25,59.7
18:26:11,920sec,11.16,2.02,25,60
18:26:13,922sec,11.2,1.75,25,61.1
18:26:13,922sec,10.98,3.44,25,55
18:26:14,924sec,11.4,0.39,25,66.7
18:26:15,924sec,11.42,0,25,67.2
18:26:16,925sec,11.37,0,25,65.8
18:26:17,926sec,11,3.24,25,55.6
18:26:19,928sec,11.26,1.32,25,62.8
18:26:19,929sec,11.11,2.24,25,58.6
18:26:20,929sec,11.17,2.14,25,60.3
18:26:21,931sec,11.15,1.7,25,59.7
18:26:22,932sec,11.35,0.62,25,65.3
18:26:23,932sec,11.42,0,25,67.2
18:26:24,933sec,11.48,0,25,68.9
18:26:25,934sec,11.41,0.46,25,66.9
18:26:26,935sec,11.3,1.06,25,63.9
18:26:27,936sec,11.09,1.64,25,58.1
18:26:28,937sec,11.14,1.94,25,59.4
18:26:29,938sec,11.15,2.1,25,59.7
18:26:30,939sec,11.26,1.5,25,62.8
18:26:31,940sec,11.37,0.68,25,65.8
18:26:32,941sec,11.44,0,25,67.8
18:26:33,942sec,11.42,0,25,67.2
18:26:34,943sec,11.42,0,25,67.2
18:26:35,944sec,11.38,0,25,66.1
18:26:36,945sec,11.33,0.3,25,64.7
18:26:37,946sec,11.41,0,25,66.9
18:26:38,947sec,11.4,0.28,25,66.7
18:26:39,948sec,11.46,0,25,68.3
18:26:40,949sec,11.44,0,25,67.8
18:26:42,951sec,11.39,0,25,66.4
18:26:42,951sec,11.43,0.49,25,67.5
18:26:43,952sec,11.26,1.09,25,62.8
18:26:44,953sec,11.16,1.57,25,60
18:26:45,954sec,11.1,2.02,25,58.3
18:26:46,955sec,11.09,2.02,25,58.1
18:26:47,956sec,11.21,1.31,25,61.4
18:26:48,958sec,11.41,0.4,25,66.9
18:26:49,958sec,11.4,0,25,66.7
18:26:50,959sec,11.38,0,25,66.1
18:26:51,960sec,11.29,0.82,25,63.6
18:26:52,961sec,11.39,0,25,66.4
18:26:53,962sec,11.26,0.32,25,62.8
18:26:54,963sec,11.36,0,25,65.6
18:26:55,964sec,11.35,0.31,25,65.3
18:26:56,965sec,11.41,0,25,66.9
18:26:57,966sec,11.39,0,25,66.4
18:26:58,967sec,11.41,0,25,66.9
18:26:59,968sec,11.39,0,25,66.4
18:27:00,969sec,11.36,0,25,65.6
18:27:01,970sec,11.41,0,25,66.9
18:27:02,971sec,11.32,0.37,25,64.4
18:27:03,972sec,11.37,0,25,65.8
18:27:04,973sec,11.33,0.32,25,64.7
18:27:08,977sec,11.34,0,25,65
18:27:08,977sec,11.03,2.32,25,56.4
18:27:09,978sec,11.41,0,25,66.9
18:27:10,979sec,11.35,0,25,65.3
18:27:11,980sec,11.36,0,25,65.6
18:27:12,981sec,11.38,0,25,66.1
18:27:13,982sec,11.37,0.37,25,65.8
18:27:14,983sec,11.37,0,25,65.8
18:27:15,984sec,11.37,0.25,25,65.8
18:27:16,985sec,11.32,0,25,64.4
18:27:17,986sec,11.39,0,25,66.4
18:27:18,987sec,11.42,0,25,67.2
18:27:19,988sec,11.31,0.41,25,64.2
18:27:20,989sec,11.23,0.89,25,61.9
18:27:21,990sec,11.09,1.57,25,58.1
18:27:22,991sec,11.09,2.22,25,58.1
18:27:23,992sec,11.07,1.89,25,57.5
18:27:24,993sec,11.19,1.33,25,60.8
18:27:25,994sec,11.1,2.02,25,58.3
18:27:26,995sec,11.36,0,25,65.6
18:27:27,996sec,11.35,0,25,65.3
18:27:28,997sec,11.25,0.42,25,62.5
18:27:29,998sec,11.23,1.26,25,61.9
18:27:30,999sec,11.11,2.05,25,58.6
18:27:32,1001sec,11.1,2.25,25,58.3
18:27:32,1001sec,11.18,1.68,25,60.6
18:27:33,1002sec,11.21,0.9,25,61.4
18:27:34,1003sec,11.34,0,25,65
18:27:35,1004sec,11.39,0,25,66.4
18:27:36,1005sec,11.39,0,25,66.4
18:27:37,1006sec,11.22,0.98,25,61.7
18:27:38,1007sec,11.08,1.53,25,57.8
18:27:39,1008sec,11.06,2.28,25,57.2
18:27:40,1009sec,11.05,1.94,25,56.9
18:27:41,1010sec,11.16,1.19,25,60
18:27:42,1011sec,11.34,0.32,25,65
18:27:43,1012sec,11.34,0,25,65
18:27:44,1013sec,11.33,0,25,64.7
18:27:45,1014sec,11.02,0.68,25,56.1
18:27:46,1015sec,11.12,1.26,25,58.9
18:27:47,1016sec,11.05,1.83,25,56.9
18:27:48,1017sec,11.06,1.86,25,57.2
18:27:49,1018sec,11.12,1.54,25,58.9
18:27:50,1019sec,11.24,0.99,25,62.2
18:27:51,1020sec,11.34,0,25,65
18:27:52,1022sec,11.36,0,25,65.6
18:27:53,1022sec,11.35,0,25,65.3
18:27:54,1023sec,11.23,0.91,25,61.9
18:27:55,1024sec,11.15,1.48,25,59.7
18:27:56,1025sec,11.06,2.12,25,57.2
18:27:57,1026sec,11.08,1.95,25,57.8
18:27:58,1027sec,11.16,1.23,25,60
18:27:59,1028sec,11.27,0.4,25,63.1
18:28:00,1029sec,11.39,0,25,66.4
18:28:01,1030sec,11.33,0,25,64.7
18:28:02,1031sec,11.29,0.55,25,63.6
18:28:03,1032sec,11.16,1.22,25,60
18:28:04,1033sec,11.04,1.8,25,56.7
18:28:05,1034sec,11.06,2.16,25,57.2
18:28:06,1035sec,11.12,1.65,25,58.9
18:28:07,1036sec,11.2,1,25,61.1
18:28:08,1037sec,11.34,0,25,65
18:28:09,1038sec,11.32,0,25,64.4
18:28:10,1039sec,11.32,0,25,64.4
18:28:11,1040sec,11.2,1.19,25,61.1
18:28:12,1041sec,11.36,0,25,65.6
18:28:13,1042sec,11.36,0,25,65.6
18:28:14,1043sec,11.37,0,25,65.8
18:28:15,1044sec,11.31,0.31,25,64.2
18:28:16,1045sec,11.32,0.39,25,64.4
18:28:17,1046sec,11.33,0,25,64.7
18:28:18,1047sec,11.37,0,25,65.8
18:28:19,1048sec,11.39,0,25,66.4
18:28:20,1049sec,11.4,0,25,66.7
18:28:21,1050sec,11.31,0.25,25,64.2
18:28:22,1051sec,11.28,0.34,25,63.3
18:28:23,1052sec,11.36,0,25,65.6
18:28:24,1053sec,11.3,0.24,25,63.9
18:28:25,1054sec,11.38,0,25,66.1
18:28:26,1055sec,11.34,0,25,65
18:28:27,1056sec,11.37,0,25,65.8
18:28:28,1057sec,11.34,0,25,65
18:28:29,1058sec,11.37,0,25,65.8
18:28:30,1059sec,11.29,0,25,63.6
18:28:31,1060sec,11.34,0.22,25,65
18:28:32,1061sec,11.32,0.26,25,64.4
18:28:33,1062sec,11.29,0.25,25,63.6
18:28:34,1063sec,11.34,0,25,65
18:28:35,1064sec,11.32,0,25,64.4
18:28:36,1065sec,11.31,0.2,25,64.2
18:28:37,1066sec,11.33,0,25,64.7
18:28:38,1067sec,11.33,0,25,64.7
18:28:39,1068sec,11.34,0,25,65
18:28:40,1069sec,11.34,0,25,65
18:28:41,1070sec,11.35,0,25,65.3
18:28:42,1071sec,11.35,0,25,65.3
18:28:43,1072sec,11.3,0,25,63.9
18:28:44,1073sec,11.31,0,25,64.2
18:28:45,1074sec,11.36,0,25,65.6
18:28:46,1075sec,11.33,0,25,64.7
18:28:47,1076sec,11.3,0,25,63.9
18:28:48,1077sec,11.31,0,25,64.2
18:28:49,1078sec,11.32,0,25,64.4
18:28:50,1079sec,11.26,0.23,25,62.8
18:28:51,1080sec,11.34,0,25,65
18:28:52,1081sec,11.28,0,25,63.3
18:28:53,1082sec,11.28,0.26,25,63.3
18:28:54,1083sec,11.15,1.41,25,59.7
18:28:55,1084sec,11.04,1.72,25,56.7
18:28:56,1085sec,11.08,2.25,25,57.8
18:28:57,1086sec,11.11,1.52,25,58.6
18:28:58,1087sec,11.2,1.01,25,61.1
18:28:59,1088sec,11.3,0.23,25,63.9
18:29:00,1090sec,11.28,0,25,63.3
18:29:01,1090sec,11.32,0,25,64.4
18:29:02,1091sec,11.18,0.73,25,60.6
18:29:03,1092sec,11.15,1.47,25,59.7
18:29:04,1093sec,11.08,1.91,25,57.8
18:29:06,1095sec,10.98,2.13,25,55
18:29:06,1095sec,11.1,1.3,25,58.3
18:29:07,1096sec,11.22,0.45,25,61.7
18:29:08,1097sec,11.32,0,25,64.4
18:29:09,1098sec,11.28,0,25,63.3
18:29:10,1099sec,11.24,0.61,25,62.2
18:29:11,1100sec,11.12,1.09,25,58.9
18:29:12,1101sec,11.08,1.95,25,57.8
18:29:13,1102sec,11.04,2.25,25,56.7
18:29:14,1103sec,11.14,1.45,25,59.4
18:29:15,1104sec,11.17,0.78,25,60.3
18:29:16,1105sec,11.27,0.26,25,63.1
18:29:17,1106sec,11.27,0,25,63.1
18:29:18,1107sec,11.3,0.35,25,63.9
18:29:19,1109sec,11.24,0.52,25,62.2
18:29:20,1109sec,11.1,1.89,25,58.3
18:29:21,1110sec,11.04,1.78,25,56.7
18:29:22,1111sec,11.04,2.1,25,56.7
18:29:23,1112sec,11.21,1.25,25,61.4
18:29:24,1113sec,11.22,0.44,25,61.7
18:29:25,1114sec,11.33,0.27,25,64.7
18:29:26,1115sec,11.29,0,25,63.6
18:29:27,1116sec,11.27,0.37,25,63.1
18:29:28,1117sec,11.14,1.13,25,59.4
18:29:29,1118sec,10.99,1.93,25,55.3
18:29:30,1119sec,11.08,1.98,25,57.8
18:29:31,1120sec,11.13,1.38,25,59.2
18:29:32,1121sec,11.19,0.64,25,60.8
18:29:33,1122sec,11.27,0,25,63.1
18:29:34,1123sec,11.28,0.26,25,63.3
18:29:35,1124sec,11.29,0,25,63.6
18:29:36,1125sec,11.19,0.58,25,60.8
18:29:37,1126sec,11.07,1.44,25,57.5
18:29:38,1127sec,11.03,1.75,25,56.4
18:29:39,1128sec,11.03,2.21,25,56.4
18:29:40,1129sec,11.14,1.13,25,59.4
18:29:41,1130sec,11.24,0.45,25,62.2
18:29:42,1131sec,11.29,0,25,63.6
18:29:43,1132sec,11.3,0,25,63.9
18:29:44,1133sec,11.25,0,25,62.5
18:29:45,1134sec,11.09,1.06,25,58.1
18:29:46,1135sec,11.07,1.75,25,57.5
18:29:47,1136sec,11.07,1.81,25,57.5
18:29:48,1137sec,11.04,1.92,25,56.7
18:29:49,1138sec,11.15,0.59,25,59.7
18:29:50,1139sec,11.23,0,25,61.9
18:29:51,1140sec,11.27,0,25,63.1
18:29:52,1141sec,11.31,0.28,25,64.2
18:29:53,1142sec,11.2,0.37,25,61.1
18:29:54,1143sec,11.09,1.5,25,58.1
18:29:55,1144sec,11.06,1.79,25,57.2
18:29:56,1145sec,11.03,2.12,25,56.4
18:29:57,1146sec,11.16,1.09,25,60
18:29:58,1147sec,11.25,0.55,25,62.5
18:29:59,1148sec,11.27,0,25,63.1
18:30:00,1149sec,11.27,0,25,63.1
18:30:01,1150sec,11.22,0.28,25,61.7
18:30:02,1151sec,11.14,0.96,25,59.4
18:30:03,1152sec,11.05,1.84,25,56.9
18:30:04,1153sec,11.06,1.7,25,57.2
18:30:05,1154sec,11.03,1.82,25,56.4
18:30:06,1155sec,11.15,1.04,25,59.7
18:30:07,1156sec,11.24,0,25,62.2
18:30:08,1157sec,11.34,0,25,65
18:30:09,1158sec,11.27,0,25,63.1
18:30:10,1159sec,11.18,0.37,25,60.6
18:30:11,1160sec,11.03,1.5,25,56.4
18:30:12,1161sec,11.04,1.69,25,56.7
18:30:13,1162sec,11.26,0,25,62.8
18:30:14,1163sec,11.27,0,25,63.1
18:30:15,1164sec,11.24,0,25,62.2
18:30:16,1165sec,11.26,0.29,25,62.8
18:30:17,1166sec,11.29,0,25,63.6
18:30:18,1167sec,11.18,0,25,60.6
18:30:19,1168sec,11.19,0.88,25,60.8
18:30:20,1169sec,11.04,1.76,25,56.7
18:30:21,1170sec,11.04,1.7,25,56.7
18:30:22,1171sec,11.02,1.89,25,56.1
18:30:23,1172sec,11.19,0.75,25,60.8
18:30:24,1173sec,11.25,0,25,62.5
18:30:25,1174sec,11.26,0,25,62.8
18:30:26,1175sec,11.28,0,25,63.3
18:30:27,1176sec,11.2,0.44,25,61.1
18:30:28,1177sec,11.07,1.39,25,57.5
18:30:29,1178sec,11.01,1.78,25,55.8
18:30:30,1179sec,10.99,1.76,25,55.3
18:30:31,1180sec,11.39,1.58,25,66.4
18:30:32,1181sec,11.2,0.6,25,61.1
18:30:33,1182sec,11.23,0,25,61.9
18:30:34,1183sec,11.25,0,25,62.5
18:30:35,1184sec,11.21,0.22,25,61.4
18:30:36,1185sec,11.1,1.24,25,58.3
18:30:37,1186sec,11,2.04,25,55.6
18:30:38,1187sec,10.99,1.81,25,55.3
18:30:39,1188sec,11.02,1.98,25,56.1
18:30:40,1189sec,11.17,1.01,25,60.3
18:30:41,1190sec,11.25,0.28,25,62.5
18:30:42,1191sec,11.27,0,25,63.1
18:30:43,1192sec,11.26,0,25,62.8
18:30:44,1193sec,11.18,0.51,25,60.6
18:30:45,1194sec,11.06,1.73,25,57.2
18:30:46,1195sec,10.97,1.91,25,54.7
18:30:47,1196sec,11.02,1.82,25,56.1
18:30:48,1197sec,11.09,1.58,25,58.1
18:30:49,1198sec,11.19,0.52,25,60.8
18:30:50,1199sec,11.31,0,25,64.2
18:30:51,1200sec,11.31,0,25,64.2
18:30:52,1201sec,11.24,1.77,25,62.2
18:30:53,1202sec,11.16,0.98,25,60
18:30:54,1203sec,11.05,1.83,25,56.9
18:30:55,1204sec,11.04,2.02,25,56.7
18:30:56,1205sec,11.06,1.84,25,57.2
18:30:57,1206sec,11.13,0.98,25,59.2
18:30:58,1207sec,11.2,0,25,61.1
18:30:59,1208sec,11.23,0,25,61.9
18:31:00,1210sec,11.27,0,25,63.1
18:31:01,1210sec,11.16,0.72,25,60
18:31:02,1211sec,11.03,1.76,25,56.4
18:31:03,1212sec,11.04,1.72,25,56.7
18:31:04,1213sec,11.11,1.79,25,58.6
18:31:05,1214sec,11.08,1.66,25,57.8
18:31:06,1215sec,11.19,0.7,25,60.8
18:31:07,1216sec,11.29,0,25,63.6
18:31:08,1217sec,11.21,0,25,61.4
18:31:09,1218sec,11.22,0.31,25,61.7
18:31:10,1219sec,11.1,0.96,25,58.3
18:31:11,1220sec,11.05,1.82,25,56.9
18:31:12,1221sec,11.04,2.05,25,56.7
18:31:13,1223sec,11.02,1.85,25,56.1
18:31:14,1223sec,11.14,0.86,25,59.4
18:31:15,1224sec,11.23,0.35,25,61.9
18:31:16,1225sec,11.26,0,25,62.8
18:31:17,1226sec,11.35,0,25,65.3
18:31:18,1227sec,11.22,0.41,25,61.7
18:31:19,1228sec,11.1,1.27,25,58.3
18:31:20,1229sec,10.96,1.98,25,54.4
18:31:21,1230sec,11,1.99,25,55.6
18:31:22,1231sec,11.06,1.53,25,57.2
18:31:23,1232sec,11.17,0.48,25,60.3
18:31:24,1233sec,11.26,0,25,62.8
18:31:25,1234sec,11.27,0.2,25,63.1
18:31:26,1235sec,11.25,0.23,25,62.5
18:31:27,1236sec,11.14,0.91,25,59.4
18:31:28,1237sec,11,1.89,25,55.6
18:31:29,1238sec,11,1.86,25,55.6
18:31:30,1239sec,11.04,1.74,25,56.7
18:31:31,1240sec,11.09,1.35,25,58.1
18:31:32,1241sec,11.22,0.38,25,61.7
18:31:33,1242sec,11.29,0,25,63.6
18:31:34,1243sec,11.26,0,25,62.8
18:31:35,1244sec,11.18,0.6,25,60.6
18:31:36,1245sec,11.13,1.25,25,59.2
18:31:37,1246sec,11,2.28,25,55.6
18:31:38,1247sec,11.04,1.91,25,56.7
18:31:39,1248sec,11.09,1.51,25,58.1
18:31:40,1249sec,11.18,0.52,25,60.6
18:31:41,1250sec,11.28,0,25,63.3
18:31:42,1251sec,11.26,0,25,62.8
18:31:43,1252sec,11.22,0.25,25,61.7
18:31:44,1253sec,11.14,0.95,25,59.4
18:31:45,1254sec,11.01,1.83,25,55.8
18:31:46,1255sec,11.05,1.97,25,56.9
18:31:47,1256sec,11.03,1.81,25,56.4
18:31:48,1257sec,11.08,1.11,25,57.8
18:31:49,1258sec,11.17,0,25,60.3
18:31:50,1259sec,11.22,0,25,61.7
18:31:51,1260sec,11.26,0,25,62.8
18:31:52,1261sec,11.15,0.46,25,59.7
18:31:53,1262sec,11.07,1.23,25,57.5
18:31:54,1263sec,10.93,2.16,25,53.6
18:31:55,1264sec,11.02,1.93,25,56.1
18:31:56,1265sec,11.06,1.48,25,57.2
18:31:57,1266sec,11.14,0.63,25,59.4
18:31:58,1267sec,11.22,0,25,61.7
18:31:59,1268sec,11.23,0,25,61.9
18:32:00,1269sec,11.22,0.28,25,61.7
18:32:01,1270sec,11.11,0.83,25,58.6
18:32:02,1271sec,11.06,1.5,25,57.2
18:32:03,1272sec,10.97,1.8,25,54.7
18:32:04,1273sec,10.92,1.81,25,53.3
18:32:05,1274sec,11.06,1.16,25,57.2
18:32:06,1275sec,11.17,0,25,60.3
18:32:07,1276sec,11.24,0,25,62.2
18:32:08,1277sec,11.22,0,25,61.7
18:32:09,1278sec,11.17,0.57,25,60.3
18:32:10,1279sec,11.06,1.26,25,57.2
18:32:11,1280sec,10.94,2.24,25,53.9
18:32:12,1281sec,10.93,1.89,25,53.6
18:32:13,1282sec,11.06,1.48,25,57.2
18:32:14,1283sec,11.19,0.68,25,60.8
18:32:15,1284sec,11.26,0,25,62.8
18:32:16,1285sec,11.22,0.25,25,61.7
18:32:17,1286sec,11.18,0.29,25,60.6
18:32:18,1287sec,11.11,0.96,25,58.6
18:32:19,1288sec,11.02,1.42,25,56.1
18:32:20,1289sec,10.99,2.04,25,55.3
18:32:21,1290sec,10.97,1.91,25,54.7
18:32:22,1291sec,11.05,1.09,25,56.9
18:32:23,1292sec,11.2,0.33,25,61.1
18:32:24,1293sec,11.26,0,25,62.8
18:32:25,1294sec,11.2,0,25,61.1
18:32:26,1295sec,11.11,0.7,25,58.6
18:32:27,1296sec,11.03,1.22,25,56.4
18:32:28,1297sec,10.9,2.18,25,52.8
18:32:29,1298sec,11,1.78,25,55.6
18:32:30,1299sec,11.04,1.44,25,56.7
18:32:31,1300sec,11.14,1.04,25,59.4
18:32:32,1301sec,11.27,0,25,63.1
18:32:33,1302sec,11.22,0,25,61.7
18:32:34,1303sec,11.21,0,25,61.4
18:32:35,1304sec,11.07,0.8,25,57.5
18:32:36,1305sec,11.04,1.49,25,56.7
18:32:37,1306sec,10.96,2.32,25,54.4
18:32:38,1307sec,10.98,1.94,25,55
18:32:39,1308sec,11.07,1.15,25,57.5
18:32:40,1309sec,11.16,0.2,25,60
18:32:41,1310sec,11.18,0,25,60.6
18:32:42,1312sec,11.19,0.24,25,60.8
18:32:43,1312sec,11.13,0.58,25,59.2
18:32:44,1313sec,11.02,1.04,25,56.1
18:32:45,1314sec,10.95,1.89,25,54.2
18:32:46,1315sec,10.93,1.76,25,53.6
18:32:47,1317sec,11.08,1.5,25,57.8
18:32:48,1317sec,11.1,0.84,25,58.3
18:32:49,1318sec,11.22,0,25,61.7
18:32:50,1319sec,11.21,0,25,61.4
18:32:51,1320sec,11.26,0,25,62.8
18:32:52,1321sec,11.08,0.72,25,57.8
18:32:53,1322sec,10.99,1.39,25,55.3
18:32:54,1323sec,10.93,2.08,25,53.6
18:32:55,1324sec,10.92,1.87,25,53.3
18:32:56,1325sec,11.04,1.2,25,56.7
18:32:57,1326sec,11.15,0.26,25,59.7
18:32:58,1327sec,11.16,0.23,25,60
18:32:59,1328sec,11.18,0,25,60.6
18:33:00,1329sec,11.08,0.58,25,57.8
18:33:01,1330sec,11.01,1.23,25,55.8
18:33:02,1331sec,10.94,1.83,25,53.9
18:33:03,1332sec,10.95,1.8,25,54.2
18:33:04,1333sec,10.96,1.47,25,54.4
18:33:05,1334sec,11.02,0.93,25,56.1
18:33:06,1335sec,11.18,0,25,60.6
18:33:07,1336sec,11.19,0,25,60.8
18:33:08,1337sec,11.2,0,25,61.1
18:33:09,1338sec,11.04,0.75,25,56.7
18:33:10,1339sec,11.01,1.34,25,55.8
18:33:11,1340sec,10.87,2.02,25,51.9
18:33:12,1341sec,10.93,1.9,25,53.6
18:33:13,1342sec,11.06,1.1,25,57.2
18:33:14,1343sec,11.09,0.58,25,58.1
18:33:15,1344sec,11.19,0,25,60.8
18:33:16,1345sec,11.17,0.21,25,60.3
18:33:17,1347sec,11.1,0.45,25,58.3
18:33:18,1347sec,11.02,1.14,25,56.1
18:33:19,1348sec,10.91,1.73,25,53.1
18:33:20,1349sec,10.89,2.09,25,52.5
18:33:21,1350sec,10.96,1.53,25,54.4
18:33:22,1351sec,11.04,0.79,25,56.7
18:33:23,1352sec,11.14,0,25,59.4
18:33:24,1353sec,11.14,0,25,59.4
18:33:25,1354sec,11.13,0,25,59.2
18:33:26,1355sec,11.06,0.89,25,57.2
18:33:27,1356sec,10.99,1.47,25,55.3
18:33:28,1357sec,10.89,2.07,25,52.5
18:33:29,1358sec,10.91,1.7,25,53.1
18:33:30,1359sec,10.98,1.15,25,55
18:33:31,1360sec,11.06,0.59,25,57.2
18:33:32,1361sec,11.2,0,25,61.1
18:33:33,1362sec,11.14,0.22,25,59.4
18:33:34,1363sec,11.15,0,25,59.7
18:33:35,1364sec,10.96,1.12,25,54.4
18:33:36,1365sec,10.93,1.79,25,53.6
18:33:37,1367sec,10.88,2.07,25,52.2
18:33:38,1367sec,11,1.4,25,55.6
18:33:39,1368sec,11.1,0.91,25,58.3
18:33:40,1369sec,11.18,0,25,60.6
18:33:41,1370sec,11.14,0.21,25,59.4
18:33:42,1371sec,11.2,0,25,61.1
18:33:43,1372sec,10.99,0.85,25,55.3
18:33:44,1373sec,10.98,1.53,25,55
18:33:45,1374sec,10.88,2.12,25,52.2
18:33:46,1375sec,10.92,1.73,25,53.3
18:33:47,1376sec,11.03,1.25,25,56.4
18:33:48,1377sec,11.1,0.61,25,58.3
18:33:49,1378sec,11.2,0,25,61.1
18:33:50,1379sec,11.19,0,25,60.8
18:33:51,1380sec,11.08,0,25,57.8
18:33:52,1381sec,11.06,1.32,25,57.2
18:33:53,1382sec,10.91,1.73,25,53.1
18:33:54,1383sec,10.89,2.07,25,52.5
18:33:55,1384sec,10.97,1.57,25,54.7
18:33:56,1385sec,11.06,0.8,25,57.2
18:33:57,1386sec,11.15,0,25,59.7
18:33:58,1387sec,11.2,0,25,61.1
18:33:59,1388sec,11.17,0,25,60.3
18:34:00,1389sec,11.03,0.81,25,56.4
18:34:01,1390sec,10.89,1.49,25,52.5
18:34:02,1391sec,10.95,1.68,25,54.2
18:34:03,1392sec,10.91,2.34,25,53.1
18:34:04,1393sec,11.02,1.32,25,56.1
18:34:05,1394sec,11.06,0.58,25,57.2
18:34:06,1395sec,11.14,0,25,59.4
18:34:07,1397sec,11.19,0,25,60.8
18:34:08,1397sec,11.12,0.24,25,58.9
18:34:09,1398sec,10.97,1.21,25,54.7
18:34:10,1399sec,10.89,1.89,25,52.5
18:34:11,1400sec,10.89,2.04,25,52.5
18:34:12,1401sec,10.9,1.43,25,52.8
18:34:13,1402sec,11.04,0.82,25,56.7
18:34:15,1404sec,11.08,0.23,25,57.8
18:34:15,1404sec,11.18,0,25,60.6
18:34:16,1405sec,11.15,0,25,59.7
18:34:17,1406sec,11.07,0.45,25,57.5
18:34:18,1407sec,10.92,1.48,25,53.3
18:34:19,1408sec,10.93,1.75,25,53.6
18:34:21,1410sec,10.87,2.34,25,51.9
18:34:21,1410sec,10.96,1.38,25,54.4
18:34:22,1411sec,11.04,0.55,25,56.7
18:34:23,1412sec,11.21,0,25,61.4
18:34:24,1413sec,11.15,0,25,59.7
18:34:25,1414sec,11.13,0.22,25,59.2
18:34:26,1416sec,11,1.21,25,55.6
18:34:27,1416sec,10.93,1.93,25,53.6
18:34:28,1417sec,10.83,2.23,25,50.8
18:34:29,1418sec,10.92,1.57,25,53.3
18:34:30,1419sec,10.98,0.83,25,55
18:34:31,1420sec,11.11,0.21,25,58.6
18:34:32,1421sec,11.14,0.2,25,59.4
18:34:33,1423sec,11.15,0,25,59.7
18:34:34,1423sec,11.04,0.6,25,56.7
18:34:35,1424sec,10.98,1.61,25,55
18:34:36,1425sec,10.87,1.88,25,51.9
18:34:37,1426sec,10.85,1.96,25,51.4
18:34:38,1427sec,11,1.16,25,55.6
18:34:39,1428sec,11.06,0.67,25,57.2
18:34:40,1429sec,11.18,0,25,60.6
18:34:41,1430sec,11.16,0,25,60
18:34:42,1431sec,11.11,0,25,58.6
18:34:43,1432sec,10.97,1.2,25,54.7
18:34:44,1433sec,10.92,1.89,25,53.3
18:34:45,1434sec,10.88,1.74,25,52.2
18:34:46,1435sec,10.9,1.54,25,52.8
18:34:47,1436sec,11,0.91,25,55.6
18:34:48,1437sec,11.1,0.37,25,58.3
18:34:49,1438sec,11.21,0,25,61.4
18:34:50,1439sec,11.11,0.21,25,58.6
18:34:51,1440sec,11.05,0.38,25,56.9
18:34:52,1441sec,10.9,1.45,25,52.8
18:34:53,1442sec,10.84,1.82,25,51.1
18:34:54,1443sec,10.82,2.12,25,50.6
18:34:55,1444sec,10.97,1.23,25,54.7
18:34:56,1445sec,11.07,0.51,25,57.5
18:34:57,1446sec,11.14,0,25,59.4
18:34:58,1447sec,11.18,0,25,60.6
18:34:59,1448sec,11.09,0,25,58.1
18:35:00,1449sec,10.95,1.22,25,54.2
18:35:01,1450sec,10.86,1.73,25,51.7
18:35:02,1451sec,10.92,1.73,25,53.3
18:35:04,1453sec,10.87,1.98,25,51.9
18:35:04,1453sec,10.99,0.87,25,55.3
18:35:05,1454sec,11.06,0,25,57.2
18:35:06,1455sec,11.15,0,25,59.7
18:35:07,1456sec,11.15,0,25,59.7
18:35:08,1457sec,11.03,0.61,25,56.4
18:35:09,1458sec,10.88,1.42,25,52.2
18:35:10,1459sec,10.79,1.72,25,49.7
18:35:11,1460sec,10.82,2.19,25,50.6
18:35:12,1461sec,10.96,1.16,25,54.4
18:35:13,1462sec,11,0.42,25,55.6
18:35:14,1463sec,11.12,0,25,58.9
18:35:15,1464sec,11.08,0,25,57.8
18:35:16,1465sec,11.05,0.25,25,56.9
18:35:17,1467sec,10.93,1.02,25,53.6
18:35:18,1467sec,10.87,1.84,25,51.9
18:35:19,1468sec,10.88,1.76,25,52.2
18:35:20,1469sec,10.87,1.79,25,51.9
18:35:21,1470sec,10.94,0.86,25,53.9
18:35:22,1471sec,11.07,0.34,25,57.5
18:35:23,1472sec,11.09,0,25,58.1
18:35:24,1474sec,11.13,0,25,59.2
18:35:25,1474sec,10.98,0.7,25,55
18:35:26,1475sec,10.89,1.55,25,52.5
18:35:27,1476sec,10.84,1.84,25,51.1
18:35:28,1477sec,10.85,1.92,25,51.4
18:35:29,1478sec,10.92,1.19,25,53.3
18:35:30,1479sec,11.02,0.75,25,56.1
18:35:31,1480sec,11.09,0,25,58.1
18:35:32,1481sec,11.15,0,25,59.7
18:35:33,1482sec,11.02,0.24,25,56.1
18:35:34,1483sec,10.92,0.88,25,53.3
18:35:35,1484sec,10.85,1.81,25,51.4
18:35:36,1485sec,10.85,2.01,25,51.4
18:35:37,1486sec,10.82,2.06,25,50.6
18:35:38,1487sec,10.96,0.67,25,54.4
18:35:39,1488sec,11.05,0.34,25,56.9
18:35:40,1489sec,11.14,0,25,59.4
18:35:41,1490sec,11.14,0,25,59.4
18:35:42,1491sec,11.01,0.36,25,55.8
18:35:43,1492sec,10.89,1.45,25,52.5
18:35:44,1493sec,10.82,1.65,25,50.6
18:35:45,1494sec,10.81,1.72,25,50.3
18:35:46,1495sec,10.9,1.58,25,52.8
18:35:47,1496sec,10.95,0.49,25,54.2
18:35:48,1497sec,11.12,0.24,25,58.9
18:35:49,1498sec,11.09,0,25,58.1
18:35:50,1499sec,11.05,0,25,56.9
18:35:51,1500sec,10.98,0.84,25,55
18:35:52,1501sec,10.83,1.78,25,50.8
18:35:54,1503sec,10.85,1.86,25,51.4
18:35:54,1503sec,10.84,1.7,25,51.1
18:35:55,1504sec,10.95,0.64,25,54.2
18:35:56,1505sec,11.07,0.23,25,57.5
18:35:57,1506sec,11.1,0,25,58.3
18:35:58,1507sec,11.09,0,25,58.1
18:35:59,1508sec,11.03,0.43,25,56.4
18:36:00,1510sec,10.85,1.29,25,51.4
18:36:01,1510sec,10.84,1.82,25,51.1
18:36:02,1511sec,10.82,1.71,25,50.6
18:36:03,1512sec,10.87,1.45,25,51.9
18:36:04,1513sec,11,0.58,25,55.6
18:36:05,1514sec,11.05,0,25,56.9
18:36:06,1515sec,11.09,0,25,58.1
18:36:07,1517sec,11.04,0.27,25,56.7
18:36:08,1517sec,10.94,0.91,25,53.9
18:36:09,1518sec,10.76,1.82,25,48.9
18:36:10,1519sec,10.76,2.02,25,48.9
18:36:11,1520sec,10.82,1.9,25,50.6
18:36:12,1521sec,10.91,0.84,25,53.1
18:36:13,1522sec,11.07,0.21,25,57.5
18:36:14,1523sec,11.04,0,25,56.7
18:36:15,1524sec,11.08,0,25,57.8
18:36:16,1525sec,10.93,0.55,25,53.6
18:36:17,1526sec,10.91,1.18,25,53.1
18:36:18,1527sec,10.84,1.91,25,51.1
18:36:19,1528sec,10.76,1.76,25,48.9
18:36:20,1529sec,10.81,1.57,25,50.3
18:36:21,1530sec,11.04,0,25,56.7
18:36:22,1531sec,11.1,0,25,58.3
18:36:23,1532sec,11.02,0,25,56.1
18:36:24,1533sec,11.02,0.28,25,56.1
18:36:25,1534sec,11.1,0,25,58.3
18:36:26,1535sec,11.1,0,25,58.3
18:36:27,1536sec,11.01,0.23,25,55.8
18:36:28,1537sec,11.01,0.42,25,55.8
18:36:29,1538sec,11.03,0,25,56.4
18:36:30,1539sec,11.01,0.2,25,55.8
18:36:31,1540sec,11.1,0,25,58.3
18:36:32,1541sec,11.01,0,25,55.8
18:36:33,1542sec,11.07,0,25,57.5
18:36:34,1543sec,11.08,0,25,57.8
18:36:35,1544sec,10.99,0.21,25,55.3
18:36:36,1545sec,10.76,2.01,25,48.9
18:36:37,1546sec,10.86,1.6,25,51.7
18:36:38,1547sec,10.94,0.9,25,53.9
18:36:39,1548sec,11.04,0,25,56.7
18:36:40,1549sec,11.06,0,25,57.2
18:36:41,1550sec,11.02,0.26,25,56.1
18:36:42,1551sec,10.88,1.06,25,52.2
18:36:43,1552sec,10.76,2.04,25,48.9
18:36:44,1553sec,10.75,1.89,25,48.6
18:36:45,1554sec,10.76,1.94,25,48.9
18:36:46,1555sec,10.87,1.24,25,51.9
18:36:47,1556sec,10.95,0.36,25,54.2
18:36:48,1557sec,11.04,0,25,56.7
18:36:49,1558sec,11.05,0,25,56.9
18:36:50,1559sec,10.99,0,25,55.3
18:36:51,1560sec,10.97,0,25,54.7
18:36:52,1561sec,10.98,0,25,55
18:36:53,1562sec,11.03,0,25,56.4
18:36:54,1563sec,10.81,1.57,25,50.3
18:36:55,1564sec,10.94,0.77,25,53.9
18:36:56,1565sec,11.02,0,25,56.1
18:36:57,1566sec,11.01,0,25,55.8
18:36:58,1567sec,10.97,0.36,25,54.7
18:36:59,1568sec,10.81,0.85,25,50.3
18:37:00,1569sec,10.71,1.66,25,47.5
18:37:01,1570sec,10.69,2.28,25,46.9
18:37:02,1571sec,10.77,2.05,25,49.2
18:37:03,1572sec,10.83,1.23,25,50.8
18:37:04,1573sec,10.98,0.46,25,55
18:37:05,1574sec,11.01,0,25,55.8
18:37:06,1575sec,11.05,0,25,56.9
18:37:07,1576sec,10.94,0.65,25,53.9
18:37:08,1577sec,10.81,1.29,25,50.3
18:37:09,1578sec,10.7,2.29,25,47.2
18:37:10,1579sec,10.74,1.82,25,48.3
18:37:11,1580sec,10.84,1.53,25,51.1
18:37:12,1581sec,10.89,0.89,25,52.5
18:37:13,1582sec,10.98,0,25,55
18:37:14,1583sec,11.02,0,25,56.1
18:37:15,1584sec,10.95,0,25,54.2
18:37:16,1585sec,10.88,0.94,25,52.2
18:37:17,1586sec,10.8,1.7,25,50
18:37:18,1587sec,10.71,2.22,25,47.5
18:37:19,1588sec,10.76,2.05,25,48.9
18:37:20,1589sec,10.81,1.46,25,50.3
18:37:21,1590sec,10.97,0.29,25,54.7
18:37:22,1591sec,11.01,0,25,55.8
18:37:23,1592sec,10.99,0,25,55.3
18:37:24,1593sec,10.95,0.54,25,54.2
18:37:25,1594sec,10.84,1.35,25,51.1
18:37:26,1595sec,10.7,1.84,25,47.2
18:37:27,1596sec,10.77,1.96,25,49.2
18:37:28,1597sec,10.81,1.55,25,50.3
18:37:29,1598sec,10.84,1.01,25,51.1
18:37:30,1599sec,10.95,0,25,54.2
18:37:31,1600sec,11,0,25,55.6
18:37:32,1601sec,11.01,0,25,55.8
18:37:33,1602sec,10.88,0.98,25,52.2
18:37:34,1603sec,11.01,0,25,55.8
18:37:35,1604sec,10.92,0.24,25,53.3
18:37:36,1605sec,11,0,25,55.6
18:37:37,1606sec,10.86,0.23,25,51.7
18:37:38,1607sec,11.02,0.23,25,56.1
18:37:39,1608sec,10.94,0,25,53.9
18:37:40,1609sec,10.99,0,25,55.3
18:37:41,1610sec,10.96,0,25,54.4
18:37:42,1611sec,10.96,0,25,54.4
18:37:44,1613sec,10.91,0.22,25,53.1
18:37:45,1614sec,10.6,2.3,25,44.4
18:37:45,1615sec,10.88,0.69,25,52.2
18:37:47,1616sec,10.72,1.61,25,47.8
18:37:47,1617sec,10.74,1.75,25,48.3
18:37:49,1618sec,10.62,2.22,25,45
18:37:49,1619sec,10.82,1.17,25,50.6
18:37:51,1620sec,10.88,0.62,25,52.2
18:37:51,1621sec,10.92,0,25,53.3
18:37:53,1622sec,10.93,0,25,53.6
18:37:53,1623sec,10.91,0.38,25,53.1
18:37:55,1624sec,10.77,1.16,25,49.2
18:37:56,1625sec,10.64,2.04,25,45.6
18:37:57,1626sec,10.71,1.91,25,47.5
18:37:57,1627sec,10.67,1.65,25,46.4
18:37:59,1628sec,10.7,0.95,25,47.2
18:37:59,1629sec,10.88,0.34,25,52.2
18:38:01,1630sec,10.93,0,25,53.6
18:38:01,1631sec,10.93,0,25,53.6
18:38:03,1632sec,10.84,0.61,25,51.1
18:38:03,1633sec,10.78,1.68,25,49.4
18:38:05,1634sec,10.66,2.03,25,46.1
18:38:06,1635sec,10.54,2.29,25,42.8
18:38:07,1636sec,10.77,1.31,25,49.2
18:38:10,1639sec,10.84,0.59,25,51.1
18:38:11,1640sec,10.49,3.22,25,41.4
18:38:11,1640sec,10.83,0.87,25,50.8
18:38:13,1642sec,10.91,0,25,53.1
18:38:13,1642sec,10.85,0,25,51.4
18:38:14,1644sec,10.9,0.43,25,52.8
18:38:15,1644sec,10.78,1.01,25,49.4
18:38:16,1646sec,10.7,2,25,47.2
18:38:17,1646sec,10.66,1.94,25,46.1
18:38:18,1648sec,10.64,2.01,25,45.6
18:38:19,1648sec,10.7,0.76,25,47.2
18:38:20,1650sec,10.88,0.23,25,52.2
18:38:21,1650sec,10.85,0,25,51.4
18:38:22,1652sec,10.86,0,25,51.7
18:38:24,1653sec,10.84,0.77,25,51.1
18:38:24,1654sec,10.69,1.82,25,46.9
18:38:25,1654sec,10.58,2.01,25,43.9
18:38:26,1656sec,10.56,1.94,25,43.3
18:38:27,1656sec,10.65,1.68,25,45.8
18:38:28,1658sec,10.78,0.59,25,49.4
18:38:29,1658sec,10.89,0,25,52.5
18:38:30,1660sec,10.87,0,25,51.9
18:38:31,1660sec,10.83,0.3,25,50.8
18:38:32,1662sec,10.73,0.99,25,48.1
18:38:33,1662sec,10.58,1.89,25,43.9
18:38:34,1664sec,10.57,1.9,25,43.6
18:38:35,1664sec,10.6,1.87,25,44.4
18:38:36,1666sec,10.75,0.93,25,48.6
18:38:37,1666sec,10.82,0.29,25,50.6
18:38:38,1668sec,10.86,0,25,51.7
18:38:39,1668sec,10.84,0,25,51.1
18:38:40,1670sec,10.69,0.79,25,46.9
18:38:41,1671sec,10.71,1.32,25,47.5
18:38:42,1672sec,10.59,2.11,25,44.2
18:38:43,1673sec,10.56,1.93,25,43.3
18:38:44,1674sec,10.59,1.62,25,44.2
18:38:45,1675sec,10.68,0.55,25,46.7
18:38:46,1676sec,10.81,0,25,50.3
18:38:47,1676sec,10.81,0,25,50.3
18:38:48,1678sec,10.79,0.35,25,49.7
18:38:49,1678sec,10.66,1.08,25,46.1
18:38:50,1680sec,10.54,1.86,25,42.8
18:38:51,1680sec,10.53,2.22,25,42.5
18:38:53,1682sec,10.53,1.97,25,42.5
18:38:53,1682sec,10.66,0.98,25,46.1
18:38:54,1684sec,10.82,0.44,25,50.6
18:38:56,1685sec,10.77,0,25,49.2
18:38:56,1686sec,10.81,0,25,50.3
18:38:57,1686sec,10.72,0.59,25,47.8
18:38:58,1688sec,10.64,1.17,25,45.6
18:38:59,1688sec,10.52,2.13,25,42.2
18:39:00,1690sec,10.48,2.04,25,41.1
18:39:01,1690sec,10.55,1.52,25,43.1
18:39:02,1692sec,10.64,0.54,25,45.6
18:39:04,1693sec,10.79,0,25,49.7
18:39:04,1694sec,10.77,0,25,49.2
18:39:05,1694sec,10.7,0.32,25,47.2
18:39:06,1696sec,10.61,1.12,25,44.7
18:39:07,1696sec,10.54,1.91,25,42.8
18:39:08,1698sec,10.5,1.79,25,41.7
18:39:09,1699sec,10.44,1.91,25,40
18:39:10,1700sec,10.58,1.26,25,43.9
18:39:11,1700sec,10.72,0.48,25,47.8
18:39:12,1701sec,10.75,0,25,48.6
18:39:13,1703sec,10.8,0,25,50
18:39:14,1703sec,10.67,0.59,25,46.4
18:39:15,1705sec,10.58,1.36,25,43.9
18:39:16,1705sec,10.42,2.2,25,39.4
18:39:17,1707sec,10.46,1.91,25,40.6
18:39:18,1707sec,10.56,1.62,25,43.3
18:39:20,1709sec,10.64,0.86,25,45.6
18:39:20,1709sec,10.72,0,25,47.8
18:39:21,1711sec,10.69,0,25,46.9
18:39:22,1711sec,10.69,0.28,25,46.9
18:39:24,1713sec,10.55,0.87,25,43.1
18:39:24,1714sec,10.52,1.83,25,42.2
18:39:26,1715sec,10.45,1.98,25,40.3
18:39:26,1715sec,10.48,1.99,25,41.1
18:39:27,1717sec,10.56,1.3,25,43.3
18:39:28,1717sec,10.62,0.41,25,45
18:39:29,1719sec,10.69,0,25,46.9
18:39:30,1719sec,10.73,0,25,48.1
18:39:31,1721sec,10.64,0.72,25,45.6
18:39:32,1721sec,10.56,1.29,25,43.3
18:39:33,1723sec,10.39,2.44,25,38.6
18:39:34,1723sec,10.42,2.06,25,39.4
18:39:35,1725sec,10.44,1.77,25,40
18:39:36,1725sec,10.7,0,25,47.2
18:39:37,1727sec,10.65,0,25,45.8
18:39:38,1727sec,10.65,0,25,45.8
18:39:39,1729sec,10.63,0.36,25,45.3
18:39:40,1729sec,10.49,0.88,25,41.4
18:39:41,1731sec,10.46,1.74,25,40.6
18:39:42,1731sec,10.36,1.94,25,37.8
18:39:43,1733sec,10.4,2.03,25,38.9
18:39:44,1733sec,10.45,1.31,25,40.3
18:39:45,1735sec,10.69,0.41,25,46.9
18:39:46,1735sec,10.65,0,25,45.8
18:39:47,1737sec,10.67,0,25,46.4
18:39:48,1737sec,10.55,0.59,25,43.1
18:39:49,1739sec,10.61,0,25,44.7
18:39:50,1739sec,10.57,0.26,25,43.6
18:39:51,1741sec,10.59,0,25,44.2
18:39:52,1741sec,10.56,0.37,25,43.3
18:39:53,1743sec,10.61,0,25,44.7
18:39:55,1744sec,10.62,0,25,45
18:39:56,1745sec,10.59,0,25,44.2
18:39:56,1745sec,10.55,0,25,43.1
18:39:57,1747sec,10.47,0.8,25,40.8
18:39:58,1747sec,10.36,1.5,25,37.8
18:39:59,1749sec,10.34,2.36,25,37.2
18:40:00,1750sec,10.3,1.95,25,36.1
18:40:01,1751sec,10.4,1.15,25,38.9
18:40:02,1751sec,10.57,0.4,25,43.6
18:40:03,1753sec,10.56,0,25,43.3
18:40:04,1753sec,10.56,0,25,43.3
18:40:05,1755sec,10.43,0.62,25,39.7
18:40:06,1755sec,10.38,1.24,25,38.3
18:40:07,1757sec,10.19,2.34,25,33.1
18:40:08,1757sec,10.25,1.78,25,34.7
18:40:10,1759sec,10.35,1.41,25,37.5
18:40:10,1759sec,10.38,0.85,25,38.3
18:40:11,1761sec,10.52,0,25,42.2
18:40:12,1761sec,10.59,0,25,44.2
18:40:13,1763sec,10.55,0,25,43.1
18:40:14,1763sec,10.41,1.09,25,39.2
18:40:15,1765sec,10.33,1.64,25,36.9
18:40:16,1766sec,10.24,2.33,25,34.4
18:40:17,1767sec,10.25,2,25,34.7
18:40:18,1767sec,10.32,1.23,25,36.7
18:40:19,1769sec,10.5,0,25,41.7
18:40:20,1769sec,10.51,0,25,41.9
18:40:21,1771sec,10.53,0,25,42.5
18:40:22,1771sec,10.49,0,25,41.4
18:40:23,1773sec,10.54,0,25,42.8
18:40:27,1776sec,10.44,0.33,25,40
18:40:28,1777sec,10.17,2.3,25,32.5
18:40:28,1778sec,10.49,0,25,41.4
18:40:30,1779sec,10.44,0,25,40
18:40:30,1780sec,10.41,0.27,25,39.2
18:40:32,1781sec,10.39,0,25,38.6
18:40:32,1782sec,10.45,0.36,25,40.3
18:40:34,1783sec,10.46,0,25,40.6
18:40:34,1784sec,10.45,0,25,40.3
18:40:36,1785sec,10.42,0,25,39.4
18:40:36,1786sec,10.46,0,25,40.6
18:40:38,1787sec,10.44,0,25,40
18:40:38,1788sec,10.41,0,25,39.2
18:40:40,1789sec,10.37,0.21,25,38.1
18:40:40,1790sec,10.31,0.93,25,36.4
18:40:42,1791sec,10.38,0,25,38.3
18:40:42,1792sec,10.4,0,25,38.9
18:40:44,1793sec,10.41,0.23,25,39.2
18:40:44,1794sec,10.41,0,25,39.2
18:40:46,1795sec,10.36,0,25,37.8
18:40:48,1797sec,10.34,0,25,37.2
18:40:48,1797sec,10.09,2.28,25,30.3
18:40:49,1798sec,10.28,0.57,25,35.6
18:40:50,1799sec,10.17,1.3,25,32.5
18:40:51,1800sec,10.08,1.91,25,30
18:40:52,1801sec,10.05,2.36,25,29.2
18:40:53,1802sec,10.09,1.54,25,30.3
18:40:54,1803sec,10.17,0.81,25,32.5
18:40:55,1804sec,10.33,0,25,36.9
18:40:56,1805sec,10.34,0,25,37.2
18:40:57,1806sec,10.29,0,25,35.8
18:40:58,1807sec,10.21,0.88,25,33.6
18:40:59,1808sec,10.1,1.76,25,30.6
18:41:00,1809sec,9.98,1.88,25,27.2
18:41:01,1810sec,9.99,1.84,25,27.5
18:41:02,1811sec,10.12,1.5,25,31.1
18:41:03,1812sec,10.23,0.64,25,34.2
18:41:04,1813sec,10.29,0,25,35.8
18:41:05,1814sec,10.29,0,25,35.8
18:41:06,1815sec,10.22,0.24,25,33.9
18:41:07,1816sec,10.11,1.48,25,30.8
18:41:08,1817sec,9.97,2.01,25,26.9
18:41:09,1818sec,9.84,2.2,25,23.3
18:41:10,1819sec,9.97,1.84,25,26.9
18:41:11,1820sec,10.1,0.98,25,30.6
18:41:12,1821sec,10.21,0,25,33.6
18:41:13,1822sec,10.2,0,25,33.3
18:41:14,1823sec,10.15,0,25,31.9
18:41:15,1824sec,10.03,0.99,25,28.6
18:41:16,1825sec,9.92,1.59,25,25.6
18:41:17,1826sec,9.79,1.64,25,21.9
18:41:18,1827sec,9.95,1.98,25,26.4
18:41:19,1828sec,9.99,1.38,25,27.5
18:41:20,1829sec,10.07,0.71,25,29.7
18:41:21,1830sec,10.12,0,25,31.1
18:41:22,1831sec,10.11,0,25,30.8
18:41:23,1832sec,10.05,0.51,25,29.2
18:41:24,1833sec,9.9,1.55,25,25
18:41:25,1834sec,9.82,2.35,25,22.8
18:41:26,1835sec,9.76,2.68,25,21.1
18:41:27,1836sec,9.81,1.59,25,22.5
18:41:28,1837sec,9.94,1.16,25,26.1
18:41:29,1838sec,10.06,0,25,29.4
18:41:30,1839sec,10.06,0,25,29.4
18:41:31,1840sec,9.98,0,25,27.2
18:41:32,1841sec,9.77,1.02,25,21.4
18:41:33,1842sec,9.71,1.47,25,19.7
18:41:34,1843sec,9.72,2.09,25,20
18:41:35,1844sec,9.69,2.15,25,19.2
18:41:36,1845sec,9.56,3.46,25,15.6
18:41:37,1846sec,9.78,0.7,25,21.7
18:41:38,1847sec,9.89,0,25,24.7
18:41:39,1848sec,9.83,0,25,23.1
18:41:40,1849sec,9.76,0.44,25,21.1
18:41:41,1850sec,9.63,1.32,25,17.5
18:41:42,1851sec,9.45,2.17,25,12.5
18:41:43,1852sec,9.38,2.42,25,10.6
18:41:44,1853sec,9.51,1.8,25,14.2
18:41:45,1854sec,9.57,1.01,25,15.8
18:41:46,1855sec,9.36,2.5,25,10
18:41:47,1856sec,9.69,0,25,19.2
18:41:48,1857sec,9.66,0,25,18.3
18:41:49,1858sec,9.46,0.77,25,12.8
18:41:50,1859sec,9.59,0,25,16.4
18:41:51,1860sec,9.54,0.48,25,15
18:41:52,1861sec,9.33,0.37,25,9.2
18:41:53,1862sec,9.45,0,25,12.5
18:41:54,1863sec,9.32,0.32,25,8.9
18:41:55,1864sec,9.47,0,25,13.1
18:41:56,1865sec,9.44,0,25,12.2
18:41:57,1866sec,9.27,0,25,7.5
18:41:58,1867sec,9.39,0,25,10.8
18:41:59,1868sec,9.42,0.38,25,11.7
18:42:00,1869sec,9.2,0.32,25,5.6
18:42:01,1870sec,9.19,0.34,25,5.3
18:42:02,1871sec,9.27,0.4,25,7.5
18:42:03,1872sec,9.09,0.25,25,2.5
18:42:04,1873sec,9.2,0.33,25,5.6
18:42:05,1874sec,9.14,0,25,3.9
18:42:09,1878sec,9.12,0,25,3.3
18:42:09,1878sec,8.68,2.41,25,0
18:42:10,1879sec,9.03,0,25,0.8
18:42:11,1880sec,8.95,0,25,0
18:42:12,1881sec,8.78,0.69,25,0
18:42:13,1882sec,8.77,1.55,25,0
18:42:14,1883sec,8.53,2.04,25,0
18:42:15,1884sec,8.5,2.5,25,0
18:42:16,1885sec,8.59,1.97,25,0
18:42:17,1886sec,8.62,0.94,25,0
18:42:18,1887sec,8.78,0,25,0
18:42:19,1888sec,8.69,0,25,0
18:42:20,1889sec,8.69,0,25,0
18:42:21,1890sec,8.55,1.04,25,0
18:42:22,1891sec,8.39,1.71,25,0
18:42:23,1892sec,8.28,2.4,25,0
,,,,,
,,,,,
,,,,,
,,,,,
,,,,,
,,,,,
,,,,,
,,,,,
,,,,,
,,,,,
,,,,,
,,,,,
,,,,,
,,,,,
,,,,,
,,,,,
,,,,,
,,,,,
,,,,,
,,,,,
,,,,,
,,,,,
,,,,,
,,,,,
,,,,,
,,,,,
,,,,,
,,,,,
,,,,,
,,,,,
,,,,,
,,,,,
,,,,,
,,,,,
,,,,,
,,,,,
,,,,,
,,,,,
,,,,,
,,,,,
,,,,,
,,,,,
,,,,,
,,,,,
,,,,,
,,,,,
,,,,,
,,,,,
,,,,,
,,,,,
,,,,,
,,,,,
,,,,,
,,,,,
,,,,,
,,,,,
,,,,,
,,,,,
,,,,,
,,,,,
,,,,,
,,,,,
,,,,,
,,,,,
,,,,,
,,,,,
,,,,,
,,,,,
,,,,,
,,,,,
,,,,,
,,,,,
,,,,,
,,,,,
,,,,,
,,,,,
,,,,,
,,,,,
,,,,,
,,,,,
,,,,,
,,,,,
,,,,,
,,,,,
,,,,,
,,,,,
,,,,,
,,,,,
,,,,,
,,,,,
,,,,,
,,,,,
,,,,,
,,,,,
,,,,,
,,,,,
,,,,,
,,,,,
