Voltage,Current,Power,Temperature
3.449448142616835,-1.2594682846455214,-4.344470535155305,26.54264209339765
4.1408571676919,0.16760378951343258,0.6940233531390217,26.174469976799998
3.8783927301736862,1.4917833435056331,5.785721674446442,42.65636451302592
3.718390181036444,0.9288995456382447,3.4540109496704634,26.238654996237653
3.1872223685309238,1.226244591445799,3.908314191146114,26.798743153215774
3.187193424403443,0.6351334668428694,2.0242932091401555,38.98495656044909
3.069700334601839,0.7691062580714099,2.360925737746175,31.2434960612635
4.039411374929922,1.3967826062612771,5.642179548036066,39.417763923879534
3.7213380140918506,-1.0013279645632562,-3.726279819102463,21.63415393910963
3.8496870933552545,-0.042300145427438096,-0.16284232389905873,32.189279841834605
3.024701393154963,-1.115162232721591,-3.373032758906796,20.840340004582067
4.163891822594393,1.950672031986588,8.122387322552543,21.566330086383864
3.9989311689605063,1.776237358746453,7.1030509373632755,42.66093633361027
3.2548069328139313,-1.8422927545259764,-5.996307229704022,23.48113427793988
3.218189960648521,0.8223006900627539,2.6463198253943054,33.31051705688043
3.2200854118241207,1.7009932696626633,5.477343613251755,30.277390065017663
3.3650906915514454,-1.2776986194906659,-4.299571731056172,28.683583156471066
3.6297077179586856,0.27178092221051786,0.9864853109414459,42.49583364218181
3.518334022370539,1.6619531903521674,5.8473064532032915,20.545584919387238
3.3494749682376503,-1.8642160856568046,-6.244145114293443,36.59474215438973
3.7342234736668556,0.7896810689873597,2.948845584522934,44.08486085533876
3.1673926327824504,-0.8106039705097969,-2.5675010442969337,34.00420458654605
3.350573578242262,1.6975847815061216,5.6878827157405745,43.420561550827294
3.43963421195243,1.884232980661471,6.481072223572298,21.306446982150593
3.5472839810604433,1.7770659564537357,6.3037576006161915,30.469832976854036
3.9422111536716162,-0.10314313337014491,-0.40661201079642434,26.503944774051277
3.2396085385900317,1.4481706039572537,4.691505853915002,38.270524124518246
3.617081326096334,1.3781975941402815,4.985052781435707,44.53242726243117
3.710897482634451,-0.7235981070269775,-2.685198393805465,26.413251561106193
3.0557404952639975,1.3156618966027094,4.020321335524733,36.35436503685186
3.729053822281726,-1.8519694611380295,-6.906093797805798,24.9524408189935
3.20462894842475,0.38507951392821216,1.2340369577796804,34.13325636429025
3.0780619115823353,-1.0799646508491878,-3.3241980576342005,31.598312167208405
4.1386626447040005,-1.5177324568908848,-6.2813826239891295,44.300133240788426
4.158758439689471,-1.6921871934831634,-7.037397772432546,35.213181817411666
3.9700768177397534,0.785155103512559,3.117126074785267,28.73765930217047
3.365536523008045,-0.6405001449277354,-2.1556266307462395,22.852394622198332
3.1172065368076605,0.8990670861150458,2.802577797866437,23.781170718373364
3.8210796318145883,-1.7385746368042305,-6.6432321330820905,25.632923248780877
3.5281829924875217,-0.7388386486775587,-2.6067579544566257,26.27416653350745
3.1464458818137344,0.15796516950134887,0.49702885704752764,41.26540144602845
3.5942122921335242,1.1628926593558542,4.179683090688655,34.03056970706312
3.041266225338262,-0.7249899882717203,-2.204887565039166,33.08477278435916
4.091184482494539,0.5035655057480364,2.060179383035881,22.869221796730436
3.3105359779200203,1.5439109929447485,5.111172888849812,41.50349233373588
3.7950267412247785,0.46345275272921826,1.7588155899016182,38.07035758021209
3.3740532913072934,-1.068162100985465,-3.6040358524797216,21.69170904750004
3.624081625413373,-1.902396873773848,-6.8944415544876465,37.69587743074422
3.6560523352119354,1.4803954956037195,5.412403408739209,33.58845543356615
3.2218253466306326,-1.9149223565984514,-6.169545385318553,22.043133643669456
4.16350155331747,1.4988066907367976,6.2402839850052745,31.45751603821641
3.9301593880333376,0.11574853610884794,0.45491019583930453,32.11740717825117
4.127398729877028,1.7562707940515847,7.248829844688629,24.144363504081895
4.073792820513178,1.1951329430946616,4.868724003137817,43.64245367500706
3.717479974573302,1.9917364421333499,7.404240338258605,41.24938428701655
4.10624908202774,-0.5971527381931594,-2.4520578830360122,36.725558433227704
3.1061910024623036,1.0687531557245076,3.3197514361646587,31.55738902501518
3.235179434902974,-0.39227634556303137,-1.2690843659644115,30.29413853961271
3.0542727466926456,-0.08049751878436462,-0.24586137779946415,36.27433667877385
3.3903963969159174,0.5100218528734803,1.729176252330628,33.63579673517263
3.4664127476273787,1.494708456745355,5.181276448448545,21.55682764704714
3.3256188381286753,1.9363338767971805,6.439508417583433,32.812566219258294
3.9944850109823156,1.0730936554580728,4.286456522107493,40.160090430820986
3.428103992032307,-0.32893287133066496,-1.1276160893193017,31.48099693992395
3.337121411624857,-0.3145719908917193,-1.049764926302216,21.29891443885671
3.6512352997898985,0.950329206355566,3.469875544666761,39.65695498460083
3.169109069969715,-1.0448914169267907,-3.3113748665161995,25.03409455339936
3.9626363769048476,-1.5581035474744214,-6.174197796206632,26.46552087220097
3.089460772415725,-0.5815113694368939,-1.7965565645890322,24.117658835807397
4.184264323920621,-0.8510440333836731,-3.560993186972813,28.25537662178744
3.926693723155989,-0.8147675181760397,-3.199342499453238,38.918787642215875
3.238458817841007,-1.0655689958003602,-3.4508013104676634,32.98464648759843
3.006626540548323,-1.8316272414545525,-5.507019076548569,25.122031853767815
3.978553714145801,-1.9285042610663448,-7.67265779061151,41.94575195380102
3.8482288126171404,1.9508895589441262,7.507469410962732,41.98954637378823
3.874808601649185,-0.2889074650565506,-1.1194611306817837,41.76446062615017
3.9255244160231353,-0.4626934113612733,-1.8163142834317145,25.969905284538484
3.0888535820809087,0.7185891307722794,2.2196166106303616,31.280983604524703
3.4301588742531273,-1.1269844485397433,-3.8657357073038674,44.62474140352188
3.1390428714301555,1.7998447358009013,5.6497897875969105,39.30031190774976
4.035724111050712,1.1453800576622082,4.622437915024028,20.679185530638996
3.7479577521930696,-1.642355990750962,-6.155480867395797,21.6301147815123
3.397077629823179,-0.32967689686028656,-1.1199380113936028,31.598284420308318
3.0762700203432285,1.5164732302486588,4.665081134867003,42.730505146539
3.3731787860587947,1.7789280891656412,6.000642492297649,33.46754494881786
3.3902199864320965,-0.1303939550005211,-0.442064192352694,32.44531270085726
3.875527414005677,0.4536455568428308,1.7581157917862613,22.636842498915765
3.7650689656262557,-1.331864215631699,-5.014560624703066,36.41950261810735
4.064655291091592,1.9646745045479062,7.985724620183398,40.552579015005634
3.566657910194339,-1.0733131944662264,-3.8281409951589214,29.510500187689058
3.143513095125962,1.7709270965405026,5.5669325184884695,39.39029627313319
3.8558937446675943,0.5985865959694738,2.308086311040563,44.11191634752029
3.912942058340277,0.4309471795154365,1.686271343649069,25.094161478192227
3.6735326370833956,0.05075404406603434,0.186446637340546,33.08324077986853
3.9251606159454733,-1.0773207531289652,-4.228656990922531,27.178448952114387
3.5925547156372692,-1.293887871977967,-4.648362975980317,39.821360475845985
3.627279395258393,-1.1180551637192986,-4.055498458121261,34.43983414702894
3.5130492220302596,-1.254246951422982,-4.406231276930331,35.86456043875759
3.030502952092914,1.1183378942670132,3.389126290013557,39.94785399039735
3.1294697123919653,-0.5994989633330796,-1.876113848361254,29.89926181656137
3.0377150228240812,-1.7686292937464145,-5.372591775420228,42.87725171017608
3.763692493516537,1.8764105205632453,7.062232190999343,33.325721681153496
3.377227177291592,1.5351435398537028,5.184528483837544,23.9488705708837
3.6102848293976435,1.7110091327808519,6.177230315039528,37.397477954220065
4.089079768711311,1.9796312905857412,8.094870259842017,39.83153376095636
3.29915067497865,-1.3044190031220508,-4.303474834605091,27.919041926688166
3.4924595076427556,-0.415031924389365,-1.449482190308907,41.42948142496883
3.9066613662516585,1.0329539028163652,4.035401105251564,42.65358136914416
3.2745577985899468,0.7840824722151689,2.5675233741298666,26.922612184445224
3.0923758917945516,-1.3844163746405798,-4.281135821144143,44.58803681788055
3.3477017434965215,1.263332499962471,4.229260412740183,23.51778820121896
3.1934655447048055,-1.1022377126533573,-3.5199581574327325,25.05039171006225
4.115637182811088,-1.1047295407095077,-4.546665974693865,24.605620980950654
3.9697444554773007,0.1478976915736543,0.587116041102406,42.34974275019676
3.7600845078125085,0.3717597393668126,1.397848036621568,36.35731380812405
4.045752708225262,0.3203448313512447,1.296035969005263,23.80260708055682
3.9644064922789375,-1.6340526504089805,-6.478048936006967,31.008085459208722
3.2238840706632432,1.5098434505215215,4.86756024933156,35.382450626745054
4.071070798187973,-0.9375998296451757,-3.8170352868544932,22.086602124734583
3.647210690298781,-1.4819403148687833,-5.404948558774168,42.060409210183465
3.9689281861968753,1.5549923194759088,6.171652846087591,40.090088386038374
4.075309559908192,1.8226059929190135,7.427683626888817,32.63016933941596
3.381604169966237,1.4485104690618025,4.898289042419141,44.17816538147926
3.1320623094332123,1.2380642988995123,3.877694527238017,30.44402448187749
3.27352219505033,0.6209679225560869,2.032752276901645,44.602757975912446
3.5125293463515077,0.20342948243655723,0.7145520269715059,36.69799997009068
3.9816177191069917,-1.6520529603543594,-6.577843339850078,35.86678183134853
4.032876699907613,-0.3661871477172052,-1.4767876158343438,24.148872382394625
3.008342556637429,-0.5092459319507441,-1.5319862088819116,42.0481939576161
3.612896763093079,-0.9609848649586952,-3.4719391079907096,30.68724219801538
3.500893203778535,0.8936804547543398,3.1286798303991787,24.055835144561982
3.2665293725648765,-0.01649705968491677,-0.0538881300217365,20.315187999393977
3.1438384408004194,-1.6758151363694083,-5.268492045393343,33.99389209095956
3.4051382056843535,-1.1192671922007547,-3.8112594785318423,33.18499055306691
4.131491644695023,0.7330350546383837,3.028528203507042,37.983840559228966
3.3878435184249063,-1.6954765620387993,-5.744009281344489,42.256451325445056
3.6225487460920394,1.4048276561950748,5.089056664424887,21.98516461607574
3.8436227506742133,-0.0194138919441027,-0.07461967675548398,38.28741225850906
3.4363555228551528,-0.077653690693408,-0.2668456888843783,24.685298602439556
4.166138499265153,0.3696311386380704,1.5399345172072803,41.4544263289291
4.154936753930533,1.2987238637005967,5.396115514496278,40.476587846541406
3.302138754990437,-0.6087631683912278,-2.0102204509554427,33.51984387463861
3.5966982070708626,0.7120646102362542,2.561081506955348,37.75606996558279
3.3610539717801236,0.26292785598316426,0.8837147146438465,27.858752829593712
3.3418085932529613,-0.9318869193223147,-3.11418771493134,31.779197473320366
3.044264336825439,1.514519945420632,4.6105990572548405,40.54092244276179
3.7314772007758763,1.1897040864277124,4.439353674174901,31.481629929330346
3.603214827874634,0.633807338633702,2.2837440005807146,28.944956633136044
3.061774501499987,1.4023269163769676,4.293608795330104,32.3553111812575
3.334375757083934,1.4691768038392095,4.8987875175915185,40.70623131093046
4.089919063159985,0.8334519068601391,3.408750842094323,28.38020118427182
3.287474268800367,1.3480533134546882,4.431690580953362,24.344039828393594
3.173873846509468,0.7898858466771346,2.5069980304965447,37.80035050826952
3.5873433123330756,0.7205630870412016,2.5849071714113308,40.64945531770205
4.182780544932721,0.4744455128607372,1.9845014608245188,22.515936963088333
3.2904663258138007,1.010866558230565,3.3262223697489692,25.996852818898617
3.8065626568870545,-1.3655795788277052,-5.198164229773094,23.549299744024847
3.913943538394461,1.5234830367957137,5.962826587720155,28.698535289554165
3.28516505279088,1.487374110980928,4.886269449820448,31.258774472635316
3.8738596183342318,-1.8830108678617634,-7.294519761894182,38.72065842408266
3.441339759263104,1.3032670022590507,4.484984551809709,36.27868962204185
3.7587669967122954,-1.4845205301062192,-5.579966774505098,35.52321418696078
3.7602356529130736,-0.6595245829634324,-2.479967850831725,28.80937366524136
3.6429296208897104,0.9740330251664311,3.5483337591036044,41.036188827119
3.10834772406529,-1.3569604158067672,-4.217904820119655,31.782179184954114
4.002362994707086,1.2718680964762488,5.09047780348508,44.477623450378864
3.384936077966083,1.3285367118309677,4.497011846779072,35.85355345739342
3.223822212479825,0.029870935043344815,0.09629858390027703,23.156618539112568
3.0489301698657165,-1.9744565131326657,-6.019980031978049,36.904439051885845
3.7090715318258902,-0.8518474673003489,-3.15956319042171,28.127600385792476
3.813077234210739,0.4677076735029688,1.7834054820998397,37.15817991715244
3.0199053947134273,1.924744712109694,5.812546939546207,21.74102870406014
3.6145116699591373,0.5272541080666735,1.9057661266408874,24.372035929398983
3.2717949302375255,-0.9607856757433608,-3.143493702941963,41.39343147264466
3.77420734849134,0.5360228123984454,2.0230612375132075,25.679488925587872
3.2092397148059897,0.1599415188634219,0.5132906743828849,40.9260281310735
3.8291252857229594,1.1193815806045744,4.286252314665509,26.98190221136026
3.464082415560645,-1.5720774446921664,-5.445805832057646,36.07204775146769
4.1240759864840815,1.044111610008112,4.305995618043688,37.35376433774577
3.1650251329751917,0.1650663147044411,0.5224390346471486,32.816368828626324
3.4092796212603105,1.8519680154359786,6.313876814251782,27.63276691741828
3.136168225488707,-0.6325113358452557,-1.983661953739307,25.316109409277402
4.109632341934276,0.5304875725357925,2.180108885087298,20.829733864060657
4.052807224057178,1.7281124220400699,7.003706508026942,27.598660031018095
3.3095299532581866,-1.589961088037283,-5.262023845374364,36.32906976328208
3.791980855241015,1.7489139489458045,6.631848211866453,43.457620461212066
3.980666640241459,0.7515428892032534,2.991641707762074,41.7801120565763
3.666240973919355,-1.7286517635793124,-6.337653925272429,39.15161941338256
3.6355806940272077,-0.796145732212735,-2.8944520536647746,39.71118358133246
3.290222749080542,0.8326883545811263,2.7397301671372665,36.62462258689988
3.111723321367079,-1.7305975941249132,-5.385140893540251,26.507171439150074
4.076658909543992,0.3286818407050931,1.339923754315737,42.67987576764575
4.080501668595996,-0.6164677721881731,-2.5154977730494967,36.768307797645846
3.7597217487279218,0.48366207106990844,1.8184348076363246,34.011015774510994
3.4068357492584407,-1.8170318647499486,-6.190329114371853,22.774736730337025
3.4190514895351933,1.486147224609505,5.081213881969722,31.176388595160635
3.8711468146442876,1.8939558767095876,7.331781259201149,31.50895678004816
4.076532311943093,1.875511421142766,7.645582909706795,41.61409023806675
4.06450370911814,0.9986073269716988,4.058843184429022,33.666205504694716
3.9358506550291485,-1.4796550394774721,-5.823701256344589,29.51001372426024
3.7704379753851454,1.0330527837160903,3.8950614463004842,44.42000821276648
3.1009679579940586,-1.901652334164794,-5.896962955489636,22.768014833157892
3.1939544569135365,-1.911505793884011,-6.105262449791884,30.563710707798613
4.078265026232495,-0.705559123401835,-2.877457096908961,21.050616879285133
3.727714871591508,-0.045427238381337,-0.16933979208944247,38.497603019173255
3.0110364619399554,1.0816296712311728,3.2568263783931877,42.951913804978766
3.1217658514392386,0.7331815064260208,2.2888209896675304,27.000933238762236
3.796202122929667,-0.21638917449300665,-0.82145704358935,41.45854191997802
3.0060739006154624,-0.9054933348733365,-2.721979881143994,27.305455761547442
3.1929696617009986,1.9884980006308446,6.34921378836738,42.76925404109788
3.6584805472399036,-0.2952747910561082,-1.0802570791690989,38.8490475899196
3.830274237231232,-0.19445190268129808,-0.7448041132207708,40.122669421035965
3.782353511403121,-1.3455047152333233,-5.089174484272216,20.450163890011364
3.2691231713526716,1.1792381949997175,3.8550749078176767,44.07025892685065
3.8546150656170433,0.7747289031259545,2.9862817017582715,38.16677480175808
3.2846989049961604,-1.1169215488449584,-3.6687509884576506,27.618777384653335
3.3904796377911213,-1.6704758175366292,-5.663714244780418,40.73486662147117
3.895789686141629,0.7219972082988524,2.8127492775137184,27.03802996037325
3.7795594788566578,0.6180448571245409,2.3359372981036675,41.8188459891532
4.019068092593013,-0.9069618920071627,-3.6451416013637776,22.814509760298424
3.789135470760412,1.8034542490016414,6.8335324647857,37.59214943651989
3.681970324002566,-1.395768432876399,-5.1391779490304685,33.517461916122755
3.112409721393711,-0.27066079582959235,-0.8424072921401816,22.41336175488602
3.4412589636713204,1.7744636806703955,6.1063890468162025,26.047345706470974
3.3182428412180704,-0.3210907322955108,-1.0654570238210466,20.31010090693287
3.2927875720549005,0.5541037906563422,1.8245460755017138,31.719199136612644
4.167612665702935,-0.4096224081488229,-1.7071475363567712,27.53163151900001
3.4717172696001124,-0.9031391906053199,-3.1354439248771566,34.95893710744397
4.070455866212536,1.935910591839313,7.880038625015314,27.43094519271543
3.7573663511967155,-0.3626639747398279,-1.3626614154786851,27.497977787674618
3.9537735642499783,1.5763968147165377,6.2327160527941174,38.579829968290085
3.6031645117262308,-1.0801815764356553,-3.892071922433448,21.203570899458835
3.692284661551631,-1.1475811838996668,-4.237196403198001,42.57237487979968
3.5910212325826367,-1.8754636684619546,-6.734829854384202,41.30659685977953
3.2342915853576533,0.6066673015035402,1.9621389483645344,36.69511708066017
3.8669425383138067,-0.5258946251049554,-2.033604296488944,34.83053925268461
3.336926834929027,1.4574329993585482,4.863347285670638,42.30756245349131
3.0291791597177444,-0.10716037323377137,-0.3246079693473154,24.63325448821786
3.7745667550886015,1.872773711658887,7.068909391831522,21.974229054770717
3.212532815288459,-1.2578979371875154,-4.041038401498554,25.98775424773845
4.128550301223497,1.4744926718224431,6.087517164404387,39.86445696750476
4.144714292403105,1.106387411166967,4.585659715998599,20.866756668162083
4.097837268264538,1.083687378576208,4.440774527077486,34.57017087708724
3.4441904403065333,1.3791329124675507,4.749996393032845,44.88593790478275
3.018547939834641,1.0440959637719955,3.1516537204336212,41.392402345938486
4.11398227510527,0.5048812865256616,2.077072663798917,33.03614222608974
3.513820977980777,-1.4750204892704497,-5.182957938149976,21.59102273216606
4.159985782852404,-1.8698952820349923,-7.778737788688354,40.78433785964275
4.156343972507104,1.6833913912627474,6.9967536624452675,34.974462704430266
4.023611346560832,0.46660125808295216,1.8774221163421256,22.873324926489172
3.353338670483503,1.1861491639047053,3.977559860283323,22.346432120583906
3.4621172743223103,-0.07391059394979971,-0.25588714406902363,42.740670485914805
4.021364005820228,-1.530767244150422,-6.155772296915132,36.73000657345196
3.3803064061875334,-1.4992568311897982,-5.067947470991296,40.73216998291889
3.203391296023311,0.7422611489158855,2.3777529038134104,41.97447250705668
3.6681615149500204,-0.2787764204021492,-1.0225969365946914,34.294308801208054
4.123385728992938,-1.1979010931986531,-4.939408272440366,32.93615879387603
3.8352357560099675,-0.03362181303425249,-0.12894757953084712,30.760685258024754
3.684073404107238,-1.7431642516994637,-6.4219450586764895,27.923664694777983
3.1166117925249224,0.3278856076575951,1.021892151424861,30.864899021467792
3.7380086720390038,-0.9240263822596093,-3.454018630079247,39.34699139325391
4.188064620125116,1.1902364025487526,4.984786967099427,35.04808577537829
3.168100818283829,-0.7585521643057049,-2.403169732447873,42.313082248871154
3.621995582836484,-0.17911940367279522,-0.6487696889031693,31.08450035947969
4.052847686313546,-1.9535178403675975,-7.917310259506053,35.177239467968846
3.8889223413050455,-1.7102124488217645,-6.650883400600971,35.78268882729972
3.836418889194322,-0.4300257743732607,-1.649759003645993,34.79242905765814
3.8429809007845313,-0.08024466113150597,-0.30837870011830426,37.56584432713791
3.431389381463706,0.4000821924772149,1.3728377869790338,25.935836709370157
3.3523102131173923,-0.8333496851627871,-2.7936466606693746,32.80909443864476
3.9712333865742164,0.7799275445061702,3.097274303851751,22.60562007020869
3.972136073615017,1.4404895887568183,5.721820659167819,29.612783191120315
4.040486782296124,1.1194039555733992,4.522936886544318,32.191676715531614
4.095888663067766,-1.8415246986065714,-7.542680135781939,36.30560648863681
3.6136108786331254,-0.07797221096868423,-0.28176122978751444,43.76327631465509
3.6018195536246393,-1.5802792863273005,-5.691880833681661,35.016276663708894
3.9579542147601305,-1.0318199365498901,-4.083896066741168,38.58984790441399
3.7799567169333184,1.9466503730685858,7.358254153201351,32.65665148738007
3.842360252709244,-1.430017828393947,-5.494643664486491,35.85260078440828
3.954951203323321,-0.004447386194575742,-0.01758919538188086,21.773305403344335
4.06800641018108,0.4726229372724764,1.9226331384230444,26.359789521046174
3.4055941882218432,0.8098598821764158,2.7580541080140284,29.046327330128467
3.450699543167933,0.2385947339476564,0.8233187394354524,31.81233387516284
3.1127783278090426,-1.9609166103232654,-6.10389872725503,21.141218637559593
3.6939361691954087,-0.6941547670240324,-2.564163400929486,23.500602438832942
3.0431307285560907,0.07084657353884571,0.2155953849489702,26.920357694782645
3.5587176217589525,-1.6485340034206666,-5.86666700804196,44.28831727252627
3.651173561649092,-0.597492275163277,-2.1815479983657213,28.28367517757627
3.343849502553941,-1.8671875648345337,-6.243594209846861,32.05102645280206
3.7089999126828133,-1.685686011379917,-6.252209269018752,24.902442818459825
3.0366002999268593,-0.41230689519361574,-1.2520112416068456,35.2695017768942
3.0448178264990573,-1.4691369838277586,-4.473254477927816,27.01708038789936
3.98712067279159,0.2701633930462326,1.0771740494461537,25.17481446096067
3.4322287696935154,0.757859876549063,2.6011484716880697,32.91431571114948
3.152472615182262,1.2023467964363315,3.7903653497176566,20.13764497901052
3.6266919120657652,-1.1993990230207596,-4.349850736128969,20.191600816230633
3.923992263718333,-1.330069670963721,-5.21918309906803,25.476720227546444
3.2589852329962117,-1.581728638662399,-5.154830276007959,20.91803406252053
3.7474685709828,0.5457209981745468,2.045072289184476,22.700643853267284
3.1024169579925216,0.8259029059476046,2.5622951810671513,28.47151623346879
3.0620180654023295,-1.8736554206974319,-5.737166746514538,40.06464198949532
3.6376255578817775,1.7448489849747593,6.347107262388262,34.30121608423252
3.6487621459321278,-1.7921148653941104,-6.539000882012281,32.81669314891041
3.764915881797848,0.16518534120428185,0.6219089145401971,27.33722058020304
3.871309600467194,0.8362420778036657,3.237351984115965,43.293842985820405
4.171022495355041,1.4838764949843424,6.189282240908284,29.92537603092979
3.6195604179614342,0.8563477285297112,3.0996023421973264,22.177319169894286
3.387547767529495,1.2069123322791673,4.08847317681611,35.42666290294503
3.9542234337224444,-0.6421992298287758,-2.539399243707451,22.845959836915036
3.324998701514489,1.259300454986049,4.187172377645218,28.630578570042303
3.5267657048467633,-1.6795406144612994,-5.923346238979371,32.68529846794522
3.094147657610719,1.5792666242421105,4.886484126141514,41.85556311712939
3.030420892098549,0.19036950461494495,0.5768997240035804,32.338664508502966
4.15517809761351,1.2691910798499748,5.273714976679055,37.55646915079161
4.003176144614647,-0.19072686192679944,-0.7635132238025751,44.820420974976756
3.8351690473124376,0.5743107807860999,2.2025789300086887,23.28722799744954
3.490743533297124,0.10561064374445284,0.3686596716982951,26.86828813798799
3.207953184085015,0.9263580870213275,2.971713374862971,29.86440188994116
3.187724451205303,-1.6734800718776417,-5.334593343729167,30.545704463470784
3.3002914777975145,-1.7585916640377448,-5.803865081749519,30.275526881638644
3.6590719976473447,-1.0115870639594142,-3.701469898916186,42.69027506391387
3.857515107240075,-1.3618212795472466,-5.253246159214513,37.850816111671406
3.7922368520612775,1.4871342663688067,5.639565368886901,35.197630352267595
3.3359206763351317,-1.1231440505678227,-3.7467194607919905,27.734317946569554
4.145838336795833,1.9034610232765252,7.891441682896445,40.59475960553237
3.8854763000349224,-0.6524168329155726,-2.5349501420373013,43.876512787124724
3.665224863013681,-1.2715283372452029,-4.660437275697562,40.52995706375566
3.7340648954812226,1.1587940285699165,4.32701210317619,20.039127629786822
3.503520074913348,0.6348311020035045,2.2241435100486413,35.91003425458518
3.297277187401389,-0.007217134187444074,-0.023796891914674004,21.278384536052517
3.427167214381514,0.22145420375052494,0.7589605865807628,26.440180508343047
3.909415332557243,0.8768071130890553,3.4278031716056057,21.48811750869429
3.017272186355707,-1.086181034674805,-3.2773038252713533,35.09488632373469
3.1392871686082997,1.9853356642269677,6.232538776088155,37.16474783731517
3.055203170426103,1.8991726485871325,5.802358297149946,22.862190951647626
3.048874562782764,0.6013027453877475,1.8332966449441443,29.59597207612449
4.026552700813209,-1.2018301962834195,-4.839232622763872,31.405912723888548
3.8443894312560287,0.7209129697251653,2.7714702016668227,29.226325544022913
3.5690085949047905,-1.7112063640832966,-6.107310221069062,23.025625012129826
3.1174009927812016,-1.8773899911767757,-5.852577422331972,30.473694754686885
3.589939050140199,-0.9692684459551453,-3.479614644203081,38.779451195210456
3.568166124936679,-0.14950817304273478,-0.5334699984522574,21.775191613331387
3.2078422438920184,1.473090021633522,4.725440400451819,22.004500352047586
3.5206219790855675,0.9086762790652321,3.1991056799507467,28.869282295899605
3.4782056812768483,0.9708260847999242,3.3767328036828554,43.54314279047313
3.73902011766266,-0.2980266622076986,-1.114327685594439,36.714316168072855
3.7621123810411725,-0.6162600298121483,-2.3184394880970856,36.96674891681412
3.0543648117264532,-0.5158449480615892,-1.5755786576661779,29.047999770946625
3.4495351375517656,1.9505982549442313,6.728657219677283,34.84151978021346
3.7510318988570837,-1.83956323435007,-6.900260372011822,20.253279600693585
3.603763510296105,1.4681259844897943,5.290778851421866,35.902401160238554
4.027787809425987,0.31470163428957365,1.2675514061979798,42.83217368940592
3.790432357942734,-0.24553832324163816,-0.9306964055301078,35.31433670862048
3.1955213124977155,0.901030641660546,2.8792626186397667,41.84246483665862
3.0846824968805158,-0.0533242343011886,-0.1644883322084321,38.09932638665234
3.770903133847579,1.4936929523266422,5.632571434934578,23.013960410092256
3.031813572649946,1.602807456045034,4.859413399581866,42.561332682146045
3.702930697528156,-0.31311629250617834,-1.1594479314173332,21.661096108894373
4.128276289709949,-0.8926888110597937,-3.6852660527875107,33.3491868136941
3.690569013451055,0.3694013143734489,1.3633010443547424,23.55342809483644
3.4658039114478263,1.6494533824667639,5.716681984704158,20.2926652682726
3.771945862130824,-1.1573512439773337,-4.365466235752265,30.550856503190975
3.54990346858982,0.4918663342539311,1.7460780060505898,27.376017691353905
3.654740147179122,0.5262408803700822,1.9232736725754251,32.15001234494007
4.12975777053183,0.9324520896611239,3.850801262926669,34.42999716836377
3.4633231653609293,-1.4737292594909608,-5.1040006838652525,21.093476807723682
4.153428676588697,0.8632998587283542,3.5856543897373174,23.07508237809364
4.086420770347276,1.636130082662564,6.685915952782307,33.966059911260636
3.2349493617471556,-1.2812675645190321,-4.1448356900681755,28.579183829316456
3.0832335610501986,-1.0498267003044894,-3.2368609156653907,38.229337188736196
3.120933601652912,1.8855803761665584,5.8847711545955494,36.3072912147985
3.02186619078186,-1.276092189162041,-3.8561798427495813,41.14010907474767
3.113331552907114,1.4175403734783165,4.413273172269777,37.31232066673063
3.8196081280996284,-0.03088857420786084,-0.11798224910975381,30.748276934753704
3.085426378152275,-1.0110757023872918,-3.119599642454589,36.82416555986081
3.382770756352514,1.4829996050900456,5.016647695780933,26.884529356385464
4.013850373163345,-0.21877897998933804,-0.8781460904705005,27.657837469455316
3.027926322882991,0.059269415718760765,0.17946342399673063,39.72462899801983
3.977362179106723,-0.5630665224009372,-2.2395194905186364,31.160487910039556
3.33822572972808,0.3718034057397097,1.2411636954408278,39.95950851295881
3.1417977931459875,-1.345904509659909,-4.228559818234734,40.56055934170696
3.836084598436981,-0.43567385339295717,-1.6712817589424143,41.4390584415321
3.754731416135861,1.87764928934115,7.050068775174389,42.91588089603018
4.052966416232463,-0.9674662691954898,-3.921108297887036,30.774630512832406
3.882085252564663,0.6269466581651688,2.4338603758077006,27.97167045802847
3.9641771164618183,-0.6992397431012205,-2.771910188522499,34.55496866485285
3.338441487085568,1.0938925027464026,3.6518961135804537,29.27931058594069
3.2129274525356672,-1.4765053571266007,-4.743904595728035,35.02685417000583
3.90073770196903,1.8792841803141789,7.330594654865482,37.639646566095614
3.968201687120717,-0.184841834465443,-0.7334896793762592,37.210125462303424
4.188606170400808,-1.0557981466141442,-4.422322631605741,29.36382217550303
3.4951412122937118,-1.7060130106799494,-5.962756382336763,24.17150504246882
3.4464217029513398,-1.320968379649837,-4.552614092537663,30.76323346155519
3.931695552890396,0.07909579422407065,0.31098058240311244,23.56485360204772
3.4089642483036213,-0.6519872942748548,-2.2226013765311925,42.25242587959521
4.116908790724278,1.3155334635304379,5.415931280500415,28.646936518446434
4.030095302211614,-0.27644990535277625,-1.1141194648590689,23.861493680583095
3.514792832850022,-1.0051429096494804,-3.5328690948260113,20.636193997643772
3.901045281349797,0.4685799464161202,1.8279515889017466,36.14555965716211
3.905451448901619,0.8271088675417833,3.230233525140435,35.92255793636858
3.123748642603119,-1.3318323683962006,-4.160309552952529,28.51510416453229
4.08306348801548,-1.3295231348467293,-5.428527368364562,21.792797221191275
3.6063028469374285,-1.8533142922658281,-6.683612608468081,30.2407223723808
3.99174895932929,0.9456080602625621,3.7746299904864706,27.78043737658484
3.3840595212367344,0.6552181104872203,2.2172970852810208,36.92801599337523
4.074627874195441,-0.10147649700074446,-0.41347896325494343,35.14448123631726
3.4670420144809957,1.3766817958767885,4.773013626875976,29.114843204938502
3.013005181776358,1.2226806118002127,3.6839430190115285,25.447313856374752
4.086458371703117,0.3414174575870086,1.3951882278020251,44.70089915388979
3.10954401214336,1.4730851220530345,4.580623020657485,31.35004052990287
3.383176365108498,-1.176635159852927,-3.980764263170082,37.20685589450593
4.140074360460966,-1.5523215224090885,-6.4267265341176,23.51382418945902
4.140728576325067,-0.9210015539320415,-3.813617453206197,32.139742491484945
3.6881254657479436,-1.7716525756427406,-6.534076980685927,20.688417996736636
3.7582046546037593,0.12467811200412804,0.46856586086112284,32.63637794776125
3.5381346263739837,1.746422769179846,6.179078871923152,44.10043517794256
3.3518529260376777,-1.8426258373259614,-6.17621080443365,29.605167824645008
3.394397454443899,-1.5115603439598928,-5.130836583775805,20.97490031437279
3.807022147292446,-0.1912038868662589,-0.7279174319482469,20.77389477298359
3.902849435325216,1.7355000701116197,6.773395468642008,29.699668998671736
3.9498948524710182,-0.735375580092998,-2.9046562184422218,24.000623411579852
3.947541771353465,0.028939234753569743,0.11423883802072045,20.583802408204647
3.1094473236584284,-1.8337085637984316,-5.701820186072574,38.90534034875442
3.593304365643098,-1.4066271961516446,-5.054439644764014,31.463075222047266
3.069070512019973,1.9465204918353876,5.974008642534603,27.23111929931636
3.6594346587884825,1.8604747857441821,6.808285912754336,42.50207957541202
3.5298366016480527,-1.9802400762623615,-6.989923901241215,22.90347400501314
4.06524501930996,1.8072471416929559,7.34690244142945,43.89797072388298
3.4210980150624946,0.5564797512620014,1.903771772464904,27.849167934433822
3.140480419713127,1.4716731780800885,4.621760799977507,42.210091807717035
3.171590018463403,-0.1810405774645636,-0.5741864884234603,35.07357191198654
3.913812758060967,0.06238411431700097,0.24415974251421224,40.66768399353718
3.7418616759795134,-0.04461367897231927,-0.16693821557097455,44.6003290802616
3.121347211347348,0.6674570301844174,2.083365139860314,27.210135945468643
3.100928167337997,-1.4413949809747484,-4.469662296764214,44.028387135189824
3.841162957750944,-1.8801056405092882,-7.22179214298289,29.73704737256051
3.087315607637032,-0.7682802336352363,-2.3719235563410908,29.637797618423058
3.986232071148428,0.8187230509465868,3.2636200830717725,28.509677606362644
3.8474906725877958,-1.1925861915082066,-4.5884642480848274,33.53519018368963
3.0976185367702795,0.6937297332996692,2.1489100813777577,23.853626079462178
3.1018052569022303,1.8796481844290818,5.830302619588859,33.84278713395028
4.1839674942014105,-1.6243971368423265,-6.7964248182221345,33.5426203102501
3.4491249549073446,0.6904084729005051,2.3813050929606034,39.04754531512175
3.444770576480269,-0.2249991227817154,-0.7750703578923246,40.841249048439636
3.9753594807090034,1.4725690175100214,5.853991204756806,31.0110337578106
4.136698292860631,-1.2914008422104564,-5.342135659370776,27.558331233787342
4.183201276587445,0.7705038089046581,3.2231725170254544,26.48337243292736
3.90405382231073,1.3524611585924409,5.280081155729617,24.865595917621796
3.451511502637099,1.778456877896093,6.138364371002428,21.441189554975622
3.1002008600384023,0.7329921131585833,2.2724227796156056,28.561199470867834
3.9325762991129243,-0.011300943966290777,-0.044441824399438314,26.756192303269582
3.670085099682966,0.4713889608048554,1.7300376012049374,44.160434646660185
3.509066411096372,1.475619937914873,5.178048359681194,33.9427206562511
4.087625262113683,0.28243898655531874,1.1545047364493077,28.681925975762688
3.1334369787673815,-1.8784517612126526,-5.88601021141444,34.5116900248424
3.591150125149031,1.7237947820279111,6.19040584721078,23.479917533642386
3.0136243737209027,0.7581070041262445,2.2846497455233834,31.101093730055073
3.5623927703929517,0.706053543108986,2.5152400374817803,35.65585803552659
3.067563930818205,-1.1372993904091313,-3.488738588560583,32.222445794811286
3.1425814995216865,0.6355418809306288,1.9972421571838086,30.044470016358105
3.141031496132526,-0.4245423773833661,-1.3335009788041339,44.84620972249245
3.7790523625392765,0.6049319081659683,2.2860693567299952,42.00786905372318
3.895253855118508,-1.5736278787680371,-6.129680061293157,35.58514895398601
3.7000425181165917,0.6313812184121441,2.3361373532651917,34.23443402955707
4.15460705816945,1.9976549030826662,8.299471160134054,35.5165119956146
3.449844695428445,-1.8071518445577759,-6.234393204781373,25.032802695560832
3.342854503538233,1.9086967368852692,6.380495482785651,29.878443581607964
4.042318953827353,-0.37236815710851756,-1.505230859281522,20.986488322272482
3.268315006223343,1.4830138013490366,4.8469562613853805,31.888650937170667
4.155867047328734,1.1295419362330938,4.6942261113670085,33.57561459894158
3.01458536962778,0.2680650439466712,0.8081049595902629,25.69374340258024
4.163854592049167,0.953796837005306,3.971471339646514,44.10072117913784
3.0517918943406914,1.5140622452053916,4.620602887445083,42.73636527343105
4.069371736437685,-0.3834387133958681,-1.5603546629491758,38.05358088639765
3.63324133090356,-0.6918673537470452,-2.5137210651366386,33.334665719134065
4.191557755343161,0.6703735422543389,2.80990942001304,41.749228991192126
3.0885558776824786,1.2313837677650343,3.803197573613493,23.266308595586572
3.664625141281585,1.049140539106463,3.84470679634726,39.762744856872125
4.163163042742919,1.191254595434538,4.959387106210737,23.12052034917121
3.627717413004179,-0.257666740748268,-0.9347421221645252,39.855266563735135
3.755278365762315,1.2713368647000864,4.774223823604326,26.894189206283926
3.8348984267815407,-1.5191637785175662,-5.825838784260515,41.927264525454724
3.5454492777213282,0.17795639184339818,0.6309353609270697,43.60105234563495
3.7530696961008765,-1.9769653580075137,-7.41968877537922,23.71989923512789
3.7011771743077206,-0.7016566803989188,-2.5969556896930057,31.56689012663484
4.081389612589187,-0.5341538605144085,-2.1800900178279203,44.52468445406713
3.0545356564097497,-0.41530923356297844,-1.2685768623543223,32.085185899328664
3.3371558275106765,0.7818688267594487,2.6092181115692297,41.588688062863625
4.1404937808918705,-0.44576759491861706,-1.8456979544836605,34.718288053283
4.0683165406691,-0.2052255095098774,-0.8349223349062779,29.383247697990047
3.5467881033428554,-1.0498234765026901,-3.7235014170697793,27.144588888146757
3.744159117361844,-0.5069928334826397,-1.8982618399211406,25.08057727715218
3.3328574195773593,-1.090921490947394,-3.6358857852804176,39.04495478444243
3.2257453916685135,-1.7072163049262254,-5.507045128197119,29.6635126705757
3.5564380859279785,0.4137943735255116,1.4716340697488375,32.78188655501878
3.4240226736312636,0.672851194220065,2.303857744989376,32.30813700002955
3.7003873342210465,0.477961384038458,1.7686422517426714,34.431975730828285
3.093281564357982,-0.1460238247977106,-0.45169280520379806,41.6394286406138
4.1692737691994,-0.48085687928308074,-2.0048239735340307,44.518483589585735
4.183452893375524,1.453334598287301,6.079956830247764,30.189605214345423
3.8377940568236943,0.07632714054487222,0.29292784635745744,40.687973052657576
3.6433156396129447,-0.08327248948107613,-0.30338796327590906,39.11319486636794
3.3714331395435932,-1.8974317367742572,-6.397064237382487,34.338223786389335
3.9765540236483385,-0.6350086894953746,-2.5251463592644905,43.90117859029833
3.821677407064655,-0.47921752485657176,-1.8314147878138052,25.011862888210068
3.1951403272138696,-0.40470887641239806,-1.2931016518066671,22.731605257740537
4.093112621392612,0.32068947690932914,1.3126181454853696,41.349049173885554
3.987044691507803,0.13441018690751383,0.5358994221941746,30.978745415843708
4.139759895950309,0.4316203711737785,1.786804702860395,41.17422135517651
3.870863410066032,1.059533046168513,4.101307700169501,42.32725512988537
3.736098235122948,1.251942954864374,4.6773818641433955,21.561439840476787
3.501891643548743,0.8724923049059776,3.0553735116108247,42.086619074651516
4.119274180024816,1.8220947838197388,7.505707996546549,31.207976384235554
4.03927666740049,-1.9270696692945535,-7.7839675516366675,32.76081222510581
3.054262404127427,-1.2168880572658156,-3.716695443338644,35.664812777330255
3.0316403693967025,-1.9697485000874315,-5.971569070423661,43.15956516825217
3.4517560402536596,0.589898856618412,2.036186941471331,20.4779023607441
3.9726639969381994,1.5921221957999476,6.324966525980642,31.921086707945427
4.1847313551779335,-1.026070813694803,-4.293830706701577,37.19305106076402
3.180500269324234,1.7081381791852266,5.432733938941619,38.06767394245571
3.7129568584225625,-1.7589304388417566,-6.5308328363857076,37.3133107884277
3.457069027957226,1.7377441072220572,6.007501331592555,23.360878235203046
4.163897277377524,-0.5935092510414623,-2.4713115545099185,27.48488970929203
4.01054270776285,-1.594316686203134,-6.3940751597166114,28.967888135425337
4.005994445653366,-0.05651296325469746,-0.22639061690573078,40.11093019198762
3.5624317917539643,-0.9728937291179682,-3.4658675506079195,26.968996810363826
3.497783402805198,-0.8605083921523087,-3.009871972044932,25.26762409668008
3.3280884863168474,-0.7708401402948537,-2.565424195706166,43.936200475952404
3.0676505959811124,1.2121035913306537,3.7183103043363266,20.221582127836722
4.037666851506064,0.15664510670101794,0.6324807547773306,44.94552139204946
3.9754812109560933,-0.7547692033759854,-3.0005707866295284,36.92053247143489
4.199661207943357,0.44133513324367346,1.853458038785968,40.71173248622793
4.1959642044886865,0.8646026968927742,3.6278419672664626,27.365484908654828
3.6665180467231533,-0.9095039970658649,-3.3347128188088355,20.3578819416765
3.9227848982166127,-0.34580359389859394,-1.3565131158944348,38.44673796403825
4.133718875858914,-1.5124556266522098,-6.252066372791262,40.8536149250169
4.019576868812894,-1.2754026018612787,-5.1265787968653775,38.51190329883798
3.2968177220918373,0.7244714158599312,2.388450202955987,23.571257182520966
3.5406529623721124,-1.2742466092174922,-4.511665031718533,38.83569805642423
3.154991298181794,0.10065353466824067,0.31756102600953884,39.22306955269103
4.144861232710467,0.8361850468897307,3.4658709842254285,36.46351289175137
3.727409561341056,-1.5724923076210247,-5.8613228625618685,39.15289831988966
3.2743713666041554,0.2692488785156142,0.8816208183018078,41.1480359919433
3.806040821287028,-0.973748865194545,-3.7061279306123573,35.340102855936465
3.741753888549475,1.8517075009503192,6.928633742137087,22.215117849241977
3.4297952616394087,-0.0658174131203011,-0.22574025165337214,32.190695241680274
3.136269110639555,1.2239701991006324,3.8386999277826592,21.941233366790126
3.80588783471136,0.20090616862504707,0.7646263430885357,30.18857577581077
3.624369241084552,-1.8263498685807233,-6.619366287142788,30.17766222814069
3.9267820700827674,0.5326055023760894,2.0914257371578526,21.65024610350604
3.6241962013343922,1.805613368826628,6.54389711238006,28.72051334923698
4.022617800382248,0.40644728058532476,1.6349820657994854,22.77495246978287
3.6622882065293827,1.2767554377071608,4.675846382137195,40.20588025023055
3.6731255658424637,1.5368258533936312,5.644954332347809,43.69220064911177
4.051984323190014,-1.08768091220427,-4.4072660048847165,21.807911881448465
3.4841794394548766,-1.1518206403670934,-4.013149793106777,43.877880182292536
3.160818274140769,0.4439239554039669,1.4031629505697103,33.06441498341863
3.0345392115760066,-0.35588612077318116,-1.0799503883418926,27.489141948846846
3.906164706808343,1.3594452114668814,5.3102169058715365,21.921551881904087
3.7443714616241577,1.6000924935920446,5.991340668965087,32.51560670176045
3.8448957217190687,-0.5863144827891276,-2.254318046457845,39.86288861226872
3.2555569938106927,-1.0525177641020718,-3.426531568032493,37.677161931667456
3.163645770704124,1.1221020609754473,3.549933439503355,21.255650286599344
3.0174535988014584,-0.9007758578074556,-2.718049353854578,21.822545884197588
3.4207050705679163,1.2904572740547136,4.41427374071021,30.071832065815926
3.7079012242255596,-0.3050469854049487,-1.1310840906293256,27.382262351198584
3.4706928541196786,0.6701995971658818,2.3260569527175132,25.809608076401197
3.524969906428475,-1.6178587446613273,-5.702903387783329,27.02511247271784
4.084990433392498,0.49543729870629205,2.0238566255610246,40.08706858242212
3.4179065604279604,-0.19292928505108353,-0.6594142690747744,43.230701340796344
3.6167873869917733,0.3464338527018964,1.2529775888791848,30.12756736318916
3.940383615289372,-1.3279431690205463,-5.232605505244006,42.652775053312425
3.475851338785524,0.9474949797767285,3.293351693949505,28.03739253119705
3.7465040402734484,1.4511883101729142,5.4368828672604215,31.91092465859479
4.034836450496094,-1.1330407996368974,-4.571634318274195,25.650724945399993
4.139424748389171,-1.617141777919353,-6.694036697173435,36.0119010543961
3.1764881771148454,-1.9054456558146544,-6.052625597830093,44.47452787937022
4.1119051501937935,0.567886001773064,2.335093375413624,35.087327401084465
3.590539551695446,0.42837614435512306,1.5381014893098672,28.945352102838722
3.30989326595875,0.18678965085628008,0.6182538075199875,36.19543614976321
3.5509629074859137,-1.0722116155360983,-3.8073836757442323,23.07301696163469
4.176039090342573,-0.4363760163779413,-1.8223233024822538,42.21647700663497
3.5911417127914436,0.3779053407446922,1.357111632634928,32.577098769495905
3.39450193234501,-0.01293256456332248,-0.04389961540037476,31.23374355099105
3.760081025180071,1.9511420808595492,7.336452315670351,34.646619711337976
3.288174742533832,-1.4542409897730675,-4.781798492129201,35.619596569735066
3.091035993730397,0.7805782161903752,2.412795362166317,21.794395155662826
3.154655666292779,-0.3827249275828315,-1.207365361430673,37.06543053058506
3.153655006749327,-0.28720154029754097,-0.9057345755054587,26.04829200788824
3.182283232214753,0.8703910626327049,2.769830884085638,37.848815812664746
3.1665926071792923,0.7697446052974786,2.4374675765511378,40.56336985960492
3.769049693763858,1.9650239748087532,7.40627301049157,40.098962688813
3.218256101278974,-1.486422842183499,-4.783689380937479,33.812524185197226
3.4148007399886358,-1.5835614024633347,-5.407546648949237,33.00424730776878
4.076146091887214,0.8973552685149646,3.6577511707916743,23.571899033485295
3.568753968315447,0.3135476680256364,1.1189744845225442,39.38365376007839
3.801069286225233,-0.9033573337607765,-3.4337238158444046,26.785234511167857
3.2067838454419557,-1.6823225240440536,-5.394844692927607,32.417385570448666
3.230746822570405,-1.6573670016142779,-5.354533174298368,27.106852323187915
3.0490423395197745,1.5767634986564731,4.8076186668129175,23.345709074992328
3.2027220756865975,-1.2325307011250284,-3.9474532854546083,35.73894242229341
3.3343084068383506,-0.706513751537917,-2.355734741299778,21.358300870572595
3.2124125811320963,-1.093374391092048,-3.5123696498317396,38.716130853155
3.106443040508467,-0.5800147766722508,-1.8017828663855862,27.939669881527916
3.144763045320721,-1.7223046290156265,-5.416239950113156,20.003367325112134
3.552934521639271,0.07623916363308147,0.27087275637288044,32.77822848093074
3.247600462086951,-1.7295497456311404,-5.61688655311406,21.17129771319008
3.4371238332576906,1.2014260312894463,4.129450046041155,26.904238945522486
3.6041007250258286,-1.065151672358268,-3.838913914608907,37.6744121863929
3.8284737943552383,0.16004765841804236,0.6127382661013937,21.567240540546646
3.0471745678093187,1.520316350245833,4.632669317493787,40.98346230890006
3.9592924786908514,0.6035094761887767,2.389470529892879,20.09549806646458
3.7534804673890894,0.1318311462053412,0.49482563227526344,26.170596730047556
3.098110838338646,-0.7026649875384976,-2.176934013614109,38.52260140380179
4.048294348928133,-0.6679923477672083,-2.7042296465932254,27.90675374323267
4.1050468806381755,0.6779478207927605,2.78300758698077,22.547309701650338
3.0732935518258366,1.9765574448846701,6.0745412501774085,29.0058479700107
3.3322531777766446,0.6473567593975145,2.157156618657558,26.75983215961314
3.9674415357516737,0.2311336694800996,0.9170093206060461,41.06779755401387
3.89791162846039,0.9226020409569844,3.5962212238875186,27.83369793962858
3.221425223227653,-0.1391775508651274,-0.44835007286397105,39.72331179440018
3.251219188004052,-1.7594306295968591,-5.720294622907359,42.29680362026836
3.4445665233496583,0.24918726351163922,0.8583421059373023,30.84543548941324
3.5814275822292254,1.8305011380215208,6.555807265012261,42.7485785963598
3.7419057258363555,-1.2987882305693614,-4.859943116616362,29.432951349079822
3.4426963674837268,0.760019563282663,2.616516589729792,44.10196041225271
3.5550416593597776,-1.196265245363774,-4.252772782912463,22.232238113139324
3.896965125760508,0.14331073789232507,0.5584769477133957,37.17548166258106
3.0440198434687176,-1.6132942014131215,-4.91089956245456,32.34535101142322
3.302924333212825,-0.19851625496725944,-0.6556841690696426,29.691220136391177
3.856019503061463,1.0246533155809843,3.9510831687568673,35.81779696871502
4.07424820522464,-0.6097139030440717,-2.484125775177819,37.59642729085828
3.6140129305387996,0.6596468979488721,2.3839724187770317,20.10908174125773
3.638536182318379,1.1817998431589167,4.300021489591904,24.173827218679968
3.128606413607731,1.7087112779178106,5.3458850630975245,37.826151265857966
3.536894840188146,-1.0614316725781858,-3.754172205954059,36.659635339455164
3.639140719746028,-0.40273633676276743,-1.465614202434736,44.15118762821693
3.2909646043616756,-1.3903359466783303,-4.575546388690067,39.025944756269574
3.323091877139257,1.9699340086335009,6.546271702590362,43.769317693283455
3.4527409957255473,1.7080038716971813,5.897294988666816,37.563512538370176
3.0240854373332717,0.15982852112223833,0.48333510319627415,27.45130521598608
3.386494998699814,1.368133177505685,4.6331761631782875,22.634123056271413
3.253737608395854,0.08383190908816873,0.27276703538379676,39.54559658362339
3.3929968226134974,0.49434275201103883,1.677303386855467,36.1037305368979
3.1437145581831016,-1.6435022715359335,-5.1667020174345115,21.204650309832406
4.068632736887874,1.0210816819872317,4.154406358369784,29.00126164752446
3.7123109442648587,-1.4891460654590607,-5.528173236412624,43.91999538710715
3.8149227829733876,1.3042705210101135,4.975691325762052,32.51002864275503
3.947005486328806,1.1281123506815436,4.452665637335339,30.818228400492615
3.598130638714869,0.8349787909719057,3.0043627704731124,31.44249012898235
3.1043043457049087,-1.8553584779009515,-5.759597385788369,25.222068100129093
3.6445278501822576,-0.7874865762186856,-2.8700167586736725,29.21767927161988
3.704209341625055,-0.9475497203566285,-3.509922525799232,29.245331399679415
3.894527369021196,-0.5594543701139236,-2.1788103561271894,21.30887550468681
3.5179914554756153,-1.6494290129446458,-5.802677173952842,39.189190712947955
3.1530963633546767,1.7478312921242511,5.511080490954482,30.412610797596976
3.3405310869584692,0.21520896284950508,0.7189122305908621,40.554497170410585
3.435698755678362,-0.7779027573679058,-2.6726395355276806,41.258700027997385
3.7751006895979216,-0.4120739317028663,-1.5556205837368176,25.299851367466452
3.6849339656026943,-0.21118983798065738,-0.7782206071650543,36.43383705425322
3.4273160710774153,0.4023773334424692,1.3790743015446505,31.807045104074543
4.183818298551576,0.06271771078599109,0.26239950602969503,42.003918448037126
3.7269297832282646,1.6775678928576694,6.252177743278731,25.393516979411352
3.2846721500831935,-0.012146068376678976,-0.03989585252988361,36.94533000775111
3.1221389671444846,1.9686320592932507,6.146342864289349,35.19380305631806
3.1834309670211987,1.405699830980383,4.474948372279416,27.382536939295818
3.29514927406141,-1.1659579425706568,-3.8420054680478346,23.415022591279314
3.192817647911467,1.722380858575665,5.499248001685288,36.290994011931915
3.223880428861567,-1.5345344084580956,-4.947155446842716,38.46493645330827
3.3421142024326165,1.2697988339647663,4.243812717226022,27.89068359408375
3.208048314353706,-0.47750682609367967,-1.5318649685422172,36.12081510055785
4.07611850955171,1.511897281780278,6.162672494805509,29.87827269028758
3.096280494793971,1.4722267604298014,4.55842700223251,37.830172082065445
3.6294136674843056,1.2237016004704846,4.441319313669996,24.980381872351327
3.4924761923875938,1.1601217452282455,4.051697575480793,42.25537506590436
4.178854340290328,-0.7812834436078369,-3.2648697093175825,27.185239911639492
3.134446682601663,-1.6763228677949913,-5.254344651929316,29.194649693903823
3.47742671885489,-0.3880792849393542,-1.3495172744822104,21.452298802008745
4.163364519930443,-1.3059019400539653,-5.436945803729012,22.78780530803191
4.038608551072777,0.7798043556098468,3.149324538729724,32.8965475678082
3.980486485139136,-0.6156010938488579,-2.4503918343022475,26.689816918199288
3.3094833924539278,1.9024408034396596,6.29609624411026,40.88700564355486
3.205065104868079,0.5638883093813281,1.80729874344115,20.367334716373847
3.8023718639093174,1.2899222545374438,4.904764087283649,29.477351216798404
4.115251186953103,-1.4699013090326063,-6.049013106700354,28.433638669227317
3.6681154716167157,1.4480579290904902,5.311643693494088,20.483190772940027
3.68593522736388,1.6910287620535773,6.233022484538813,23.109209975012757
3.335974912392341,-0.05175232472425639,-0.1726444569381012,30.341066872965882
3.923391519830324,0.42501175100390975,1.6674874997169769,32.32161461118616
3.224452498269028,1.0592392036119818,3.4154664963511503,30.107243681371727
3.3884150836850924,-1.3006454909583498,-4.407126800090275,33.27344196030235
3.5105237263397004,0.010264305853769695,0.03603308923406599,34.87829187264204
3.609132454421346,-0.4053478889107476,-1.4629542211989575,20.24809552819589
3.290891678898096,-1.4145040313510036,-4.6549795465408295,31.602378986337598
3.1378041896870443,-0.5298623108338743,-1.6626041788917896,44.087481022189706
3.732744050929959,-1.7273107624580257,-6.447608972672487,32.975807003238714
3.346356663888307,-1.896752372202052,-6.347209940464292,36.93855668647383
3.6974858657071348,-1.459334843380709,-5.395869956734106,27.79659644792208
3.1852352583290426,1.8524604463566954,5.9005223283953026,39.34978445381906
3.577368122225781,0.19811814358006785,0.708741531277885,39.323037046902876
3.639107319061903,1.8632886446128798,6.7807073441356644,33.03240119135347
3.0621882441869124,-0.2700084866794721,-0.8268168137405779,44.40034558198034
3.4039251338327046,-0.7527354676589617,-2.5622551774916547,23.138755369066335
3.161297612326769,0.024567451360976378,0.07766502532840866,20.423691622239524
3.0760499645673214,-0.2419532454683595,-0.7442602721498957,39.253955293927405
4.187952278867934,-1.5773412629530243,-6.605829936736543,40.178888434122065
3.386824613969668,0.5633052587608249,1.9078161155497149,23.005180728014405
3.9718493350255617,-1.1358472699616016,-4.511414223887587,26.63957082396515
3.305568785716517,0.47835181959131834,1.5812248434317604,20.438809084165722
3.817803266668715,0.6008043695926135,2.293752884859518,27.332715269514118
3.912273431867624,-1.3919005874854076,-5.445495688220098,39.32854684796679
3.7147664887294134,-1.7546014915573274,-6.517934821911805,32.949013192814476
3.5658914262601904,1.1230463442737593,4.0046613303386485,28.702389829207203
3.4942090969767223,-0.1607983049227193,-0.5618628998394026,29.293482372658257
3.4186419198515945,-1.7673448179780968,-6.0419190815724075,20.033840642886705
4.115434973097392,1.9794652686790686,8.146360594753464,27.495013189130898
3.9967432893452752,-1.7688777560145335,-7.069750301023215,36.16146854094826
4.158032292799815,0.7801409154342127,3.2438511193098662,44.35486109540893
3.1491566681826537,1.9347157010536544,6.092722851010794,41.176520674597484
3.8770409702443733,-1.0432795831362975,-4.044837687238896,20.58987411613823
4.126008548185245,-1.4310025252512153,-5.904328651661187,42.46401511687098
3.2174796793987923,-1.5144602423102844,-4.872745054890712,39.579960332465646
3.079795520840133,-0.7868994097296178,-2.4234892774370214,39.509403089274514
3.889344779148071,-1.5958167559574132,-6.2066815682599765,31.44989397508929
3.6893677358158943,0.7686453667765276,2.8358154164696954,29.95013232386257
4.010194532109926,-1.7508328074797492,-7.0211801511939615,27.572893220829815
3.1677268519515476,0.03768851259915884,0.11938691337046968,21.642371473859143
3.9543207742318685,1.9867874154119072,7.8563947507457454,25.705884087342476
3.2419527840572933,1.2558810780240752,4.071507157345025,26.165090874450616
3.1963871314388452,0.46087775292404354,1.4731437186128644,32.10192674275504
3.1971189575171914,-0.7749855168535533,-2.477720887733754,38.68611016491735
3.977489664277659,0.4955833451665539,1.9711776331881157,31.845245709948664
3.79823666483544,0.10816585564660652,0.41083951880023845,21.446111236179014
3.6276785097229434,-0.2956664644385141,-1.0725828790893603,43.9447450247051
3.430596580948203,-1.477158493039202,-5.067534875738886,43.56810797735281
4.05264064897573,1.546416860961867,6.267071830995512,39.62973857871021
3.4709341289071625,-0.20086140471470992,-0.6971767048045207,44.783197539105515
3.979919327365893,-1.2215099527169397,-4.861511069387946,33.612058320006575
3.5269618902842623,-0.5289625964908415,-1.86563091920901,44.069208756330156
3.452333315309889,-0.3434809898842919,-1.18581086455316,21.89012601541877
3.5552157428035276,1.3101515822674972,4.657871530736357,29.142018706534284
3.3616534489969707,0.9344575222456082,3.141322352598112,25.634531700169145
3.8971312562115017,1.0772195745653592,4.198066073841518,24.89582710335675
3.603264468110975,-1.9558749422854111,-7.047534683605626,23.5200737223169
3.2786552341761808,-0.33538400728095397,-1.099608530930682,35.56034103914992
4.079489487929482,-0.0746233934587055,-0.3044253491684148,39.533046393682625
3.460669465647854,-1.9232308927077733,-6.655666425784455,34.45745998550902
3.6522634333367865,-0.9607471650198631,-3.5089017394840294,23.674067739705244
4.087766533157456,1.04115929248854,4.256016111520549,40.27809424833677
3.7490855950967905,-1.4515611770840038,-5.44202709940738,35.898867679093215
3.140277648850037,0.1412405258103666,0.443534466314121,29.704142653174888
4.1277985483361705,-1.13919251193105,-4.702357197024424,36.85325738840157
3.7532496636857013,-1.951516901424427,-7.324530153948192,26.497624481070822
3.4018867375885034,-1.035194169601834,-3.5216133163974233,28.629805212355265
3.167126487196065,1.9034950196402152,6.028609494948319,42.937146078299754
3.9528302271243554,1.2061484475319584,4.767700041803439,27.26261264178551
3.7440873071142162,1.8383065772841336,6.882780322594104,31.749706703948416
3.640153310371586,-0.048583824294550215,-0.17685256883631845,42.25352843490037
4.072671099661149,-1.561055205289986,-6.357664419560129,37.69303375668819
3.946316653469437,0.19183795589477182,0.7570533201150734,21.555080654117567
3.1820098556793015,-0.1824906617601565,-0.5806870842902557,23.68257610697426
3.374066481354658,1.3774283309584638,4.647534761955243,20.196039769297922
3.298186967777359,-1.6076696768630216,-5.302395176720456,35.77304475572909
3.8927355510872124,-0.04703545191288727,-0.1830965758227493,31.19183563526046
3.0402389216829353,-1.399805341224063,-4.255742681169059,23.356871272556887
3.6838676218455797,-0.7012962924397601,-2.5834827050391813,43.94835302641926
3.914950422888829,0.9494283095511986,3.716964761980091,33.2414930986405
4.052118764114099,-0.09592748252493388,-0.3887095519335119,26.04733235282223
3.410498098459089,-0.4964468594169227,-1.6931310700274014,32.51508927886769
3.9855087656064154,-0.42209488571985876,-1.6822628669541353,36.99050831837769
3.1327580843462486,-0.16221292637605345,-0.5081738564900442,21.90598044933911
4.015742750081422,1.1400661753482275,4.5782124782677,26.8675953761973
3.1529863947983787,1.5683387557609376,4.944950759349254,40.17413727209984
3.4767447486724405,1.821338746015713,6.332329920763779,31.49162176006653
3.9567544389354645,1.1476135450211804,4.54082498844502,33.66442855080737
3.1799009128185287,-0.7383724170079491,-2.3479511228436007,30.820400055236732
3.2751016742791697,0.7525388243461686,2.4646411635762147,21.097498566075128
3.8667030820716795,-0.2495875037784323,-0.9650807701066412,24.1437444955039
3.8640438438552893,-0.9813175118157953,-3.791853890399214,31.13854096854727
3.7693771594623566,1.3634863177036904,5.139494183191725,25.229636635198197
3.83273813336052,-1.8462946041507,-7.076363734746154,21.24947571649197
3.6512693320171152,1.607047968541694,5.867764962616693,41.09124160129559
3.302158870688343,-0.15409014150106337,-0.5088301276433584,44.5298132291029
3.4148351922047033,0.5488059072331217,1.8740817257094937,39.82857184991849
3.2179172601617108,0.6374156888231308,2.0511509469618185,41.344623042616675
4.090140673600354,1.5804709628261455,6.464348568499531,26.049428257926134
3.7000701537193446,0.5466787286688293,2.022749647620771,44.01567438782999
3.4810217001163677,0.45573433904024707,1.58642112368729,24.92314261133571
3.5544069643729594,-1.7333918377572402,-6.161180020111577,43.78574525904581
4.136740007534178,0.07363208778081631,0.30459680336117134,44.87048234914877
3.1840216837392963,-1.3993239967318334,-4.455477948170894,37.79307014365122
3.7034757984201567,0.9497350748859423,3.5173208647508427,44.52859329479555
3.607066414661359,0.04888768325069792,0.17634112034419513,34.23849448917759
3.7337450825215774,0.7209111168334132,2.691698337411895,26.48854457940226
3.0217322205850086,-1.833308397590463,-5.5397670552681735,30.92489714164052
4.0465486907329815,-1.6608319358167871,-6.720637295406943,34.83902338446965
4.118541938980335,0.865293552250729,3.563747784473899,21.827039050675374
3.6781598203070507,-1.7116626560053065,-6.295768807238767,35.55858161543115
3.835980988652271,-1.7149730889389656,-6.578604165220132,44.529445919057366
4.106999257412755,-1.9515660990604502,-8.015080519633177,24.75269124459319
3.848686361176078,1.8260055931979204,7.027722821972071,39.81487790720958
3.1830468514971137,0.9500334378360278,3.024000943120947,42.697469844490485
3.691546032200176,-0.5869943659917434,-2.166916722700678,43.59253982050552
3.728058055659427,-0.8138576748493791,-3.0341086608824783,44.00339011013618
3.508956805562863,-0.6011870810166018,-2.109539499349677,33.0364909680368
3.8837330827496674,1.0986141247247274,4.266724021369493,44.432697699787596
4.121240417722818,0.6454824442816576,2.660188338304084,38.93275517836097
4.110682215488132,-1.2592177285301283,-5.176243922096161,24.041785905924048
3.5410072456849586,-1.3035626586636626,-4.615924819532378,31.922502661699248
3.1358856550089063,-1.6064174011464107,-5.037541284211717,37.9582793843001
4.181809438754802,0.6412108788053525,2.6814217052204845,26.183507895477085
4.0066777037351216,1.0574906488869438,4.237024204803704,36.01537958872218
3.1495952174439203,-0.9398142866999839,-2.9600345826757386,36.66501197616548
4.1050102591408475,-1.9162201558763488,-7.866103398644886,24.067493595214145
4.043875634474555,-1.6713133300942906,-6.75858325314083,34.12713281131891
3.6226056685512864,1.8714401393801219,6.779489657272839,39.29067277446519
3.7095305228939153,-0.818220890090319,-3.035215366259466,32.47239161339855
3.4788032446441566,1.0768925913525345,3.7462974409304506,20.302577919402687
3.0657139665864377,0.4986542754170551,1.528731376644106,20.225961726982305
3.4022366899750813,-0.4722414413884164,-1.6066771584183872,28.925733599250304
3.963424138317614,-1.1772509512177796,-4.665944836913919,43.154851710794546
3.0055584276055236,-1.5144543273623743,-4.551780966827638,25.71691949009022
3.400199006029373,0.4600518721554665,1.5642679184249695,35.85909222179218
3.477802432309132,1.098535122551152,3.8204881211854067,25.551896767333012
3.6448747235255077,0.5756170141645227,2.098051905359493,28.041749741488715
4.103826739695313,0.12120853299663326,0.49741881879082517,41.2010522400371
3.4156151932391534,-1.832195106273455,-6.258073441966038,38.221536056748675
3.4163438422754733,1.8739551103775351,6.402075002038947,22.384981932830264
3.8850014977316984,1.1948567666182983,4.642020327886944,30.71755052466084
3.5426615290677685,-0.828711853196141,-2.935845601000425,20.729244091131612
3.2695257875279786,1.9198813174354026,6.277101476348237,32.022253665075226
3.5429274193592324,0.4075263585452884,1.443836309801724,36.5608502925267
3.16902842445576,0.3296906328289859,1.0447989867118637,22.96256558995379
3.211664383807468,0.9922927177181284,3.1869111798068306,27.22212347272914
3.5980413272873757,1.2470791523605502,4.4870423285917695,29.945915637553924
3.5027105394054576,0.6259144293260106,2.1923970683661698,42.98827561640124
4.09781508128172,-1.4876170145352,-6.09597943733363,44.831375385574106
3.4348726789399597,-0.6469299760220064,-2.222122099825273,21.122782474890396
3.6967060203336524,1.712334561304199,6.329997481598616,39.0251980873848
3.7587171455034367,-1.1015375526245923,-4.1403680854659495,29.293101660058582
3.0157133479060003,-0.5113319046499467,-1.5420304500630426,29.811454655737002
3.796244846420053,-0.271692468223216,-1.0314111323035278,38.85662433367557
3.2136431602437017,-0.24238004122219126,-0.7789229616532813,42.96066080363522
4.153284380963346,0.45175832997810206,1.8762808158681368,43.773214862563705
3.1783952733037357,1.7723033509788304,5.633080593611487,34.42806465095802
3.4975489484724287,-1.0372291526699802,-3.6277597322458375,28.928028982512572
3.102419601694373,-1.5139944947963277,-4.6970461975134965,39.68872714646948
4.196249102215137,-1.2101180405602507,-5.077956741275292,26.275034581557506
3.602634012397491,1.547699600837078,5.575795222949678,34.101850720837945
3.714462020784053,0.583243250620824,2.166434903309686,28.96446153812183
3.080491772866113,-0.8563728430433595,-2.638049497501032,36.4157768426969
3.8999525644790136,1.263787755874469,4.928712299479813,26.009972822337673
3.251886711714703,1.4454799854537441,4.700537156746592,24.789823643370646
4.077665147328856,1.3860573547611121,5.651877767708215,42.95597716688593
3.2461675685784086,1.6757061345582178,5.439622908470773,22.545092073738424
3.2288252647964,-0.9910359193065537,-3.1998818145777266,32.64894769337329
3.0438596014177137,1.0201677149851132,3.1052472943138065,25.52131957407522
3.5664803341319993,-0.15784201090343997,-0.5629404277869673,20.973249083141685
3.67780935991514,1.3679942115602461,5.031221915586006,20.90047045728566
3.078850367314023,0.9139627086464528,2.8139544212274505,24.38054430264568
3.930633140034013,1.1057897859988985,4.34645397875839,41.66925886265001
3.543946601697633,0.624647350724286,2.2137168558587628,27.06196859942567
3.629268323193096,-1.2902849221211725,-4.6827901957480424,43.761479264382395
3.5289152963258736,0.1801076755877533,0.6355847313673209,34.54055732472984
3.4809156730503914,1.9386789580980328,6.7483779702564455,30.91535474421915
3.6715683975698616,1.7495522659884757,6.423600809700028,34.502220866736366
3.186288295116855,-1.8273050568119533,-5.822320714127767,32.917459630656694
3.218313756594325,-1.3407407370822515,-4.314924358178225,38.96940634393313
4.03414274521622,-1.4730849061817524,-5.942634787360633,27.062401649321306
4.135338554560359,0.903919639941182,3.738013737273088,28.826259790007562
3.4479711795357035,1.2711413194277803,4.382858634503974,42.35235756333127
3.3248936077722644,-1.1459545347573123,-3.810176907412227,43.661412828760135
3.772799451886819,0.02341077180731599,0.08832414704288916,42.313955687161865
3.490481005317716,1.3628121120448,4.756869790909294,30.48619984893284
3.0304636267924137,0.9312061790650024,2.821986454700833,39.50913757517204
3.1873831168394284,0.16894882196739314,0.5385046227487792,31.90839333252747
3.859166674616877,0.36139076183509156,1.39466718458839,32.438496303652556
3.790708730292182,0.03344218766511986,0.12676959274223937,25.117002726432098
3.03251519100418,-0.8098061947247177,-2.4557495872719954,34.77825758146291
3.2663665943195395,0.26008797143606444,0.8495426614830954,24.653397443833697
3.2772897559056857,0.7555412082003627,2.4761274617996536,28.289117476679845
3.806271292318474,1.4932916634432307,5.68387318962247,41.375755040498376
3.023652645305237,0.5451654159169923,1.6483908519663435,25.17689523027138
3.124930298381489,1.044486148172632,3.2639464106644347,21.778957129335822
3.9598993024478273,-1.359713460181708,-5.384328382502467,21.72518981532041
3.2142535944652004,-0.15377010232084043,-0.494256104106043,43.51961301257769
3.7832953294222498,-1.9626735206916268,-7.425373564013355,32.67301094904587
3.285819337256072,-1.013284541913508,-3.3294699419620652,30.235301795425457
3.119329671311214,0.9058468604520193,2.8256349894720927,40.27196452519796
3.291806629199345,1.9672398053974538,6.475773032632167,40.895648197762895
3.866720318226791,-1.6032876016511364,-6.1994647452655505,28.304775827890115
4.026835761727543,-0.394022736554847,-1.5866648464928084,37.34045143684488
3.99626383748039,1.200283874796638,4.796651043560645,39.27807039629717
3.476620235542146,-1.1838574614844046,-4.115822806594237,36.366267171648865
3.8017021638847757,0.22033979720914498,0.8376662838399391,23.789876870002484
3.245981154498985,0.9322851841186992,3.026180138267914,41.89707708792643
3.351777276313216,0.46394180104071614,1.5550295862600996,33.47736381840022
4.075602982225344,-1.2479010615383355,-5.0859492879278125,27.061810659250092
3.015602308212883,-0.5784617252570423,-1.7444105138979433,30.630704635942347
3.102610237025362,1.1351671379415889,3.521981182912355,20.939277259972684
3.249463506175233,0.2169060565280665,0.7048283149563342,23.19667003056044
3.031838644648584,-1.979081545828349,-6.000255911553246,39.13866876289652
3.2177225221077568,1.0439630401123754,3.3591833864176737,20.000290868884154
3.6996498731636307,-1.8587545802390437,-6.876741147023695,30.414145712057305
3.5057094607109978,0.9829351309249286,3.4458849877487254,33.06275452713971
4.07120605329237,-1.1900777593390504,-4.845051777709762,21.365860500024308
3.980932274086129,1.8322939204775208,7.294238003640766,44.32695407430832
3.410180822037451,-0.5282369947916621,-1.8013836691292229,25.6531332812418
3.311308120117551,-0.6922735346476836,-2.2923309766213533,27.60496799090702
3.4556308898007204,-1.4044477986702213,-4.85325319619744,27.598562806375682
3.7083539310177693,-0.7775831380391405,-2.8835534866405794,25.760416552933748
3.3216763689874513,1.5066030473128023,5.004447739703418,20.036845552157786
3.748978689418961,1.9853373505089893,7.442987418365703,38.23361985219991
3.4912939826294886,-0.5267618779726067,-1.8390805748443706,44.17113749498213
3.6624566170223765,-0.20555747618182973,-0.7528453388205618,25.607337082126126
3.52335183496238,0.8882837528109482,3.1297361904337233,36.576179795085565
3.353358911450301,1.544783121860298,5.180212247948247,38.54740817396788
4.138143968354588,0.3721773367471366,1.5401234012184377,41.21063447726311
3.916326952991713,-0.43389720728868264,-1.6992833277325001,30.56572992534023
3.1681358109197433,-0.349512636605505,-1.1073035003988791,27.573272641010732
4.042161571077496,0.7824725859872275,3.1628806174992024,28.132378350575777
3.584917437899416,-1.9871269455828853,-7.12368603853989,37.815533327462816
4.07346267227291,0.47835734983936273,1.948570808578038,40.4194866626409
3.9598263071367783,-0.5780279582345704,-2.288890315277811,24.540349193915066
3.5102562053630804,1.176789325108337,4.130832030866571,29.273525203944132
3.026963169984141,-1.6280374407074714,-4.9280093723767555,42.54850491872875
3.322412831261935,0.352809067793562,1.1721773738228924,40.16733799236848
3.6499610575930403,-0.07610844045550502,-0.277792843816732,44.6214600690619
3.760173863791377,0.5693021036209096,2.1406748906367947,38.85620649205202
3.309465222519843,-1.7405856220681266,-5.760407583052531,29.829880025698056
3.167227288887389,0.3199351497125251,1.013307336843782,34.76594584986594
4.001916284159159,0.24593835183809487,0.9842246951201364,36.52535635618301
4.181282616844262,0.24264037766468372,1.0145479932738688,21.961395407928098
3.630828218763223,0.41395066638581923,1.5029837606894731,33.61242397759663
3.2060151430179644,0.7058717489054489,2.2630355160194435,37.73302071181524
3.326768791823243,1.219955998723079,4.058511543949495,24.183032600026507
3.0220688118569603,-0.9207171194871426,-2.782470491344872,39.51579293563893
4.097158567872599,1.3001976407202482,5.327115903604704,34.59431951285279
3.1413012994681693,-0.006977270946185499,-0.02191771028999401,43.80554464243987
3.6918197706171045,-1.6917668834626753,-6.245698427642788,21.060557455172294
3.328866264824647,-1.7657962830240832,-5.878099677111625,26.633153438886673
3.665013603018952,-0.6630467252157568,-2.430075267352918,35.0388469824956
3.781704466022237,1.1395879084458702,4.3095846827946875,27.413997805148266
3.995690164448642,0.830723738963663,3.3193146731511094,37.86060410178106
3.247705526112724,1.1544598586896258,3.7493456627416117,38.97513206304828
3.013194994390177,0.06907622576643746,0.20814013771079512,22.562899101661863
3.164262756082569,-0.23920400817803777,-0.7569043341834352,32.84636160516919
4.080022370217726,-1.4101898931748642,-5.753606310408392,32.7222638897764
4.048668093075019,-0.6872289855627538,-2.782362066484234,29.23201925538853
3.71689572260437,-0.26392253530449894,-0.980972542572193,43.3231215642418
3.720620232520384,-1.645598281281531,-6.122646259936834,40.68765799683053
3.7980440094555066,-1.117552189155155,-4.244512397274623,37.43023454774092
3.2104455343481395,0.39290117625495524,1.2613878267478522,37.85816589337494
4.097294335109952,0.9426524569567594,3.862324571866408,31.542903595327978
3.502524629870488,1.9933900455717986,6.981897731553879,43.0248630274144
3.459766233899397,1.7324533253742307,5.993883516936489,37.36488568133213
3.622701246339405,0.5702607981407661,2.065884504163057,38.224526541395406
3.056359160130066,-0.315007786823712,-0.9627769347709513,41.54227259468363
3.1995400425072953,0.5447094588329309,1.7428197250684414,26.851789733554774
3.8856403397116446,1.142606472320928,4.439757801265814,40.176772596667575
3.099358401510152,-1.5266552363064507,-4.731651732855864,24.8810150739123
3.723782531359666,-0.360380441214847,-1.3419783916395362,28.633548806122196
3.294418931617585,1.3592091425424688,4.477804331219614,28.390261356746066
3.4671547368503717,-0.46466819226782397,-1.611076523885085,44.463136709728516
3.34643248412484,0.28748908490874614,0.9620628125699523,41.413430593698166
3.426807259757939,0.3510774434487929,1.2030747319475807,37.52924653975649
3.862855086221095,-1.2620949874654426,-4.875290041625034,38.17641904038476
3.35654605874781,-0.5510582333908465,-1.8496523414285766,34.05181986006428
3.679685568356277,-0.6619548450322714,-2.435785690168765,43.67726667771298
3.5712604826389196,-1.8952131658717408,-6.768299885454748,32.40646882205904
3.7964053984351778,-1.903232944434579,-7.225443824731115,29.512942746747363
4.12419568718971,1.3267881747030938,5.471934067924807,24.075883423289774
3.8790865166523005,-0.9077167601087504,-3.521111845077164,39.655141306526446
3.257928454308908,0.07231506495526174,0.23559730779294416,38.36109830188978
3.0374197620735415,-0.8050977056449078,-2.44541968152591,29.608875963103372
3.31471685315979,1.762716980461362,5.842907682486214,20.629835348980734
3.7140935168403058,-0.962812964536905,-3.5759773895163143,40.97493319295027
3.0617109761811006,-0.2813727490442597,-0.8614820341470601,20.28544958635184
3.5956394966414837,1.4909210019384074,5.360814440942032,37.592494490726274
3.7162114187002673,1.3677342671672346,5.082789701394519,44.25642774315143
3.401092668980353,-1.2555943286148907,-4.270392666265414,30.941533203705085
3.9250946444949864,1.2105732391828417,4.75161453788552,25.87433512489882
3.127917903760526,-0.1672524530484294,-0.5231519423380491,37.62177525108454
3.0901653380829703,-0.06812451165857913,-0.21051600460117045,40.428203550389625
3.873826507444324,-1.4660801103362249,-5.679339993457368,33.660757901946184
3.5945895794474385,-1.6775939449715014,-6.030261713138678,44.175881881403654
3.8260828757132836,0.9117572278950608,3.4884587164571057,21.291718041449027
3.5217928063244957,-0.014155390578800997,-0.04985235271113489,32.6198899576132
3.295682439886928,-0.2525971895392818,-0.832480121929401,37.96134868306375
3.98292278120904,0.9180329146095869,3.656454209498257,41.566011778729475
3.9592990547627753,1.062051595964439,4.2049798800113,24.48139029769475
3.833635765025312,-1.3643673293225858,-5.230487390323133,40.000087044092034
3.3265741646759555,0.44090059791056513,1.4666885381994674,33.81767689296363
3.7082768002429045,-1.4585836708892579,-5.408831987971767,29.91384204974908
3.433168676328032,1.0055003441161827,3.4520522854567357,23.29287571447734
3.109898487991961,0.6278206250685581,1.9524584126308766,41.63239397272281
4.100776290554691,1.8264584843338318,7.489897648238634,23.931830204492883
3.164182357102754,-1.7241679345743153,-5.455581759262343,27.744696480227482
4.140284824584963,-1.7717811153949827,-7.335678464556067,27.251138299060923
3.535206927549547,-0.8712517012271994,-3.0800550498177235,41.78535085477136
