Time (s),Voltage (V),Current (A),Temp (C)
1.08,0.00,0.37,26.4
2.16,0.00,0.35,26.4
3.25,0.00,1.18,26.4
4.33,10.20,0.76,26.4
5.41,10.24,0.74,26.4
6.49,10.13,0.78,26.4
7.58,10.22,0.76,26.4
8.66,10.20,0.75,26.4
9.74,10.20,0.77,26.4
10.82,10.23,0.74,26.4
11.90,10.21,0.75,26.5
12.98,10.21,0.76,26.5
14.07,10.23,0.78,26.4
15.15,10.23,0.77,26.4
16.23,10.23,0.78,25.0
17.31,10.23,0.73,25.0
18.40,10.22,0.75,25.0
19.48,10.21,0.77,25.0
20.56,10.21,0.78,25.0
21.64,10.19,0.77,25.0
22.73,10.22,0.75,25.0
23.81,10.20,0.75,25.0
24.89,10.21,0.75,25.0
25.97,10.18,0.78,25.0
27.06,10.20,0.75,25.0
28.14,10.21,0.77,25.0
29.22,10.20,0.75,25.0
30.30,10.21,0.76,25.0
31.39,10.22,0.74,25.0
32.47,10.19,0.75,25.0
33.55,10.19,0.76,25.0
34.63,10.21,0.75,25.0
35.72,10.19,0.75,25.0
36.80,10.21,0.76,25.0
37.88,10.17,0.76,25.0
38.96,10.20,0.75,25.0
40.04,10.18,0.75,25.0
41.13,10.20,0.77,25.0
42.21,10.19,0.77,25.0
43.29,10.23,0.76,25.0
44.37,10.22,0.77,25.0
45.45,10.16,0.74,25.0
46.54,10.17,0.74,25.0
47.62,10.19,0.77,25.0
48.70,10.18,0.78,25.0
49.78,10.18,0.77,25.0
50.87,10.20,0.74,25.0
51.95,10.19,0.74,25.0
53.03,10.20,0.73,25.0
54.11,10.20,0.77,25.0
55.20,10.22,0.76,25.0
56.28,10.18,0.76,25.0
57.36,10.16,0.73,25.0
58.44,10.18,0.75,25.0
59.52,10.20,0.75,25.0
60.60,10.20,0.76,25.0
61.69,10.16,0.75,25.0
62.77,10.18,0.77,25.0
63.85,10.16,0.77,25.0
64.93,10.16,0.74,25.0
66.02,10.17,0.74,25.0
67.10,10.21,0.76,25.0
68.18,10.15,0.73,25.0
69.26,10.18,0.74,25.0
70.35,10.19,0.75,25.0
71.43,10.17,0.76,25.0
72.51,10.20,0.75,25.0
73.59,10.18,0.74,25.0
74.68,10.16,0.74,25.0
75.75,10.13,0.74,25.0
76.84,10.17,0.74,25.0
77.92,10.14,0.73,25.0
79.00,10.21,0.75,25.0
80.08,10.19,0.75,25.0
81.17,10.16,0.74,25.0
82.25,10.16,0.75,25.0
83.33,10.16,0.74,25.0
84.41,10.20,0.73,25.0
85.50,10.15,0.76,25.0
86.58,10.16,0.73,25.0
87.66,10.18,0.75,25.0
88.74,10.15,0.74,25.0
89.83,10.18,0.74,25.0
90.91,10.14,0.74,25.0
91.99,10.15,0.76,25.0
93.07,10.16,0.77,25.0
94.16,10.15,0.77,25.0
95.24,10.17,0.76,25.0
96.32,10.14,0.73,25.0
97.40,10.16,0.77,25.0
98.49,10.15,0.77,25.0
99.57,10.16,0.75,25.0
100.65,10.15,0.77,25.0
101.73,10.13,0.77,25.0
102.81,10.13,0.74,25.0
103.89,10.14,0.75,25.0
104.98,10.16,0.73,25.0
106.06,10.14,0.76,25.0
107.14,10.13,0.74,25.0
108.22,10.15,0.76,25.0
109.31,10.16,0.75,25.0
110.39,10.13,0.75,25.0
111.47,10.12,0.75,25.0
112.55,10.14,0.75,25.0
113.64,10.14,0.79,25.0
114.72,10.14,0.75,25.0
115.80,10.15,0.77,25.0
116.88,10.14,0.78,25.0
117.96,10.14,0.76,25.0
119.05,10.14,0.75,25.0
120.13,10.14,0.76,25.0
121.21,10.13,0.76,25.0
122.29,10.14,0.78,25.0
123.38,10.15,0.74,25.0
124.46,10.13,0.77,25.0
125.54,10.14,0.77,25.0
126.62,10.12,0.73,25.0
127.70,10.14,0.75,25.0
128.79,10.15,0.76,25.0
129.87,10.11,0.76,25.0
130.95,10.13,0.72,25.0
132.04,10.16,0.73,25.0
133.12,10.15,0.78,25.0
134.20,10.11,0.74,25.0
135.28,10.12,0.76,25.0
136.36,10.13,0.77,25.0
137.45,10.16,0.76,25.0
138.53,10.12,0.75,25.0
139.61,10.13,0.72,25.0
140.69,10.12,0.76,25.0
141.78,10.15,0.78,25.0
142.86,10.12,0.75,25.0
143.94,10.11,0.74,25.0
145.02,10.14,0.74,25.0
146.11,10.12,0.77,25.0
147.19,10.11,0.76,25.0
148.27,10.11,0.75,25.0
149.35,10.13,0.74,25.0
150.43,10.11,0.71,25.0
151.52,10.13,0.73,25.0
152.60,10.12,0.73,25.0
153.68,10.13,0.76,25.0
154.76,10.11,0.77,25.0
155.84,10.10,0.75,25.0
156.93,10.13,0.75,25.0
158.01,10.11,0.74,25.0
159.09,10.13,0.75,25.0
160.17,10.10,0.75,25.0
161.26,10.10,0.74,25.0
162.34,10.11,0.75,25.0
163.42,10.11,0.73,25.0
164.50,10.10,0.75,25.0
165.59,10.10,0.76,25.0
166.67,10.12,0.74,25.0
167.75,10.12,0.74,25.0
168.83,10.09,0.77,25.0
169.91,10.11,0.77,25.0
171.00,10.10,0.77,25.0
172.08,10.10,0.71,25.0
173.16,10.12,0.77,25.0
174.24,10.10,0.76,25.0
175.32,10.09,0.73,25.0
176.41,10.12,0.73,25.0
177.49,10.12,0.75,25.0
178.57,10.09,0.74,25.0
179.65,10.11,0.76,25.0
180.74,10.10,0.76,25.0
181.82,10.10,0.79,25.0
182.90,10.09,0.74,25.0
183.98,10.11,0.76,25.0
185.07,10.12,0.75,25.0
186.15,10.09,0.76,25.0
187.23,10.11,0.77,25.0
188.31,10.11,0.75,25.0
189.40,10.11,0.74,25.0
190.48,10.10,0.76,25.0
191.56,10.09,0.76,25.0
192.64,10.10,0.75,25.0
193.72,10.10,0.75,25.0
194.80,10.11,0.75,25.0
195.89,10.11,0.75,25.0
196.97,10.11,0.76,25.0
198.05,10.12,0.74,25.0
199.13,10.10,0.76,25.0
200.22,10.10,0.74,25.0
201.30,10.09,0.74,25.0
202.38,10.11,0.76,25.0
203.46,10.10,0.75,25.0
204.55,10.11,0.74,25.0
205.63,10.12,0.76,25.0
206.71,10.10,0.76,25.0
207.79,10.10,0.77,25.0
208.88,10.10,0.75,25.0
209.96,10.09,0.76,25.0
211.04,10.10,0.76,25.0
212.12,10.11,0.74,25.0
213.20,10.09,0.74,25.0
214.28,10.09,0.74,25.0
215.37,10.10,0.75,25.0
216.45,10.10,0.77,25.0
217.53,10.08,0.74,25.0
218.61,10.12,0.75,25.0
219.70,10.10,0.76,25.0
220.78,10.09,0.77,25.0
221.86,10.11,0.77,25.0
222.94,10.10,0.75,25.0
224.03,10.12,0.76,25.0
225.11,10.07,0.76,25.0
226.19,10.09,0.77,25.0
227.27,10.09,0.76,25.0
228.36,10.11,0.75,25.0
229.44,10.10,0.76,25.0
230.52,10.08,0.78,25.0
231.60,10.08,0.77,25.0
232.68,10.10,0.76,25.0
233.76,10.08,0.75,25.0
234.85,10.08,0.76,25.0
235.93,10.08,0.74,25.0
237.01,10.08,0.74,25.0
238.09,10.11,0.77,25.0
239.18,10.09,0.75,25.0
240.26,10.08,0.76,25.0
241.34,10.09,0.76,25.0
242.42,10.10,0.74,25.0
243.51,10.10,0.75,25.0
244.59,10.08,0.75,25.0
245.67,10.07,0.75,25.0
246.75,10.09,0.74,25.0
247.84,10.08,0.75,25.0
248.91,10.07,0.77,25.0
250.00,10.06,0.73,25.0
251.08,10.10,0.73,25.0
252.16,10.11,0.76,25.0
253.25,10.07,0.78,25.0
254.33,10.09,0.75,25.0
255.41,10.09,0.73,25.0
256.49,10.09,0.72,25.0
257.57,10.10,0.77,25.0
258.66,10.09,0.76,25.0
259.74,10.08,0.74,25.0
260.82,10.08,0.76,25.0
261.90,10.11,0.75,25.0
262.99,10.10,0.73,25.0
264.07,10.11,0.76,25.0
265.15,10.08,0.75,25.0
266.23,10.07,0.75,25.0
267.32,10.08,0.75,25.0
268.40,10.10,0.74,25.0
269.48,10.08,0.74,25.0
270.56,10.07,0.75,25.0
271.64,10.07,0.76,25.0
272.73,10.10,0.75,25.0
273.81,10.07,0.74,25.0
274.89,10.06,0.75,25.0
275.97,10.09,0.76,25.0
277.05,10.09,0.76,25.0
278.14,10.09,0.76,25.0
279.22,10.08,0.76,25.0
280.30,10.07,0.75,25.0
281.38,10.08,0.75,25.0
282.47,10.07,0.77,25.0
283.55,10.07,0.77,25.0
284.63,10.07,0.78,25.0
285.71,10.07,0.75,25.0
286.80,10.08,0.76,25.0
287.88,10.08,0.75,25.0
288.96,10.10,0.72,25.0
290.04,10.06,0.79,25.0
291.13,10.09,0.72,25.0
292.21,10.07,0.75,25.0
293.29,10.06,0.76,25.0
294.37,10.05,0.77,25.0
295.46,10.06,0.74,25.0
296.54,10.06,0.77,25.0
297.62,10.07,0.76,25.0
298.70,10.06,0.75,25.0
299.79,10.04,0.75,25.0
300.87,10.08,0.77,25.0
301.95,10.06,0.77,25.0
303.03,10.05,0.79,25.0
304.11,10.07,0.75,25.0
305.20,10.09,0.77,25.0
306.28,10.07,0.76,25.0
307.36,10.06,0.77,25.0
308.45,10.07,0.75,25.0
309.52,10.09,0.75,25.0
310.61,10.06,0.75,25.0
311.69,10.07,0.74,25.0
312.77,10.06,0.76,25.0
313.85,10.06,0.75,25.0
314.94,10.08,0.74,25.0
316.02,10.05,0.74,25.0
317.10,10.07,0.74,25.0
318.18,10.07,0.75,25.0
319.27,10.08,0.73,25.0
320.35,10.04,0.73,25.0
321.43,10.07,0.74,25.0
322.51,10.06,0.72,25.0
323.60,10.06,0.74,25.0
324.68,10.07,0.75,25.0
325.76,10.07,0.75,25.0
326.84,10.09,0.75,25.0
327.92,10.10,0.75,25.0
329.01,10.10,0.76,25.0
330.09,10.08,0.75,25.0
331.17,10.06,0.77,25.0
332.26,10.06,0.74,25.0
333.33,10.06,0.73,25.0
334.42,10.08,0.75,25.0
335.50,10.05,0.78,25.0
336.58,10.05,0.76,25.0
337.66,10.07,0.74,25.0
338.75,10.03,0.77,25.0
339.83,10.07,0.77,25.0
340.91,10.06,0.76,25.0
341.99,10.07,0.76,25.0
343.08,10.05,0.74,25.0
344.16,10.03,0.75,25.0
345.24,10.06,0.77,25.0
346.32,10.09,0.75,25.0
347.41,10.05,0.74,25.0
348.49,10.04,0.75,25.0
349.57,10.05,0.75,25.0
350.65,10.06,0.72,25.0
351.73,10.07,0.74,25.0
352.82,10.07,0.74,25.0
353.90,10.07,0.74,25.0
354.98,10.08,0.74,25.0
356.06,10.05,0.73,25.0
357.14,10.05,0.75,25.0
358.23,10.05,0.77,25.0
359.31,10.07,0.76,25.0
360.39,10.06,0.73,25.0
361.47,10.04,0.77,25.0
362.56,10.06,0.73,25.0
363.64,10.04,0.77,25.0
364.72,10.04,0.73,25.0
365.80,10.06,0.73,25.0
366.88,10.08,0.73,25.0
367.97,10.05,0.73,25.0
369.05,10.02,0.74,25.0
370.13,10.07,0.75,25.0
371.21,10.06,0.74,25.0
372.29,10.05,0.74,25.0
373.38,10.03,0.73,25.0
374.46,10.07,0.73,25.0
375.54,10.04,0.76,25.0
376.62,10.03,0.74,25.0
377.71,10.04,0.74,25.0
378.79,10.04,0.77,25.0
379.87,10.03,0.77,25.0
380.95,10.04,0.75,25.0
382.04,10.03,0.74,25.0
383.12,10.04,0.75,25.0
384.20,10.03,0.76,25.0
385.28,10.02,0.72,25.0
386.36,10.03,0.73,25.0
387.45,10.03,0.72,25.0
388.53,10.04,0.72,25.0
389.61,10.01,0.74,25.0
390.69,10.02,0.71,25.0
391.77,10.05,0.74,25.0
392.86,10.07,0.73,25.0
393.94,10.02,0.74,25.0
395.02,10.02,0.75,25.0
396.10,10.01,0.73,25.0
397.19,10.01,0.76,25.0
398.27,10.03,0.73,25.0
399.35,10.02,0.72,25.0
400.43,10.04,0.73,25.0
401.52,10.02,0.74,25.0
402.60,10.01,0.73,25.0
403.68,10.02,0.74,25.0
404.76,10.06,0.73,25.0
405.84,10.06,0.75,25.0
406.92,10.05,0.74,25.0
408.01,10.06,0.75,25.0
409.09,10.03,0.74,25.0
410.17,10.03,0.74,25.0
411.26,10.03,0.74,25.0
412.34,10.08,0.77,25.0
413.42,9.99,0.75,25.0
414.50,10.02,0.73,25.0
415.58,10.02,0.73,25.0
416.67,10.01,0.74,25.0
417.75,10.03,0.78,25.0
418.83,9.97,0.78,25.0
419.91,10.04,0.73,25.0
421.00,10.01,0.75,25.0
422.08,10.04,0.71,25.0
423.16,10.02,0.74,25.0
424.24,10.01,0.76,25.0
425.33,10.03,0.73,25.0
426.41,10.02,0.72,25.0
427.49,10.05,0.74,25.0
428.57,10.03,0.76,25.0
429.66,10.02,0.73,25.0
430.74,10.01,0.72,25.0
431.82,10.03,0.72,25.0
432.90,10.05,0.73,25.0
433.98,10.02,0.75,25.0
435.06,10.01,0.74,25.0
436.15,10.01,0.74,25.0
437.23,10.05,0.72,25.0
438.31,10.02,0.70,25.0
439.39,10.05,0.71,25.0
440.48,10.05,0.72,25.0
441.56,10.05,0.76,25.0
442.64,10.04,0.73,25.0
443.72,10.00,0.74,25.0
444.81,10.03,0.74,25.0
445.89,9.97,0.75,25.0
446.97,10.04,0.77,25.0
448.05,10.03,0.70,25.0
449.14,9.97,0.79,25.0
450.22,10.00,0.72,25.0
451.30,10.01,0.70,25.0
452.38,10.00,0.74,25.0
453.47,9.98,0.70,25.0
454.55,9.99,0.72,25.0
455.63,10.01,0.73,25.0
456.71,10.01,0.72,25.0
457.79,9.97,0.73,25.0
458.87,9.98,0.74,25.0
459.96,10.05,0.71,25.0
461.04,10.05,0.73,25.0
462.12,10.04,0.73,25.0
463.20,10.03,0.74,25.0
464.29,10.00,0.73,25.0
465.37,10.00,0.75,25.0
466.45,10.02,0.70,25.0
467.53,10.02,0.71,25.0
468.62,10.01,0.77,25.0
469.70,10.02,0.75,25.0
470.78,10.03,0.77,25.0
471.86,10.04,0.78,25.0
472.95,10.02,0.76,25.0
474.03,10.01,0.75,25.0
475.11,10.05,0.74,25.0
476.19,9.99,0.78,25.0
477.28,10.02,0.75,25.0
478.36,9.99,0.77,25.0
479.44,10.01,0.76,25.0
480.52,10.04,0.68,25.0
481.61,10.02,0.73,25.0
482.69,10.01,0.74,25.0
483.77,10.04,0.75,25.0
484.85,10.03,0.76,25.0
485.94,10.01,0.73,25.0
487.02,10.01,0.72,25.0
488.10,9.99,0.74,25.0
489.18,10.03,0.73,25.0
490.26,10.03,0.74,25.0
491.35,10.05,0.72,25.0
492.43,10.02,0.75,25.0
493.51,10.00,0.72,25.0
494.59,10.02,0.73,25.0
495.67,9.98,0.74,25.0
496.76,10.04,0.79,25.0
497.84,9.99,0.73,25.0
498.92,10.01,0.73,25.0
500.00,10.01,0.76,25.0
501.09,10.01,0.75,25.0
502.17,9.97,0.73,25.0
503.25,9.99,0.76,25.0
504.33,10.05,0.78,25.0
505.42,10.01,0.78,25.0
506.50,10.03,0.76,25.0
507.58,10.01,0.76,25.0
508.66,10.01,0.74,25.0
509.74,10.00,0.72,25.0
510.83,10.02,0.74,25.0
511.91,9.96,0.80,25.0
512.99,9.98,0.73,25.0
514.07,10.03,0.74,25.0
515.15,10.06,0.72,25.0
516.24,10.02,0.74,25.0
517.32,10.01,0.75,25.0
518.40,9.98,0.70,25.0
519.48,10.00,0.74,25.0
520.57,10.03,0.78,25.0
521.65,10.04,0.76,25.0
522.73,9.97,0.76,25.0
523.81,9.99,0.74,25.0
524.90,9.97,0.72,25.0
525.97,9.97,0.73,25.0
527.06,9.99,0.73,25.0
528.14,10.01,0.77,25.0
529.22,9.98,0.73,25.0
530.31,10.02,0.72,25.0
531.39,10.00,0.77,25.0
532.47,9.95,0.75,25.0
533.55,10.00,0.75,25.0
534.63,10.01,0.74,25.0
535.72,10.02,0.73,25.0
536.80,10.02,0.73,25.0
537.88,9.99,0.72,25.0
538.96,9.96,0.77,25.0
540.05,9.95,0.72,25.0
541.13,9.97,0.76,25.0
542.21,10.01,0.73,25.0
543.29,10.00,0.73,25.0
544.38,9.97,0.75,25.0
545.46,9.96,0.71,25.0
546.54,10.00,0.76,25.0
547.62,10.01,0.70,25.0
548.71,9.96,0.76,25.0
549.78,9.99,0.75,25.0
550.87,9.95,0.73,25.0
551.95,9.97,0.71,25.0
553.03,9.98,0.71,25.0
554.11,10.00,0.75,25.0
555.20,10.00,0.74,25.0
556.28,10.01,0.72,25.0
557.36,9.98,0.74,25.0
558.44,9.98,0.71,25.0
559.53,9.95,0.75,25.0
560.61,10.00,0.73,25.0
561.69,9.99,0.75,25.0
562.77,10.01,0.76,25.0
563.86,10.00,0.76,25.0
564.94,10.01,0.75,25.0
566.02,10.00,0.76,25.0
567.10,9.99,0.76,25.0
568.19,10.00,0.74,25.0
569.27,10.00,0.70,25.0
570.35,10.00,0.73,25.0
571.43,9.98,0.71,25.0
572.51,9.98,0.70,25.0
573.59,9.98,0.70,25.0
574.68,10.01,0.71,25.0
575.76,10.01,0.71,25.0
576.84,9.99,0.73,25.0
577.92,9.99,0.73,25.0
579.01,10.00,0.73,25.0
580.09,9.98,0.75,25.0
581.17,10.00,0.76,25.0
582.25,9.98,0.77,25.0
583.34,9.97,0.74,25.0
584.42,9.92,0.73,25.0
585.50,9.97,0.71,25.0
586.58,10.00,0.72,25.0
587.67,9.99,0.73,25.0
588.75,9.99,0.76,25.0
589.83,10.01,0.74,25.0
590.91,9.93,0.74,25.0
592.00,9.94,0.74,25.0
593.08,10.00,0.72,25.0
594.16,9.98,0.72,25.0
595.24,10.01,0.78,25.0
596.32,9.98,0.74,25.0
597.40,9.95,0.73,25.0
598.49,9.94,0.72,25.0
599.57,10.02,0.70,25.0
600.65,9.98,0.75,25.0
601.73,9.93,0.73,25.0
602.82,9.98,0.72,25.0
603.90,10.01,0.72,25.0
604.98,9.99,0.77,25.0
606.06,9.98,0.74,25.0
607.15,9.98,0.74,25.0
608.23,9.96,0.73,25.0
609.31,9.97,0.74,25.0
610.39,9.99,0.73,25.0
611.47,9.99,0.73,25.0
612.55,9.97,0.75,25.0
613.64,9.97,0.77,25.0
614.72,9.96,0.76,25.0
615.80,9.96,0.76,25.0
616.89,9.97,0.76,25.0
617.97,9.97,0.74,25.0
619.05,9.98,0.77,25.0
620.13,9.97,0.77,25.0
621.21,9.95,0.75,25.0
622.30,9.99,0.77,25.0
623.38,9.97,0.78,25.0
624.46,9.99,0.75,25.0
625.54,9.97,0.70,25.0
626.63,9.99,0.76,25.0
627.71,9.99,0.73,25.0
628.79,9.97,0.77,25.0
629.87,9.93,0.73,25.0
630.96,9.96,0.73,25.0
632.04,9.99,0.71,25.0
633.12,9.96,0.71,25.0
634.20,10.00,0.75,25.0
635.28,9.99,0.76,25.0
636.37,9.96,0.73,25.0
637.45,9.97,0.77,25.0
638.53,9.99,0.74,25.0
639.61,9.98,0.75,25.0
640.70,9.98,0.73,25.0
641.78,9.98,0.74,25.0
642.86,9.97,0.75,25.0
643.94,9.98,0.76,25.0
645.02,9.98,0.76,25.0
646.11,9.94,0.75,25.0
647.19,9.98,0.73,25.0
648.27,9.98,0.73,25.0
649.35,9.99,0.73,25.0
650.44,9.98,0.75,25.0
651.52,9.94,0.76,25.0
652.60,9.96,0.74,25.0
653.68,9.97,0.74,25.0
654.77,9.95,0.74,25.0
655.84,9.98,0.76,25.0
656.93,9.94,0.77,25.0
658.01,9.96,0.73,25.0
659.09,9.93,0.75,25.0
660.17,9.97,0.74,25.0
661.26,9.97,0.75,25.0
662.34,9.96,0.76,25.0
663.42,9.96,0.78,25.0
664.50,9.94,0.75,25.0
665.59,9.98,0.76,25.0
666.67,9.95,0.74,25.0
667.75,9.97,0.77,25.0
668.83,9.95,0.73,25.0
669.92,9.95,0.73,25.0
671.00,9.95,0.75,25.0
672.08,9.97,0.79,25.0
673.16,9.98,0.76,25.0
674.24,9.94,0.76,25.0
675.32,10.01,0.76,25.0
676.41,9.93,0.76,25.0
677.49,9.93,0.76,25.0
678.57,9.91,0.75,25.0
679.66,9.94,0.74,25.0
680.74,9.96,0.75,25.0
681.82,9.94,0.75,25.0
682.90,9.94,0.74,25.0
683.98,9.96,0.79,25.0
685.07,9.96,0.78,25.0
686.15,9.94,0.76,25.0
687.23,9.95,0.77,25.0
688.31,9.96,0.74,25.0
689.40,9.97,0.75,25.0
690.48,9.96,0.76,25.0
691.56,9.95,0.75,25.0
692.64,9.95,0.75,25.0
693.72,9.92,0.77,25.0
694.80,9.96,0.76,25.0
695.89,9.96,0.77,25.0
696.97,9.96,0.76,25.0
698.05,9.98,0.75,25.0
699.13,9.92,0.75,25.0
700.22,9.97,0.75,25.0
701.30,9.96,0.74,25.0
702.38,9.92,0.73,25.0
703.46,9.91,0.72,25.0
704.55,9.92,0.72,25.0
705.63,9.95,0.75,25.0
706.71,9.95,0.74,25.0
707.79,9.94,0.74,25.0
708.88,9.95,0.78,25.0
709.96,9.95,0.77,25.0
711.04,9.95,0.75,25.0
712.12,9.95,0.74,25.0
713.21,9.94,0.77,25.0
714.29,9.95,0.75,25.0
715.37,9.95,0.74,25.0
716.45,9.96,0.74,25.0
717.53,9.94,0.76,25.0
718.61,9.94,0.75,25.0
719.70,9.93,0.76,25.0
720.78,9.97,0.74,25.0
721.86,9.96,0.74,25.0
722.95,9.96,0.77,25.0
724.03,9.97,0.78,25.0
725.11,9.90,0.72,25.0
726.19,9.93,0.77,25.0
727.27,9.92,0.78,25.0
728.36,9.90,0.74,25.0
729.44,9.96,0.74,25.0
730.52,9.93,0.74,25.0
731.60,9.94,0.75,25.0
732.69,9.94,0.77,25.0
733.77,9.92,0.74,25.0
734.85,9.90,0.75,25.0
735.93,9.92,0.79,25.0
737.01,9.91,0.73,25.0
738.09,9.90,0.74,25.0
739.18,9.93,0.74,25.0
740.26,9.98,0.76,25.0
741.34,9.93,0.76,25.0
742.42,9.92,0.76,25.0
743.51,9.95,0.75,25.0
744.59,9.93,0.76,25.0
745.67,9.91,0.74,25.0
746.75,9.97,0.73,25.0
747.84,9.94,0.74,25.0
748.92,9.94,0.74,25.0
750.00,9.97,0.75,25.0
751.08,9.91,0.77,25.0
752.16,9.92,0.77,25.0
753.25,9.93,0.75,25.0
754.33,9.94,0.76,25.0
755.41,9.95,0.74,25.0
756.49,9.93,0.76,25.0
757.57,9.92,0.72,25.0
758.66,9.93,0.78,25.0
759.74,9.96,0.78,25.0
760.82,9.92,0.77,25.0
761.90,9.93,0.76,25.0
762.99,9.91,0.76,25.0
764.07,9.90,0.77,25.0
765.15,9.91,0.75,25.0
766.23,9.93,0.76,25.0
767.32,9.94,0.77,25.0
768.40,9.91,0.77,25.0
769.48,9.90,0.76,25.0
770.56,9.95,0.73,25.0
771.64,9.89,0.77,25.0
772.72,9.88,0.74,25.0
773.81,9.92,0.72,25.0
774.89,9.93,0.75,25.0
775.97,9.95,0.76,25.0
777.05,9.95,0.75,25.0
778.14,9.90,0.77,25.0
779.22,9.93,0.75,25.0
780.30,9.92,0.75,25.0
781.38,9.90,0.77,25.0
782.47,9.92,0.75,25.0
783.55,9.94,0.77,25.0
784.63,9.92,0.76,25.0
785.71,9.90,0.76,25.0
786.79,9.94,0.75,25.0
787.88,9.91,0.77,25.0
788.96,9.92,0.76,25.0
790.04,9.96,0.77,25.0
791.12,9.90,0.77,25.0
792.21,9.91,0.76,25.0
793.29,9.91,0.75,25.0
794.37,9.92,0.74,25.0
795.45,9.96,0.75,25.0
796.53,9.93,0.76,25.0
797.62,9.92,0.76,25.0
798.70,9.92,0.75,25.0
799.78,9.92,0.76,25.0
800.86,9.88,0.74,25.0
801.95,9.91,0.75,25.0
803.03,9.91,0.75,25.0
804.11,9.95,0.73,25.0
805.19,9.92,0.75,25.0
806.28,9.93,0.74,25.0
807.36,9.91,0.75,25.0
808.44,9.92,0.77,25.0
809.52,9.93,0.75,25.0
810.60,9.94,0.77,25.0
811.69,9.91,0.75,25.0
812.77,9.96,0.76,25.0
813.85,9.95,0.73,25.0
814.94,9.94,0.75,25.0
816.02,9.91,0.79,25.0
817.10,9.90,0.74,25.0
818.18,9.95,0.73,25.0
819.26,9.91,0.75,25.0
820.34,9.91,0.73,25.0
821.43,9.85,0.71,25.0
822.51,9.92,0.73,25.0
823.59,9.95,0.75,25.0
824.67,9.90,0.73,25.0
825.76,9.93,0.74,25.0
826.84,9.93,0.73,25.0
827.92,9.93,0.72,25.0
829.00,9.92,0.76,25.0
830.09,9.90,0.74,25.0
831.16,9.88,0.74,25.0
832.25,9.91,0.75,25.0
833.33,9.90,0.72,25.0
834.41,9.91,0.75,25.0
835.49,9.91,0.73,25.0
836.58,9.92,0.71,25.0
837.66,9.91,0.71,25.0
838.74,9.92,0.73,25.0
839.82,9.92,0.77,25.0
840.91,9.91,0.76,25.0
841.99,9.89,0.73,25.0
843.07,9.95,0.76,25.0
844.15,9.91,0.70,25.0
845.24,9.86,0.71,25.0
846.32,9.91,0.72,25.0
847.40,9.89,0.71,25.0
848.48,9.89,0.75,25.0
849.57,9.85,0.74,25.0
850.65,9.88,0.72,25.0
851.73,9.90,0.73,25.0
852.81,9.94,0.74,25.0
853.90,9.90,0.73,25.0
854.98,9.88,0.73,25.0
856.06,9.89,0.75,25.0
857.14,9.93,0.75,25.0
858.22,9.88,0.75,25.0
859.30,9.91,0.75,25.0
860.39,9.90,0.74,25.0
861.47,9.87,0.73,25.0
862.55,9.86,0.71,25.0
863.63,9.95,0.75,25.0
864.72,9.90,0.73,25.0
865.80,9.89,0.74,25.0
866.88,9.90,0.75,25.0
867.96,9.91,0.74,25.0
869.05,9.87,0.72,25.0
870.13,9.90,0.72,25.0
871.21,9.92,0.73,25.0
872.29,9.86,0.72,25.0
873.37,9.87,0.73,25.0
874.46,9.89,0.74,25.0
875.54,9.90,0.73,25.0
876.62,9.88,0.73,25.0
877.70,9.88,0.73,25.0
878.78,9.90,0.73,25.0
879.87,9.92,0.75,25.0
880.95,9.90,0.75,25.0
882.03,9.88,0.76,25.0
883.11,9.86,0.73,25.0
884.20,9.88,0.73,25.0
885.28,9.86,0.75,25.0
886.36,9.88,0.75,25.0
887.44,9.86,0.75,25.0
888.53,9.86,0.74,25.0
889.61,9.87,0.73,25.0
890.69,9.88,0.71,25.0
891.77,9.88,0.72,25.0
892.85,9.89,0.73,25.0
893.94,9.88,0.73,25.0
895.02,9.90,0.74,25.0
896.10,9.88,0.75,25.0
897.18,9.89,0.74,25.0
898.27,9.91,0.72,25.0
899.35,9.92,0.75,25.0
900.43,9.90,0.75,25.0
901.51,9.90,0.74,25.0
902.59,9.89,0.73,25.0
903.68,9.87,0.74,25.0
904.76,9.85,0.73,25.0
905.84,9.86,0.74,25.0
906.92,9.86,0.72,25.0
908.01,9.90,0.73,25.0
909.09,9.86,0.75,25.0
910.17,9.89,0.74,25.0
911.25,9.88,0.75,25.0
912.34,9.86,0.74,25.0
913.42,9.88,0.72,25.0
914.50,9.87,0.72,25.0
915.58,9.85,0.72,25.0
916.66,9.86,0.73,25.0
917.74,9.86,0.74,25.0
918.83,9.87,0.74,25.0
919.91,9.84,0.71,25.0
920.99,9.84,0.72,25.0
922.07,9.85,0.76,25.0
923.16,9.88,0.74,25.0
924.23,9.87,0.73,25.0
925.32,9.87,0.73,25.0
926.40,9.87,0.76,25.0
927.48,9.88,0.74,25.0
928.57,9.89,0.72,25.0
929.65,9.88,0.74,25.0
930.73,9.86,0.75,25.0
931.81,9.88,0.76,25.0
932.89,9.86,0.75,25.0
933.98,9.86,0.74,25.0
935.06,9.83,0.73,25.0
936.14,9.87,0.73,25.0
937.22,9.90,0.74,25.0
938.31,9.87,0.73,25.0
939.39,9.87,0.76,25.0
940.47,9.91,0.75,25.0
941.55,9.87,0.76,25.0
942.63,9.84,0.74,25.0
943.71,9.84,0.74,25.0
944.80,9.87,0.74,25.0
945.88,9.84,0.73,25.0
946.96,9.86,0.75,25.0
948.04,9.85,0.73,25.0
949.13,9.85,0.74,25.0
950.21,9.86,0.73,25.0
951.29,9.85,0.71,25.0
952.37,9.87,0.74,25.0
953.46,9.87,0.72,25.0
954.54,9.83,0.74,25.0
955.62,9.83,0.76,25.0
956.70,9.87,0.72,25.0
957.78,9.87,0.74,25.0
958.86,9.88,0.72,25.0
959.95,9.88,0.74,25.0
961.03,9.87,0.74,25.0
962.11,9.85,0.74,25.0
963.20,9.85,0.75,25.0
964.28,9.83,0.73,25.0
965.36,9.85,0.73,25.0
966.44,9.85,0.73,25.0
967.52,9.85,0.76,25.0
968.61,9.85,0.75,25.0
969.69,9.91,0.74,25.0
970.77,9.84,0.72,25.0
971.85,9.81,0.75,25.0
972.94,9.83,0.73,25.0
974.02,9.84,0.71,25.0
975.10,9.85,0.72,25.0
976.18,9.87,0.71,25.0
977.27,9.86,0.73,25.0
978.34,9.84,0.73,25.0
979.43,9.84,0.72,25.0
980.51,9.86,0.73,25.0
981.59,9.87,0.72,25.0
982.67,9.86,0.74,25.0
983.76,9.85,0.74,25.0
984.84,9.85,0.75,25.0
985.92,9.84,0.72,25.0
987.00,9.85,0.73,25.0
988.09,9.88,0.73,25.0
989.17,9.85,0.73,25.0
990.25,9.86,0.73,25.0
991.33,9.82,0.74,25.0
992.42,9.86,0.74,25.0
993.50,9.83,0.73,25.0
994.58,9.83,0.74,25.0
995.66,9.84,0.74,25.0
996.75,9.86,0.73,25.0
997.83,9.85,0.73,25.0
998.91,9.85,0.74,25.0
999.99,9.86,0.73,25.0
1001.07,9.86,0.76,25.0
1002.16,9.84,0.75,25.0
1003.24,9.85,0.76,25.0
1004.32,9.86,0.74,25.0
1005.40,9.90,0.73,25.0
1006.48,9.86,0.73,25.0
1007.57,9.86,0.74,25.0
1008.65,9.83,0.74,25.0
1009.73,9.81,0.73,25.0
1010.81,9.85,0.72,25.0
1011.90,9.83,0.74,25.0
1012.98,9.87,0.75,25.0
1014.06,9.85,0.76,25.0
1015.14,9.81,0.76,25.0
1016.23,9.85,0.75,25.0
1017.31,9.83,0.73,25.0
1018.39,9.84,0.73,25.0
1019.47,9.86,0.73,25.0
1020.56,9.83,0.72,25.0
1021.64,9.83,0.74,25.0
1022.72,9.84,0.72,25.0
1023.80,9.84,0.73,25.0
1024.88,9.86,0.74,25.0
1025.97,9.84,0.71,25.0
1027.05,9.84,0.72,25.0
1028.13,9.86,0.74,25.0
1029.21,9.84,0.72,25.0
1030.29,9.86,0.76,25.0
1031.38,9.84,0.74,25.0
1032.46,9.84,0.74,25.0
1033.54,9.85,0.73,25.0
1034.62,9.83,0.71,25.0
1035.71,9.87,0.70,25.0
1036.79,9.85,0.73,25.0
1037.87,9.82,0.74,25.0
1038.95,9.86,0.73,25.0
1040.04,9.84,0.70,25.0
1041.12,9.83,0.73,25.0
1042.20,9.86,0.73,25.0
1043.28,9.82,0.71,25.0
1044.36,9.83,0.71,25.0
1045.44,9.84,0.72,25.0
1046.53,9.81,0.71,25.0
1047.61,9.84,0.72,25.0
1048.69,9.83,0.73,25.0
1049.78,9.83,0.73,25.0
1050.86,9.84,0.74,25.0
1051.94,9.82,0.73,25.0
1053.02,9.84,0.74,25.0
1054.10,9.85,0.73,25.0
1055.19,9.83,0.75,25.0
1056.27,9.85,0.74,25.0
1057.35,9.83,0.75,25.0
1058.43,9.84,0.71,25.0
1059.52,9.83,0.73,25.0
1060.59,9.83,0.74,25.0
1061.68,9.84,0.74,25.0
1062.76,9.83,0.74,25.0
1063.84,9.84,0.74,25.0
1064.93,9.81,0.74,25.0
1066.01,9.81,0.74,25.0
1067.09,9.81,0.73,25.0
1068.17,9.83,0.73,25.0
1069.25,9.85,0.74,25.0
1070.34,9.86,0.73,25.0
1071.42,9.81,0.73,25.0
1072.50,9.82,0.72,25.0
1073.58,9.84,0.73,25.0
1074.67,9.82,0.72,25.0
1075.75,9.83,0.72,25.0
1076.83,9.80,0.73,25.0
1077.91,9.85,0.73,25.0
1079.00,9.77,0.75,25.0
1080.08,9.83,0.73,25.0
1081.16,9.82,0.74,25.0
1082.24,9.85,0.75,25.0
1083.32,9.83,0.76,25.0
1084.41,9.82,0.71,25.0
1085.49,9.80,0.72,25.0
1086.57,9.80,0.72,25.0
1087.65,9.79,0.73,25.0
1088.73,9.85,0.73,25.0
1089.82,9.78,0.72,25.0
1090.90,9.85,0.76,25.0
1091.98,9.84,0.74,25.0
1093.06,9.84,0.73,25.0
1094.15,9.80,0.73,25.0
1095.23,9.82,0.76,25.0
1096.31,9.81,0.74,25.0
1097.39,9.85,0.73,25.0
1098.47,9.81,0.73,25.0
1099.56,9.81,0.72,25.0
1100.64,9.82,0.71,25.0
1101.72,9.81,0.73,25.0
1102.80,9.80,0.73,25.0
1103.89,9.86,0.74,25.0
1104.97,9.80,0.73,25.0
1106.05,9.81,0.74,25.0
1107.13,9.84,0.73,25.0
1108.21,9.84,0.72,25.0
1109.30,9.82,0.71,25.0
1110.38,9.82,0.73,25.0
1111.46,9.83,0.74,25.0
1112.54,9.82,0.72,25.0
1113.63,9.84,0.73,25.0
1114.71,9.86,0.73,25.0
1115.79,9.78,0.73,25.0
1116.87,9.79,0.73,25.0
1117.96,9.81,0.72,25.0
1119.04,9.80,0.74,25.0
1120.12,9.79,0.73,25.0
1121.20,9.81,0.73,25.0
1122.29,9.81,0.73,25.0
1123.36,9.84,0.73,25.0
1124.45,9.81,0.73,25.0
1125.53,9.80,0.73,25.0
1126.61,9.81,0.74,25.0
1127.69,9.80,0.74,25.0
1128.78,9.77,0.72,25.0
1129.86,9.85,0.73,25.0
1130.94,9.82,0.76,25.0
1132.02,9.81,0.72,25.0
1133.11,9.84,0.74,25.0
1134.19,9.81,0.74,25.0
1135.27,9.81,0.72,25.0
1136.35,9.81,0.74,25.0
1137.44,9.79,0.73,25.0
1138.52,9.82,0.73,25.0
1139.60,9.81,0.77,25.0
1140.68,9.83,0.74,25.0
1141.77,9.79,0.75,25.0
1142.84,9.81,0.77,25.0
1143.93,9.79,0.75,25.0
1145.01,9.81,0.72,25.0
1146.09,9.80,0.71,25.0
1147.18,9.81,0.73,25.0
1148.26,9.82,0.73,25.0
1149.34,9.82,0.74,25.0
1150.42,9.79,0.74,25.0
1151.50,9.79,0.73,25.0
1152.59,9.79,0.73,25.0
1153.67,9.79,0.74,25.0
1154.75,9.79,0.73,25.0
1155.83,9.80,0.73,25.0
1156.92,9.78,0.74,25.0
1158.00,9.77,0.73,25.0
1159.08,9.79,0.78,25.0
1160.16,9.79,0.75,25.0
1161.25,9.77,0.73,25.0
1162.33,9.77,0.73,25.0
1163.41,9.78,0.74,25.0
1164.49,9.81,0.76,25.0
1165.57,9.81,0.78,25.0
1166.66,9.77,0.76,25.0
1167.74,9.78,0.74,25.0
1168.82,9.80,0.72,25.0
1169.90,9.83,0.74,25.0
1170.98,9.81,0.75,25.0
1172.07,9.79,0.73,25.0
1173.15,9.78,0.75,25.0
1174.23,9.77,0.74,25.0
1175.31,9.78,0.74,25.0
1176.40,9.78,0.73,25.0
1177.48,9.79,0.74,25.0
1178.56,9.79,0.75,25.0
1179.64,9.80,0.73,25.0
1180.73,9.81,0.74,25.0
1181.81,9.82,0.75,25.0
1182.89,9.79,0.76,25.0
1183.97,9.78,0.75,25.0
1185.06,9.80,0.74,25.0
1186.14,9.78,0.75,25.0
1187.22,9.77,0.74,25.0
1188.30,9.77,0.76,25.0
1189.39,9.77,0.74,25.0
1190.46,9.81,0.76,25.0
1191.55,9.79,0.75,25.0
1192.63,9.79,0.75,25.0
1193.71,9.78,0.76,25.0
1194.80,9.75,0.73,25.0
1195.88,9.80,0.75,25.0
1196.96,9.78,0.76,25.0
1198.04,9.77,0.74,25.0
1199.12,9.77,0.73,25.0
1200.21,9.77,0.74,25.0
1201.29,9.78,0.71,25.0
1202.37,9.78,0.73,25.0
1203.45,9.79,0.76,25.0
1204.54,9.77,0.74,25.0
1205.62,9.76,0.75,25.0
1206.70,9.82,0.74,25.0
1207.78,9.79,0.75,25.0
1208.87,9.78,0.73,25.0
1209.95,9.79,0.72,25.0
1211.03,9.78,0.72,25.0
1212.11,9.78,0.75,25.0
1213.19,9.75,0.73,25.0
1214.28,9.79,0.73,25.0
1215.36,9.78,0.73,25.0
1216.44,9.77,0.73,25.0
1217.52,9.77,0.74,25.0
1218.60,9.78,0.75,25.0
1219.69,9.78,0.76,25.0
1220.77,9.75,0.74,25.0
1221.85,9.79,0.74,25.0
1222.93,9.79,0.74,25.0
1224.02,9.75,0.71,25.0
1225.10,9.78,0.71,25.0
1226.18,9.74,0.73,25.0
1227.26,9.78,0.74,25.0
1228.35,9.77,0.74,25.0
1229.43,9.77,0.72,25.0
1230.51,9.76,0.71,25.0
1231.59,9.78,0.72,25.0
1232.68,9.78,0.75,25.0
1233.76,9.77,0.75,25.0
1234.84,9.77,0.72,25.0
1235.92,9.77,0.72,25.0
1237.01,9.76,0.73,25.0
1238.08,9.76,0.73,25.0
1239.17,9.78,0.73,25.0
1240.25,9.78,0.72,25.0
1241.33,9.79,0.71,25.0
1242.42,9.78,0.74,25.0
1243.50,9.77,0.72,25.0
1244.58,9.76,0.75,25.0
1245.66,9.77,0.77,25.0
1246.74,9.78,0.72,25.0
1247.83,9.78,0.73,25.0
1248.91,9.79,0.77,25.0
1249.99,9.78,0.76,25.0
1251.07,9.76,0.74,25.0
1252.16,9.78,0.76,25.0
1253.24,9.77,0.74,25.0
1254.32,9.76,0.73,25.0
1255.40,9.76,0.73,25.0
1256.48,9.77,0.74,25.0
1257.57,9.77,0.72,25.0
1258.65,9.76,0.72,25.0
1259.73,9.77,0.72,25.0
1260.81,9.79,0.74,25.0
1261.90,9.79,0.75,25.0
1262.98,9.80,0.74,25.0
1264.06,9.75,0.75,25.0
1265.14,9.76,0.72,25.0
1266.22,9.75,0.74,25.0
1267.31,9.75,0.75,25.0
1268.39,9.75,0.74,25.0
1269.47,9.77,0.71,25.0
1270.55,9.77,0.73,25.0
1271.64,9.78,0.72,25.0
1272.72,9.78,0.74,25.0
1273.80,9.77,0.74,25.0
1274.88,9.77,0.74,25.0
1275.97,9.77,0.73,25.0
1277.05,9.76,0.74,25.0
1278.13,9.75,0.73,25.0
1279.21,9.75,0.74,25.0
1280.30,9.77,0.72,25.0
1281.38,9.76,0.74,25.0
1282.46,9.76,0.74,25.0
1283.54,9.75,0.73,25.0
1284.63,9.75,0.72,25.0
1285.70,9.75,0.73,25.0
1286.79,9.75,0.73,25.0
1287.87,9.76,0.70,25.0
1288.95,9.75,0.73,25.0
1290.04,9.74,0.73,25.0
1291.12,9.75,0.73,25.0
1292.20,9.74,0.73,25.0
1293.28,9.76,0.75,25.0
1294.36,9.75,0.72,25.0
1295.45,9.77,0.74,25.0
1296.53,9.74,0.74,25.0
1297.61,9.76,0.74,25.0
1298.69,9.74,0.74,25.0
1299.78,9.75,0.75,25.0
1300.86,9.73,0.71,25.0
1301.94,9.75,0.74,25.0
1303.02,9.75,0.72,25.0
1304.11,9.77,0.72,25.0
1305.19,9.77,0.72,25.0
1306.27,9.77,0.74,25.0
1307.35,9.77,0.73,25.0
1308.44,9.74,0.74,25.0
1309.52,9.74,0.73,25.0
1310.60,9.75,0.75,25.0
1311.68,9.74,0.71,25.0
1312.76,9.80,0.74,25.0
1313.84,9.75,0.74,25.0
1314.93,9.74,0.71,25.0
1316.01,9.75,0.73,25.0
1317.09,9.76,0.74,25.0
1318.18,9.75,0.71,25.0
1319.26,9.76,0.72,25.0
1320.34,9.75,0.72,25.0
1321.42,9.77,0.75,25.0
1322.50,9.74,0.74,25.0
1323.59,9.74,0.72,25.0
1324.67,9.76,0.71,25.0
1325.75,9.74,0.72,25.0
1326.83,9.77,0.71,25.0
1327.92,9.75,0.69,25.0
1329.00,9.75,0.72,25.0
1330.08,9.75,0.71,25.0
1331.16,9.74,0.71,25.0
1332.25,9.75,0.74,25.0
1333.32,9.78,0.73,25.0
1334.41,9.75,0.71,25.0
1335.49,9.74,0.72,25.0
1336.57,9.73,0.72,25.0
1337.66,9.75,0.72,25.0
1338.74,9.79,0.72,25.0
1339.82,9.75,0.72,25.0
1340.90,9.76,0.71,25.0
1341.98,9.76,0.72,25.0
1343.07,9.73,0.71,25.0
1344.15,9.76,0.75,25.0
1345.23,9.75,0.74,25.0
1346.31,9.75,0.73,25.0
1347.40,9.76,0.74,25.0
1348.48,9.72,0.74,25.0
1349.56,9.76,0.75,25.0
1350.64,9.75,0.73,25.0
1351.73,9.75,0.74,25.0
1352.81,9.75,0.72,25.0
1353.89,9.74,0.72,25.0
1354.97,9.73,0.74,25.0
1356.05,9.78,0.73,25.0
1357.13,9.74,0.73,25.0
1358.22,9.75,0.73,25.0
1359.30,9.76,0.73,25.0
1360.38,9.74,0.71,25.0
1361.46,9.76,0.73,25.0
1362.55,9.75,0.73,25.0
1363.63,9.74,0.72,25.0
1364.71,9.76,0.75,25.0
1365.79,9.72,0.73,25.0
1366.88,9.75,0.72,25.0
1367.96,9.72,0.74,25.0
1369.04,9.73,0.73,25.0
1370.12,9.77,0.72,25.0
1371.21,9.74,0.72,25.0
1372.29,9.73,0.75,25.0
1373.37,9.76,0.75,25.0
1374.45,9.76,0.75,25.0
1375.54,9.74,0.73,25.0
1376.62,9.75,0.73,25.0
1377.70,9.74,0.75,25.0
1378.78,9.72,0.73,25.0
1379.86,9.76,0.75,25.0
1380.94,9.72,0.72,25.0
1382.03,9.73,0.73,25.0
1383.11,9.72,0.73,25.0
1384.19,9.77,0.75,25.0
1385.27,9.74,0.73,25.0
1386.36,9.75,0.72,25.0
1387.44,9.74,0.73,25.0
1388.52,9.72,0.72,25.0
1389.60,9.73,0.73,25.0
1390.69,9.76,0.72,25.0
1391.77,9.74,0.75,25.0
1392.85,9.75,0.74,25.0
1393.93,9.73,0.73,25.0
1395.02,9.72,0.74,25.0
1396.10,9.75,0.72,25.0
1397.18,9.70,0.72,25.0
1398.26,9.75,0.74,25.0
1399.34,9.69,0.72,25.0
1400.43,9.71,0.72,25.0
1401.51,9.75,0.72,25.0
1402.59,9.73,0.72,25.0
1403.67,9.72,0.73,25.0
1404.75,9.72,0.72,25.0
1405.84,9.70,0.72,25.0
1406.92,9.72,0.71,25.0
1408.00,9.73,0.71,25.0
1409.08,9.72,0.73,25.0
1410.17,9.74,0.73,25.0
1411.25,9.72,0.72,25.0
1412.33,9.74,0.73,25.0
1413.41,9.70,0.72,25.0
1414.50,9.72,0.74,25.0
1415.58,9.71,0.73,25.0
1416.66,9.71,0.71,25.0
1417.74,9.71,0.73,25.0
1418.82,9.73,0.72,25.0
1419.91,9.73,0.72,25.0
1420.99,9.73,0.73,25.0
1422.07,9.71,0.73,25.0
1423.16,9.74,0.70,25.0
1424.24,9.71,0.72,25.0
1425.32,9.73,0.73,25.0
1426.40,9.73,0.75,25.0
1427.48,9.73,0.74,25.0
1428.56,9.71,0.72,25.0
1429.65,9.71,0.73,25.0
1430.73,9.67,0.70,25.0
1431.81,9.72,0.70,25.0
1432.89,9.70,0.70,25.0
1433.98,9.71,0.73,25.0
1435.06,9.71,0.72,25.0
1436.14,9.72,0.70,25.0
1437.22,9.71,0.73,25.0
1438.31,9.73,0.73,25.0
1439.39,9.72,0.70,25.0
1440.47,9.71,0.74,25.0
1441.55,9.72,0.71,25.0
1442.64,9.73,0.73,25.0
1443.72,9.72,0.72,25.0
1444.80,9.75,0.73,25.0
1445.88,9.74,0.72,25.0
1446.96,9.75,0.72,25.0
1448.05,9.73,0.73,25.0
1449.13,9.71,0.75,25.0
1450.21,9.73,0.74,25.0
1451.29,9.73,0.73,25.0
1452.38,9.74,0.73,25.0
1453.46,9.72,0.74,25.0
1454.54,9.67,0.74,25.0
1455.62,9.68,0.74,25.0
1456.70,9.72,0.71,25.0
1457.79,9.71,0.71,25.0
1458.87,9.70,0.73,25.0
1459.95,9.72,0.71,25.0
1461.03,9.71,0.69,25.0
1462.12,9.74,0.72,25.0
1463.20,9.72,0.72,25.0
1464.28,9.72,0.72,25.0
1465.36,9.71,0.73,25.0
1466.45,9.72,0.74,25.0
1467.53,9.70,0.73,25.0
1468.61,9.71,0.72,25.0
1469.69,9.73,0.75,25.0
1470.78,9.66,0.74,25.0
1471.85,9.70,0.70,25.0
1472.94,9.71,0.73,25.0
1474.02,9.71,0.73,25.0
1475.10,9.73,0.73,25.0
1476.19,9.71,0.74,25.0
1477.27,9.72,0.76,25.0
1478.35,9.71,0.72,25.0
1479.43,9.69,0.76,25.0
1480.51,9.68,0.71,25.0
1481.60,9.72,0.73,25.0
1482.68,9.70,0.73,25.0
1483.76,9.74,0.73,25.0
1484.84,9.66,0.76,25.0
1485.93,9.70,0.76,25.0
1487.01,9.72,0.74,25.0
1488.09,9.68,0.74,25.0
1489.17,9.70,0.74,25.0
1490.26,9.69,0.76,25.0
1491.34,9.71,0.72,25.0
1492.42,9.70,0.73,25.0
1493.50,9.70,0.74,25.0
1494.58,9.70,0.73,25.0
1495.67,9.71,0.73,25.0
1496.75,9.69,0.75,25.0
1497.83,9.72,0.74,25.0
1498.91,9.72,0.72,25.0
1499.99,9.72,0.73,25.0
1501.08,9.72,0.74,25.0
1502.16,9.70,0.74,25.0
1503.24,9.72,0.73,25.0
1504.32,9.73,0.75,25.0
1505.41,9.72,0.76,25.0
1506.49,9.71,0.76,25.0
1507.57,9.72,0.73,25.0
1508.65,9.69,0.76,25.0
1509.73,9.70,0.75,25.0
1510.81,9.72,0.74,25.0
1511.90,9.69,0.73,25.0
1512.98,9.69,0.74,25.0
1514.06,9.71,0.73,25.0
1515.14,9.70,0.74,25.0
1516.23,9.71,0.72,25.0
1517.31,9.69,0.74,25.0
1518.39,9.70,0.75,25.0
1519.47,9.72,0.75,25.0
1520.56,9.72,0.74,25.0
1521.64,9.72,0.72,25.0
1522.72,9.73,0.72,25.0
1523.80,9.71,0.73,25.0
1524.89,9.72,0.72,25.0
1525.97,9.70,0.74,25.0
1527.05,9.69,0.73,25.0
1528.13,9.71,0.73,25.0
1529.21,9.74,0.73,25.0
1530.30,9.70,0.76,25.0
1531.38,9.68,0.73,25.0
1532.46,9.72,0.71,25.0
1533.54,9.70,0.71,25.0
1534.63,9.70,0.73,25.0
1535.71,9.69,0.73,25.0
1536.79,9.72,0.74,25.0
1537.87,9.66,0.72,25.0
1538.95,9.71,0.73,25.0
1540.04,9.64,0.73,25.0
1541.12,9.68,0.73,25.0
1542.20,9.64,0.72,25.0
1543.28,9.68,0.73,25.0
1544.37,9.69,0.74,25.0
1545.45,9.74,0.69,25.0
1546.53,9.69,0.73,25.0
1547.61,9.65,0.73,25.0
1548.70,9.71,0.73,25.0
1549.78,9.71,0.74,25.0
1550.86,9.68,0.72,25.0
1551.94,9.70,0.73,25.0
1553.03,9.68,0.74,25.0
1554.10,9.72,0.72,25.0
1555.19,9.70,0.74,25.0
1556.27,9.71,0.74,25.0
1557.35,9.71,0.73,25.0
1558.44,9.70,0.76,25.0
1559.52,9.71,0.72,25.0
1560.60,9.68,0.74,25.0
1561.68,9.70,0.72,25.0
1562.76,9.67,0.73,25.0
1563.85,9.70,0.75,25.0
1564.93,9.67,0.73,25.0
1566.01,9.70,0.72,25.0
1567.09,9.68,0.74,25.0
1568.18,9.70,0.75,25.0
1569.26,9.68,0.73,25.0
1570.34,9.71,0.71,25.0
1571.42,9.70,0.73,25.0
1572.51,9.73,0.74,25.0
1573.59,9.69,0.74,25.0
1574.67,9.72,0.74,25.0
1575.75,9.70,0.72,25.0
1576.83,9.69,0.73,25.0
1577.92,9.69,0.74,25.0
1579.00,9.70,0.73,25.0
1580.08,9.63,0.71,25.0
1581.16,9.69,0.74,25.0
1582.24,9.65,0.70,25.0
1583.33,9.69,0.70,25.0
1584.41,9.70,0.70,25.0
1585.49,9.68,0.71,25.0
1586.57,9.68,0.74,25.0
1587.66,9.66,0.74,25.0
1588.74,9.66,0.71,25.0
1589.82,9.66,0.72,25.0
1590.90,9.69,0.73,25.0
1591.99,9.66,0.72,25.0
1593.07,9.68,0.72,25.0
1594.15,9.67,0.71,25.0
1595.23,9.68,0.74,25.0
1596.31,9.70,0.73,25.0
1597.40,9.67,0.73,25.0
1598.48,9.66,0.73,25.0
1599.56,9.69,0.70,25.0
1600.64,9.66,0.71,25.0
1601.72,9.68,0.72,25.0
1602.81,9.67,0.71,25.0
1603.89,9.67,0.74,25.0
1604.97,9.68,0.74,25.0
1606.05,9.67,0.73,25.0
1607.14,9.66,0.72,25.0
1608.22,9.67,0.73,25.0
1609.30,9.67,0.70,25.0
1610.38,9.67,0.72,25.0
1611.47,9.66,0.71,25.0
1612.55,9.65,0.73,25.0
1613.63,9.68,0.75,25.0
1614.71,9.66,0.75,25.0
1615.80,9.66,0.72,25.0
1616.88,9.70,0.73,25.0
1617.96,9.68,0.72,25.0
1619.04,9.66,0.72,25.0
1620.12,9.68,0.72,25.0
1621.20,9.66,0.71,25.0
1622.29,9.66,0.72,25.0
1623.37,9.64,0.75,25.0
1624.45,9.66,0.74,25.0
1625.53,9.68,0.73,25.0
1626.62,9.64,0.70,25.0
1627.70,9.67,0.73,25.0
1628.78,9.66,0.71,25.0
1629.86,9.64,0.72,25.0
1630.95,9.66,0.72,25.0
1632.03,9.66,0.74,25.0
1633.11,9.69,0.74,25.0
1634.19,9.68,0.74,25.0
1635.28,9.69,0.74,25.0
1636.36,9.66,0.74,25.0
1637.44,9.67,0.72,25.0
1638.52,9.65,0.73,25.0
1639.60,9.68,0.76,25.0
1640.69,9.65,0.74,25.0
1641.77,9.66,0.74,25.0
1642.85,9.66,0.76,25.0
1643.93,9.66,0.76,25.0
1645.02,9.67,0.73,25.0
1646.10,9.66,0.75,25.0
1647.18,9.67,0.73,25.0
1648.26,9.63,0.73,25.0
1649.34,9.68,0.73,25.0
1650.43,9.67,0.74,25.0
1651.51,9.65,0.74,25.0
1652.59,9.65,0.73,25.0
1653.67,9.65,0.72,25.0
1654.76,9.64,0.74,25.0
1655.84,9.67,0.73,25.0
1656.92,9.65,0.73,25.0
1658.00,9.64,0.72,25.0
1659.08,9.63,0.73,25.0
1660.17,9.65,0.72,25.0
1661.25,9.64,0.72,25.0
1662.33,9.64,0.73,25.0
1663.41,9.65,0.74,25.0
1664.49,9.64,0.73,25.0
1665.58,9.64,0.74,25.0
1666.66,9.63,0.72,25.0
1667.74,9.66,0.72,25.0
1668.82,9.66,0.73,25.0
1669.91,9.65,0.75,25.0
1670.99,9.64,0.74,25.0
1672.07,9.64,0.72,25.0
1673.15,9.64,0.73,25.0
1674.23,9.62,0.74,25.0
1675.32,9.65,0.73,25.0
1676.40,9.64,0.72,25.0
1677.48,9.64,0.74,25.0
1678.56,9.66,0.73,25.0
1679.65,9.65,0.71,25.0
1680.73,9.64,0.71,25.0
1681.81,9.65,0.71,25.0
1682.89,9.62,0.71,25.0
1683.97,9.65,0.72,25.0
1685.06,9.62,0.71,25.0
1686.14,9.66,0.70,25.0
1687.22,9.67,0.71,25.0
1688.31,9.67,0.71,25.0
1689.39,9.65,0.73,25.0
1690.47,9.63,0.75,25.0
1691.55,9.67,0.73,25.0
1692.63,9.63,0.73,25.0
1693.72,9.62,0.74,25.0
1694.80,9.64,0.71,25.0
1695.88,9.66,0.71,25.0
1696.96,9.64,0.73,25.0
1698.05,9.64,0.73,25.0
1699.13,9.65,0.71,25.0
1700.21,9.63,0.71,25.0
1701.29,9.67,0.73,25.0
1702.38,9.63,0.73,25.0
1703.45,9.63,0.72,25.0
1704.54,9.64,0.72,25.0
1705.62,9.62,0.73,25.0
1706.70,9.61,0.72,25.0
1707.78,9.63,0.72,25.0
1708.87,9.61,0.74,25.0
1709.95,9.63,0.73,25.0
1711.03,9.62,0.73,25.0
1712.11,9.63,0.72,25.0
1713.20,9.63,0.74,25.0
1714.28,9.64,0.70,25.0
1715.36,9.64,0.73,25.0
1716.44,9.64,0.74,25.0
1717.53,9.64,0.74,25.0
1718.61,9.64,0.74,25.0
1719.69,9.62,0.74,25.0
1720.77,9.61,0.73,25.0
1721.86,9.60,0.74,25.0
1722.94,9.60,0.75,25.0
1724.02,9.62,0.73,25.0
1725.10,9.61,0.70,25.0
1726.18,9.61,0.73,25.0
1727.26,9.62,0.71,25.0
1728.35,9.60,0.74,25.0
1729.43,9.62,0.74,25.0
1730.51,9.61,0.69,25.0
1731.59,9.61,0.73,25.0
1732.68,9.62,0.71,25.0
1733.76,9.63,0.73,25.0
1734.84,9.61,0.72,25.0
1735.92,9.61,0.72,25.0
1737.01,9.62,0.74,25.0
1738.09,9.60,0.74,25.0
1739.17,9.60,0.73,25.0
1740.25,9.58,0.71,25.0
1741.33,9.62,0.70,25.0
1742.42,9.60,0.70,25.0
1743.50,9.63,0.72,25.0
1744.58,9.61,0.72,25.0
1745.67,9.63,0.70,25.0
1746.75,9.61,0.71,25.0
1747.83,9.62,0.70,25.0
1748.91,9.60,0.73,25.0
1749.99,9.59,0.72,25.0
1751.07,9.63,0.70,25.0
1752.16,9.60,0.73,25.0
1753.24,9.63,0.72,25.0
1754.32,9.62,0.70,25.0
1755.40,9.59,0.70,25.0
1756.49,9.60,0.71,25.0
1757.57,9.61,0.71,25.0
1758.65,9.62,0.73,25.0
1759.73,9.61,0.74,25.0
1760.82,9.59,0.72,25.0
1761.90,9.63,0.75,25.0
1762.98,9.63,0.72,25.0
1764.06,9.57,0.71,25.0
1765.15,9.61,0.73,25.0
1766.23,9.59,0.74,25.0
1767.31,9.59,0.72,25.0
1768.39,9.59,0.74,25.0
1769.47,9.60,0.73,25.0
1770.56,9.60,0.73,25.0
1771.64,9.61,0.73,25.0
1772.72,9.59,0.74,25.0
1773.80,9.60,0.75,25.0
1774.88,9.56,0.74,25.0
1775.97,9.60,0.73,25.0
1777.05,9.59,0.73,25.0
1778.13,9.59,0.72,25.0
1779.21,9.59,0.72,25.0
1780.30,9.58,0.73,25.0
1781.38,9.59,0.71,25.0
1782.46,9.58,0.70,25.0
1783.54,9.58,0.72,25.0
1784.63,9.60,0.74,25.0
1785.71,9.57,0.71,25.0
1786.79,9.56,0.72,25.0
1787.87,9.60,0.72,25.0
1788.95,9.60,0.73,25.0
1790.03,9.56,0.71,25.0
1791.12,9.57,0.73,25.0
1792.20,9.57,0.71,25.0
1793.28,9.57,0.72,25.0
1794.36,9.59,0.72,25.0
1795.45,9.58,0.70,25.0
1796.53,9.57,0.72,25.0
1797.61,9.58,0.70,25.0
1798.69,9.57,0.73,25.0
1799.78,9.58,0.74,25.0
1800.86,9.60,0.73,25.0
1801.94,9.56,0.71,25.0
1803.02,9.57,0.73,25.0
1804.11,9.56,0.73,25.0
1805.19,9.58,0.72,25.0
1806.27,9.56,0.70,25.0
1807.35,9.57,0.72,25.0
1808.44,9.55,0.71,25.0
1809.52,9.58,0.73,25.0
1810.60,9.59,0.71,25.0
1811.68,9.52,0.74,25.0
1812.76,9.53,0.70,25.0
1813.84,9.56,0.73,25.0
1814.93,9.54,0.72,25.0
1816.01,9.51,0.75,25.0
1817.09,9.56,0.73,25.0
1818.17,9.58,0.70,25.0
1819.26,9.57,0.70,25.0
1820.34,9.56,0.72,25.0
1821.42,9.55,0.72,25.0
1822.50,9.55,0.70,25.0
1823.59,9.56,0.70,25.0
1824.67,9.55,0.72,25.0
1825.75,9.57,0.73,25.0
1826.83,9.56,0.73,25.0
1827.92,9.56,0.71,25.0
1829.00,9.57,0.72,25.0
1830.08,9.57,0.72,25.0
1831.16,9.58,0.75,25.0
1832.25,9.57,0.72,25.0
1833.33,9.53,0.72,25.0
1834.41,9.57,0.73,25.0
1835.49,9.56,0.75,25.0
1836.57,9.57,0.74,25.0
1837.65,9.55,0.73,25.0
1838.74,9.54,0.73,25.0
1839.82,9.55,0.72,25.0
1840.90,9.55,0.76,25.0
1841.98,9.54,0.74,25.0
1843.07,9.55,0.71,25.0
1844.15,9.54,0.72,25.0
1845.23,9.55,0.74,25.0
1846.31,9.54,0.73,25.0
1847.40,9.56,0.70,25.0
1848.47,9.52,0.74,25.0
1849.56,9.52,0.74,25.0
1850.64,9.53,0.72,25.0
1851.72,9.52,0.75,25.0
1852.81,9.53,0.73,25.0
1853.89,9.53,0.75,25.0
1854.97,9.52,0.74,25.0
1856.05,9.54,0.72,25.0
1857.13,9.54,0.74,25.0
1858.22,9.49,0.71,25.0
1859.30,9.53,0.72,25.0
1860.38,9.50,0.72,25.0
1861.46,9.52,0.74,25.0
1862.55,9.53,0.73,25.0
1863.63,9.51,0.74,25.0
1864.71,9.51,0.71,25.0
1865.79,9.50,0.71,25.0
1866.88,9.52,0.71,25.0
1867.96,9.52,0.72,25.0
1869.04,9.52,0.71,25.0
1870.12,9.54,0.72,25.0
1871.21,9.51,0.71,25.0
1872.29,9.52,0.70,25.0
1873.37,9.51,0.71,25.0
1874.45,9.50,0.73,25.0
1875.53,9.50,0.73,25.0
1876.62,9.52,0.70,25.0
1877.70,9.50,0.74,25.0
1878.78,9.52,0.70,25.0
1879.86,9.50,0.72,25.0
1880.94,9.50,0.71,25.0
1882.03,9.50,0.71,25.0
1883.11,9.48,0.72,25.0
1884.19,9.49,0.72,25.0
1885.27,9.49,0.71,25.0
1886.36,9.51,0.74,25.0
1887.44,9.49,0.71,25.0
1888.52,9.52,0.71,25.0
1889.60,9.49,0.72,25.0
1890.69,9.51,0.73,25.0
1891.77,9.49,0.73,25.0
1892.85,9.50,0.73,25.0
1893.93,9.51,0.71,25.0
1895.02,9.49,0.71,25.0
1896.10,9.49,0.71,25.0
1897.18,9.50,0.71,25.0
1898.26,9.48,0.72,25.0
1899.34,9.50,0.73,25.0
1900.43,9.50,0.70,25.0
1901.51,9.51,0.71,25.0
1902.59,9.49,0.71,25.0
1903.67,9.49,0.70,25.0
1904.75,9.50,0.73,25.0
1905.84,9.50,0.72,25.0
1906.92,9.48,0.72,25.0
1908.00,9.50,0.71,25.0
1909.08,9.47,0.74,25.0
1910.17,9.48,0.71,25.0
1911.25,9.49,0.70,25.0
1912.33,9.48,0.71,25.0
1913.41,9.47,0.73,25.0
1914.50,9.46,0.70,25.0
1915.58,9.47,0.70,25.0
1916.66,9.47,0.72,25.0
1917.74,9.45,0.72,25.0
1918.83,9.49,0.72,25.0
1919.91,9.47,0.70,25.0
1920.99,9.48,0.71,25.0
1922.07,9.45,0.70,25.0
1923.16,9.46,0.72,25.0
1924.24,9.47,0.71,25.0
1925.32,9.46,0.72,25.0
1926.40,9.48,0.73,25.0
1927.48,9.46,0.74,25.0
1928.56,9.47,0.71,25.0
1929.65,9.46,0.70,25.0
1930.73,9.46,0.71,25.0
1931.81,9.44,0.70,25.0
1932.89,9.45,0.72,25.0
1933.98,9.44,0.69,25.0
1935.06,9.47,0.71,25.0
1936.14,9.46,0.69,25.0
1937.22,9.46,0.70,25.0
1938.31,9.45,0.71,25.0
1939.39,9.43,0.74,25.0
1940.47,9.44,0.70,25.0
1941.55,9.41,0.73,25.0
1942.64,9.44,0.72,25.0
1943.72,9.40,0.72,25.0
1944.80,9.46,0.73,25.0
1945.88,9.47,0.73,25.0
1946.97,9.38,0.70,25.0
1948.05,9.40,0.71,25.0
1949.13,9.44,0.68,25.0
1950.21,9.44,0.70,25.0
1951.30,9.38,0.70,25.0
1952.38,9.44,0.72,25.0
1953.46,9.41,0.71,25.0
1954.54,9.44,0.69,25.0
1955.62,9.37,0.74,25.0
1956.71,9.38,0.76,25.0
1957.79,9.47,0.65,25.0
1958.87,9.46,0.73,25.0
1959.95,9.43,0.71,25.0
1961.03,9.43,0.68,25.0
1962.12,9.45,0.74,25.0
1963.20,9.41,0.71,25.0
1964.28,9.45,0.70,25.0
1965.36,9.45,0.68,25.0
1966.45,9.45,0.70,25.0
1967.53,9.39,0.75,25.0
1968.61,9.41,0.72,25.0
1969.69,9.39,0.72,25.0
1970.78,9.42,0.72,25.0
1971.86,9.42,0.72,25.0
1972.94,9.42,0.70,25.0
1974.02,9.42,0.71,25.0
1975.10,9.40,0.73,25.0
1976.19,9.37,0.69,25.0
1977.27,9.38,0.72,25.0
1978.35,9.37,0.74,25.0
1979.44,9.36,0.73,25.0
1980.52,9.44,0.71,25.0
1981.60,9.38,0.69,25.0
1982.68,9.35,0.69,25.0
1983.76,9.40,0.73,25.0
1984.84,9.36,0.77,25.0
1985.93,9.37,0.72,25.0
1987.01,9.38,0.71,25.0
1988.09,9.39,0.71,25.0
1989.17,9.41,0.73,25.0
1990.26,9.34,0.69,25.0
1991.34,9.32,0.70,25.0
1992.42,9.40,0.74,25.0
1993.50,9.35,0.71,25.0
1994.59,9.41,0.70,25.0
1995.67,9.35,0.67,25.0
1996.75,9.36,0.69,25.0
1997.83,9.39,0.68,25.0
1998.92,9.37,0.70,25.0
2000.00,9.34,0.72,25.0
2001.08,9.37,0.70,25.0
2002.16,9.38,0.70,25.0
2003.25,9.36,0.68,25.0
2004.32,9.37,0.73,25.0
2005.41,9.37,0.73,25.0
2006.49,9.37,0.70,25.0
2007.57,9.35,0.70,25.0
2008.65,9.35,0.69,25.0
2009.74,9.38,0.72,25.0
2010.82,9.38,0.71,25.0
2011.90,9.34,0.68,25.0
2012.98,9.32,0.72,25.0
2014.07,9.34,0.71,25.0
2015.15,9.36,0.70,25.0
2016.23,9.35,0.71,25.0
2017.31,9.34,0.71,25.0
2018.40,9.34,0.74,25.0
2019.48,9.35,0.70,25.0
2020.56,9.35,0.73,25.0
2021.64,9.37,0.73,25.0
2022.72,9.33,0.72,25.0
2023.80,9.35,0.72,25.0
2024.89,9.34,0.72,25.0
2025.97,9.32,0.71,25.0
2027.05,9.34,0.71,25.0
2028.13,9.33,0.71,25.0
2029.22,9.31,0.73,25.0
2030.30,9.33,0.74,25.0
2031.38,9.32,0.71,25.0
2032.46,9.30,0.74,25.0
2033.55,9.32,0.71,25.0
2034.63,9.33,0.73,25.0
2035.71,9.33,0.72,25.0
2036.79,9.31,0.72,25.0
2037.88,9.32,0.71,25.0
2038.96,9.31,0.73,25.0
2040.04,9.31,0.73,25.0
2041.12,9.29,0.69,25.0
2042.20,9.29,0.72,25.0
2043.29,9.31,0.74,25.0
2044.37,9.30,0.73,25.0
2045.45,9.31,0.74,25.0
2046.53,9.31,0.71,25.0
2047.61,9.32,0.73,25.0
2048.70,9.29,0.72,25.0
2049.78,9.30,0.74,25.0
2050.86,9.29,0.73,25.0
2051.94,9.29,0.71,25.0
2053.03,9.28,0.74,25.0
2054.11,9.28,0.73,25.0
2055.19,9.26,0.71,25.0
2056.27,9.28,0.73,25.0
2057.36,9.28,0.73,25.0
2058.44,9.26,0.73,25.0
2059.52,9.27,0.72,25.0
2060.60,9.29,0.73,25.0
2061.68,9.28,0.71,25.0
2062.77,9.28,0.72,25.0
2063.85,9.26,0.73,25.0
2064.93,9.26,0.72,25.0
2066.01,9.28,0.73,25.0
2067.09,9.26,0.74,25.0
2068.18,9.28,0.69,25.0
2069.26,9.26,0.71,25.0
2070.34,9.24,0.71,25.0
2071.42,9.29,0.73,25.0
2072.51,9.26,0.72,25.0
2073.59,9.26,0.75,25.0
2074.67,9.24,0.69,25.0
2075.75,9.30,0.74,25.0
2076.84,9.24,0.71,25.0
2077.92,9.23,0.73,25.0
2079.00,9.26,0.72,25.0
2080.08,9.23,0.69,25.0
2081.17,9.26,0.71,25.0
2082.25,9.23,0.72,25.0
2083.33,9.22,0.73,25.0
2084.41,9.27,0.70,25.0
2085.50,9.18,0.72,25.0
2086.58,9.25,0.71,25.0
2087.66,9.24,0.71,25.0
2088.74,9.22,0.70,25.0
2089.83,9.24,0.72,25.0
2090.91,9.26,0.70,25.0
2091.99,9.20,0.71,25.0
2093.07,9.21,0.71,25.0
2094.15,9.22,0.70,25.0
2095.23,9.21,0.70,25.0
2096.32,9.23,0.70,25.0
2097.40,9.19,0.71,25.0
2098.48,9.22,0.71,25.0
2099.56,9.20,0.73,25.0
2100.65,9.26,0.72,25.0
2101.73,9.21,0.71,25.0
2102.81,9.17,0.69,25.0
2103.89,9.22,0.70,25.0
2104.98,9.18,0.72,25.0
2106.06,9.16,0.69,25.0
2107.14,9.20,0.71,25.0
2108.22,9.21,0.73,25.0
2109.30,9.18,0.72,25.0
2110.39,9.18,0.72,25.0
2111.47,9.16,0.73,25.0
2112.55,9.19,0.75,25.0
2113.63,9.16,0.70,25.0
2114.72,9.20,0.71,25.0
2115.80,9.19,0.71,25.0
2116.88,9.18,0.73,25.0
2117.96,9.19,0.73,25.0
2119.04,9.16,0.71,25.0
2120.13,9.18,0.71,25.0
2121.21,9.16,0.72,25.0
2122.29,9.19,0.73,25.0
2123.37,9.17,0.70,25.0
2124.46,9.14,0.70,25.0
2125.54,9.15,0.71,25.0
2126.62,9.10,0.69,25.0
2127.70,9.14,0.69,25.0
2128.79,9.18,0.71,25.0
2129.87,9.15,0.71,25.0
2130.95,9.20,0.71,25.0
2132.03,9.15,0.71,25.0
2133.11,9.16,0.70,25.0
2134.20,9.17,0.73,25.0
2135.28,9.12,0.68,25.0
2136.36,9.14,0.71,25.0
2137.44,9.09,0.70,25.0
2138.53,9.16,0.72,25.0
2139.61,9.17,0.71,25.0
2140.69,9.13,0.73,25.0
2141.77,9.14,0.73,25.0
2142.85,9.08,0.71,25.0
2143.94,9.11,0.70,25.0
2145.02,9.15,0.71,25.0
2146.10,9.13,0.71,25.0
2147.18,9.09,0.71,25.0
2148.27,9.13,0.68,25.0
2149.35,9.09,0.70,25.0
2150.43,9.10,0.72,25.0
2151.51,9.11,0.69,25.0
2152.60,9.09,0.67,25.0
2153.68,9.12,0.74,25.0
2154.76,9.09,0.72,25.0
2155.84,9.13,0.68,25.0
2156.92,9.09,0.68,25.0
2158.01,9.08,0.69,25.0
2159.09,9.12,0.73,25.0
2160.17,9.12,0.68,25.0
2161.25,9.10,0.70,25.0
2162.33,9.07,0.72,25.0
2163.42,9.05,0.77,25.0
2164.50,9.11,0.69,25.0
2165.58,9.05,0.74,25.0
2166.66,9.11,0.70,25.0
2167.75,9.05,0.70,25.0
2168.83,9.09,0.68,25.0
2169.91,9.04,0.77,25.0
2170.99,9.05,0.76,25.0
2172.08,9.09,0.68,25.0
2173.16,9.07,0.70,25.0
2174.24,9.02,0.72,25.0
2175.32,9.07,0.72,25.0
2176.41,9.07,0.70,25.0
2177.49,9.07,0.68,25.0
2178.57,9.08,0.70,25.0
2179.65,8.99,0.77,25.0
2180.73,9.08,0.69,25.0
2181.81,9.05,0.69,25.0
2182.90,9.09,0.71,25.0
2183.98,9.01,0.71,25.0
2185.06,9.08,0.73,25.0
2186.14,9.05,0.68,25.0
2187.23,9.04,0.74,25.0
2188.31,9.06,0.70,25.0
2189.39,9.08,0.69,25.0
2190.47,9.02,0.68,25.0
2191.56,9.00,0.76,25.0
2192.64,8.98,0.70,25.0
2193.72,9.02,0.73,25.0
2194.80,8.99,0.63,25.0
2195.89,9.04,0.71,25.0
2196.97,9.01,0.69,25.0
2198.05,9.05,0.74,25.0
2199.13,8.99,0.71,25.0
2200.22,8.97,0.69,25.0
2201.30,9.00,0.71,25.0
2202.38,8.99,0.77,25.0
2203.46,9.01,0.72,25.0
2204.54,8.99,0.64,25.0
2205.62,9.01,0.79,25.0
2206.71,9.00,0.71,25.0
2207.79,8.95,0.67,25.0
2208.87,8.97,0.70,25.0
2209.95,8.99,0.69,25.0
2211.04,8.92,0.68,25.0
2212.12,8.96,0.70,25.0
2213.20,9.01,0.69,25.0
2214.28,8.98,0.67,25.0
2215.37,8.95,0.72,25.0
2216.45,8.95,0.67,25.0
2217.53,8.93,0.67,25.0
2218.61,8.93,0.70,25.0
2219.70,8.93,0.65,25.0
2220.78,8.98,0.68,25.0
2221.86,8.95,0.70,25.0
2222.94,8.97,0.68,25.0
2224.03,8.94,0.70,25.0
2225.11,8.94,0.70,25.0
2226.19,8.92,0.75,25.0
2227.27,8.86,0.74,25.0
2228.35,8.95,0.66,25.0
2229.43,8.93,0.69,25.0
2230.52,8.91,0.70,25.0
2231.60,8.95,0.69,25.0
2232.68,8.91,0.69,25.0
2233.76,8.92,0.73,25.0
2234.85,8.90,0.71,25.0
2235.93,8.89,0.71,25.0
2237.01,8.87,0.68,25.0
2238.09,8.90,0.70,25.0
2239.18,8.87,0.67,25.0
2240.26,8.86,0.68,25.0
2241.34,8.87,0.69,25.0
2242.42,8.87,0.69,25.0
2243.51,8.86,0.69,25.0
2244.59,8.87,0.70,25.0
2245.67,8.86,0.67,25.0
2246.75,8.86,0.70,25.0
2247.83,8.85,0.72,25.0
2248.92,8.83,0.71,25.0
2250.00,8.84,0.70,25.0
2251.08,8.85,0.69,25.0
2252.16,8.84,0.68,25.0
2253.24,8.83,0.72,25.0
2254.33,8.84,0.71,25.0
2255.41,8.84,0.71,25.0
2256.49,8.84,0.70,25.0
2257.57,8.85,0.69,25.0
2258.66,8.82,0.71,25.0
2259.74,8.83,0.70,25.0
2260.82,8.82,0.72,25.0
2261.90,8.79,0.71,25.0
2262.99,8.81,0.71,25.0
2264.07,8.81,0.72,25.0
2265.15,8.79,0.69,25.0
2266.23,8.79,0.67,25.0
2267.31,8.78,0.69,25.0
2268.39,8.78,0.68,25.0
2269.48,8.77,0.69,25.0
2270.56,8.76,0.69,25.0
2271.64,8.75,0.69,25.0
2272.73,8.76,0.69,25.0
2273.81,8.76,0.70,25.0
2274.89,8.75,0.67,25.0
2275.97,8.72,0.72,25.0
2277.05,8.75,0.70,25.0
2278.14,8.73,0.69,25.0
2279.22,8.74,0.71,25.0
2280.30,8.71,0.70,25.0
2281.38,8.72,0.69,25.0
2282.47,8.72,0.69,25.0
2283.55,8.71,0.70,25.0
2284.63,8.70,0.68,25.0
2285.71,8.72,0.69,25.0
2286.80,8.70,0.71,25.0
2287.88,8.70,0.68,25.0
2288.96,8.69,0.70,25.0
2290.04,8.69,0.70,25.0
2291.12,8.69,0.71,25.0
2292.20,8.68,0.71,25.0
2293.29,8.67,0.70,25.0
2294.37,8.65,0.70,25.0
2295.45,8.65,0.71,25.0
2296.54,8.65,0.69,25.0
2297.62,8.66,0.70,25.0
2298.70,8.62,0.70,25.0
2299.78,8.63,0.67,25.0
2300.86,8.64,0.70,25.0
2301.95,8.62,0.70,25.0
2303.03,8.62,0.70,25.0
2304.11,8.61,0.69,25.0
2305.19,8.62,0.70,25.0
2306.28,8.59,0.70,25.0
2307.36,8.60,0.69,25.0
2308.44,8.59,0.70,25.0
2309.52,8.58,0.69,25.0
2310.61,8.58,0.69,25.0
2311.69,8.55,0.72,25.0
2312.77,8.56,0.69,25.0
2313.85,8.56,0.69,25.0
2314.93,8.55,0.68,25.0
2316.01,8.52,0.70,25.0
2317.10,8.53,0.68,25.0
2318.18,8.51,0.68,25.0
2319.26,8.52,0.69,25.0
2320.35,8.49,0.72,25.0
2321.43,8.51,0.69,25.0
2322.51,8.49,0.69,25.0
2323.59,8.49,0.70,25.0
2324.67,8.46,0.68,25.0
2325.76,8.46,0.70,25.0
2326.84,8.45,0.72,25.0
2327.92,8.44,0.70,25.0
2329.00,8.43,0.69,25.0
2330.09,8.42,0.69,25.0
2331.17,8.42,0.68,25.0
2332.25,8.41,0.68,25.0
2333.33,8.38,0.70,25.0
2334.41,8.37,0.69,25.0
2335.50,8.36,0.69,25.0
2336.58,8.36,0.68,25.0
2337.66,8.34,0.68,25.0
2338.75,8.33,0.68,25.0
2339.83,8.32,0.69,25.0
2340.91,8.31,0.69,25.0
2341.99,8.30,0.69,25.0
2343.07,8.30,0.68,25.0
2344.15,8.28,0.69,25.0
2345.24,8.27,0.69,25.0
2346.32,8.24,0.68,25.0
2347.40,8.26,0.70,25.0
2348.48,8.23,0.66,25.0
2349.57,8.20,0.66,25.0
2350.65,8.23,0.67,25.0
2351.73,8.21,0.67,25.0
2352.81,8.21,0.69,25.0
2353.90,8.16,0.67,25.0
2354.98,8.16,0.67,25.0
2356.06,8.17,0.67,25.0
2357.14,8.17,0.69,25.0
2358.22,8.14,0.67,25.0
2359.31,8.15,0.68,25.0
2360.39,8.11,0.68,25.0
2361.47,8.06,0.64,25.0
2362.55,8.04,0.66,25.0
2363.64,8.03,0.67,25.0
2364.72,8.07,0.66,25.0
2365.80,8.07,0.68,25.0
2366.88,8.02,0.66,25.0
2367.96,8.02,0.69,25.0
2369.05,8.01,0.66,25.0
2370.13,7.98,0.68,25.0
2371.21,7.98,0.68,25.0
2372.29,8.00,0.65,25.0
2373.38,7.95,0.65,25.0
2374.46,7.97,0.70,25.0
2375.54,7.97,0.67,25.0
2376.62,7.93,0.65,25.0
2377.71,7.95,0.67,25.0
2378.79,7.94,0.66,25.0
2379.87,7.91,0.66,25.0
2380.95,7.91,0.68,25.0
2382.03,7.89,0.67,25.0
2383.11,7.88,0.65,25.0
2384.20,7.87,0.66,25.0
2385.28,7.85,0.67,25.0
2386.36,7.84,0.67,25.0
2387.44,7.83,0.67,25.0
2388.53,7.83,0.67,25.0
2389.61,7.80,0.66,25.0
2390.69,7.82,0.68,25.0
2391.77,7.80,0.69,25.0
2392.86,7.80,0.68,25.0
2393.94,7.75,0.67,25.0
2395.02,7.76,0.68,25.0
2396.10,7.79,0.67,25.0
2397.19,7.74,0.66,25.0
2398.27,7.72,0.67,25.0
2399.35,7.72,0.67,25.0
2400.43,7.69,0.67,25.0
2401.52,7.69,0.65,25.0
2402.60,7.68,0.64,25.0
2403.68,7.68,0.69,25.0
2404.76,7.66,0.63,25.0
2405.84,7.64,0.66,25.0
2406.92,7.64,0.64,25.0
2408.01,7.62,0.68,25.0
2409.09,7.62,0.67,25.0
2410.17,7.59,0.66,25.0
2411.25,7.61,0.65,25.0
2412.34,7.59,0.67,25.0
2413.42,7.58,0.66,25.0
2414.50,7.56,0.67,25.0
2415.58,7.55,0.67,25.0
2416.67,7.55,0.65,25.0
2417.75,7.53,0.67,25.0
2418.83,7.53,0.66,25.0
2419.91,7.51,0.65,25.0
2421.00,7.50,0.67,25.0
2422.08,7.50,0.66,25.0
2423.16,7.49,0.67,25.0
2424.24,7.47,0.64,25.0
2425.32,7.45,0.65,25.0
2426.41,7.44,0.67,25.0
2427.49,7.44,0.63,25.0
2428.57,7.43,0.65,25.0
2429.65,7.43,0.65,25.0
2430.73,7.42,0.64,25.0
2431.82,7.41,0.64,25.0
2432.90,7.39,0.65,25.0
2433.98,7.39,0.65,25.0
2435.06,7.39,0.65,25.0
2436.15,7.36,0.65,25.0
