Time_s,Time_min,SoC_%,Voltage_V,Current_A,Speed_mps,Temperature_C
0.0,0.0,100.0,13.404,0.39,0.0,29.05
3.5,0.06,99.98,13.4,0.595,0.0,28.88
7.1,0.12,99.95,13.386,0.753,0.193,28.55
10.6,0.18,99.92,13.361,0.929,0.331,29.15
14.1,0.24,99.89,13.367,0.584,0.236,28.73
17.7,0.29,99.86,13.419,0.499,0.188,29.02
21.2,0.35,99.82,13.409,0.719,0.203,29.3
24.8,0.41,99.79,13.368,1.187,0.382,29.13
28.3,0.47,99.76,13.355,1.218,0.532,29.55
31.8,0.53,99.73,13.321,1.684,0.762,28.84
35.4,0.59,99.7,13.309,1.679,0.715,29.56
38.9,0.65,99.66,13.356,0.898,0.384,29.13
42.4,0.71,99.63,13.342,1.471,0.615,29.19
46.0,0.77,99.59,13.383,0.667,0.0,28.76
49.5,0.83,99.56,13.36,0.944,0.192,29.15
53.0,0.88,99.53,13.358,0.799,0.251,28.91
56.6,0.94,99.49,13.351,0.801,0.197,29.38
60.1,1.0,99.46,13.372,0.803,0.381,28.95
63.6,1.06,99.42,13.344,0.883,0.325,29.14
67.2,1.12,99.39,13.372,1.119,0.454,29.31
70.7,1.18,99.35,13.342,1.425,0.603,29.22
74.3,1.24,99.32,13.354,1.687,0.713,29.12
77.8,1.3,99.28,13.322,1.728,0.927,29.37
81.3,1.36,99.25,13.322,1.773,0.826,29.14
84.9,1.41,99.21,13.32,1.664,0.817,29.16
88.4,1.47,99.17,13.294,2.105,1.16,29.33
91.9,1.53,99.14,13.293,2.251,1.165,29.55
95.5,1.59,99.1,13.272,2.351,1.169,29.65
99.0,1.65,99.07,13.311,2.277,1.097,29.91
102.5,1.71,99.03,13.31,1.839,0.968,29.3
106.1,1.77,98.99,13.297,1.974,1.0,29.54
109.6,1.83,98.96,13.266,1.691,0.919,29.14
113.2,1.89,98.92,13.272,1.833,0.871,28.94
116.7,1.94,98.88,13.309,1.578,0.656,29.27
120.2,2.0,98.85,13.303,1.72,0.722,29.64
123.8,2.06,98.81,13.308,1.412,0.766,29.14
127.3,2.12,98.77,13.326,1.523,0.735,29.19
130.8,2.18,98.74,13.283,1.905,0.878,29.46
134.4,2.24,98.7,13.252,2.539,1.133,29.7
137.9,2.3,98.66,13.318,0.94,0.0,29.59
141.4,2.36,98.62,13.356,0.299,0.019,28.7
145.0,2.42,98.59,13.356,0.482,0.0,28.94
148.5,2.48,98.55,13.328,0.702,0.246,29.21
152.0,2.53,98.51,13.364,0.903,0.149,29.19
155.6,2.59,98.47,13.355,0.209,0.0,28.61
159.1,2.65,98.44,13.357,0.347,0.063,28.63
162.7,2.71,98.4,13.352,0.716,0.249,29.03
166.2,2.77,98.36,13.329,0.917,0.321,29.34
169.7,2.83,98.32,13.322,1.236,0.518,28.68
173.3,2.89,98.28,13.312,1.168,0.473,29.51
176.8,2.95,98.25,13.305,1.3,0.596,29.4
180.3,3.01,98.21,13.288,1.25,0.519,29.09
183.9,3.06,98.17,13.328,1.159,0.475,29.48
187.4,3.12,98.13,13.346,0.858,0.432,29.53
190.9,3.18,98.09,13.322,0.891,0.397,28.92
194.5,3.24,98.05,13.323,1.332,0.525,29.12
198.0,3.3,98.02,13.296,1.474,0.733,29.0
201.6,3.36,97.98,13.302,1.424,0.677,29.48
205.1,3.42,97.94,13.28,1.307,0.58,29.12
208.6,3.48,97.9,13.257,1.32,0.537,29.08
212.2,3.54,97.86,13.318,1.148,0.441,28.93
215.7,3.59,97.82,13.339,1.349,0.56,29.65
219.2,3.65,97.78,13.292,1.142,0.521,29.08
222.8,3.71,97.74,13.28,1.542,0.559,29.25
226.3,3.77,97.71,13.3,1.361,0.606,29.25
229.8,3.83,97.67,13.311,1.346,0.645,29.34
233.4,3.89,97.63,13.29,1.31,0.599,29.53
236.9,3.95,97.59,13.265,1.955,0.811,29.6
240.4,4.01,97.55,13.303,0.799,0.0,28.97
244.0,4.07,97.51,13.326,0.466,0.011,28.87
247.5,4.13,97.47,13.337,0.685,0.193,29.05
251.1,4.18,97.43,13.329,0.56,0.162,29.08
254.6,4.24,97.39,13.27,0.797,0.215,29.3
258.1,4.3,97.35,13.306,0.841,0.118,28.87
261.7,4.36,97.31,13.366,0.34,0.0,28.8
265.2,4.42,97.27,13.311,0.684,0.235,28.64
268.7,4.48,97.23,13.321,0.641,0.211,28.99
272.3,4.54,97.19,13.274,0.638,0.127,28.71
275.8,4.6,97.15,13.308,0.59,0.199,29.12
279.3,4.66,97.11,13.315,0.598,0.145,28.64
282.9,4.71,97.07,13.301,0.823,0.203,28.96
286.4,4.77,97.03,13.302,0.593,0.211,29.13
289.9,4.83,96.99,13.3,0.641,0.18,28.93
293.5,4.89,96.95,13.278,0.645,0.163,29.12
297.0,4.95,96.91,13.27,0.931,0.284,29.17
300.6,5.01,96.87,13.275,1.026,0.36,29.13
304.1,5.07,96.83,13.301,0.817,0.389,28.89
307.6,5.13,96.79,13.284,0.944,0.283,29.22
311.2,5.19,96.75,13.309,0.697,0.226,28.79
314.7,5.25,96.71,13.299,1.0,0.392,29.43
318.2,5.3,96.67,13.239,1.541,0.612,29.09
321.8,5.36,96.63,13.216,1.929,0.921,29.39
325.3,5.42,96.59,13.25,1.939,0.93,29.47
328.8,5.48,96.55,13.221,1.645,0.818,29.39
332.4,5.54,96.51,13.215,1.627,0.698,29.24
335.9,5.6,96.46,13.231,1.485,0.649,29.38
339.5,5.66,96.42,13.199,1.808,0.876,29.48
343.0,5.72,96.38,13.194,1.909,0.981,29.02
346.5,5.78,96.34,13.204,1.774,0.845,29.33
350.1,5.83,96.3,13.212,1.843,0.868,29.3
353.6,5.89,96.26,13.241,1.632,0.704,29.62
357.1,5.95,96.22,13.248,1.234,0.455,29.51
360.7,6.01,96.18,13.249,0.983,0.334,29.24
364.2,6.07,96.14,13.281,1.281,0.46,29.44
367.7,6.13,96.09,13.225,1.519,0.718,29.5
371.3,6.19,96.05,13.236,1.572,0.784,29.65
374.8,6.25,96.01,13.213,1.979,0.954,29.66
378.3,6.31,95.97,13.193,2.053,1.022,29.76
381.9,6.36,95.93,13.202,2.118,1.127,29.27
385.4,6.42,95.89,13.192,2.21,1.147,29.74
389.0,6.48,95.85,13.17,2.373,1.201,29.38
392.5,6.54,95.8,13.196,1.829,0.919,29.65
396.0,6.6,95.76,13.2,1.921,0.85,29.51
399.6,6.66,95.72,13.159,2.05,1.083,29.93
403.1,6.72,95.68,13.191,2.056,1.0,29.43
406.6,6.78,95.64,13.223,1.49,0.825,29.53
410.2,6.84,95.6,13.205,1.852,0.982,29.67
413.7,6.9,95.55,13.23,1.368,0.554,29.3
417.2,6.95,95.51,13.242,0.914,0.434,29.18
420.8,7.01,95.47,13.265,1.057,0.464,28.89
424.3,7.07,95.43,13.225,0.972,0.267,29.11
427.9,7.13,95.39,13.261,0.348,0.0,29.07
431.4,7.19,95.34,13.247,0.825,0.177,28.83
434.9,7.25,95.3,13.266,1.015,0.34,28.87
438.5,7.31,95.26,13.262,0.883,0.362,29.38
442.0,7.37,95.22,13.262,0.898,0.376,29.46
445.5,7.43,95.17,13.245,1.334,0.508,29.41
449.1,7.48,95.13,13.243,0.526,0.093,28.76
452.6,7.54,95.09,13.197,0.707,0.208,28.71
456.1,7.6,95.05,13.26,0.65,0.124,29.13
459.7,7.66,95.0,13.238,0.482,0.0,29.19
463.2,7.72,94.96,13.266,0.207,0.0,28.63
466.7,7.78,94.92,13.27,0.451,0.0,29.13
470.3,7.84,94.88,13.234,0.483,0.003,28.96
473.8,7.9,94.83,13.244,0.515,0.089,29.03
477.4,7.96,94.79,13.274,0.392,0.0,29.3
480.9,8.01,94.75,13.272,0.453,0.0,29.03
484.4,8.07,94.71,13.278,0.224,0.05,28.84
488.0,8.13,94.66,13.266,0.592,0.06,29.06
491.5,8.19,94.62,13.234,0.532,0.122,29.46
495.0,8.25,94.58,13.243,0.444,0.0,29.17
498.6,8.31,94.53,13.274,0.243,0.0,28.88
502.1,8.37,94.49,13.259,0.484,0.117,28.84
505.6,8.43,94.45,13.262,0.428,0.0,28.77
509.2,8.49,94.4,13.275,0.195,0.0,28.97
512.7,8.55,94.36,13.269,0.625,0.047,29.07
516.3,8.6,94.32,13.232,0.791,0.155,29.15
519.8,8.66,94.27,13.187,1.025,0.301,29.19
523.3,8.72,94.23,13.214,0.976,0.317,29.15
526.9,8.78,94.19,13.189,1.129,0.453,28.86
530.4,8.84,94.14,13.188,1.023,0.399,29.08
533.9,8.9,94.1,13.233,0.827,0.245,29.31
537.5,8.96,94.06,13.248,0.736,0.231,28.95
541.0,9.02,94.01,13.204,1.075,0.295,29.25
544.5,9.08,93.97,13.2,1.116,0.481,29.11
548.1,9.13,93.93,13.17,1.357,0.566,29.57
551.6,9.19,93.88,13.152,1.653,0.77,29.06
555.1,9.25,93.84,13.125,1.701,0.817,29.31
558.7,9.31,93.8,13.165,1.764,0.936,29.63
562.2,9.37,93.75,13.135,1.903,0.878,29.74
565.8,9.43,93.71,13.177,1.444,0.63,29.33
569.3,9.49,93.66,13.162,1.653,0.727,29.55
572.8,9.55,93.62,13.181,0.485,0.0,29.21
576.4,9.61,93.58,13.237,0.503,0.058,29.16
579.9,9.66,93.53,13.232,0.266,0.0,28.94
583.4,9.72,93.49,13.218,0.523,0.017,29.09
587.0,9.78,93.44,13.173,0.733,0.259,29.09
590.5,9.84,93.4,13.216,0.432,0.0,29.09
594.0,9.9,93.36,13.196,0.473,0.123,28.81
597.6,9.96,93.31,13.21,0.461,0.077,28.87
601.1,10.02,93.27,13.219,0.907,0.298,29.31
604.7,10.08,93.22,13.197,0.281,0.026,28.78
608.2,10.14,93.18,13.176,0.458,0.0,28.54
611.7,10.2,93.13,13.205,0.41,0.0,29.29
615.3,10.25,93.09,13.2,0.488,0.0,29.22
618.8,10.31,93.05,13.201,0.563,0.133,29.04
622.3,10.37,93.0,13.215,0.664,0.18,29.3
625.9,10.43,92.96,13.154,1.034,0.358,28.91
629.4,10.49,92.91,13.149,1.48,0.64,29.37
632.9,10.55,92.87,13.113,1.577,0.702,29.28
636.5,10.61,92.82,13.119,1.417,0.587,29.18
640.0,10.67,92.78,13.149,1.369,0.553,29.16
643.5,10.73,92.73,13.184,0.874,0.393,29.31
647.1,10.78,92.69,13.13,1.42,0.479,29.33
650.6,10.84,92.64,13.109,1.551,0.739,29.1
654.2,10.9,92.6,13.088,1.838,0.903,29.52
657.7,10.96,92.55,13.101,1.872,0.772,29.53
661.2,11.02,92.51,13.159,0.883,0.277,28.94
664.8,11.08,92.46,13.177,0.789,0.267,29.12
668.3,11.14,92.42,13.174,0.38,0.003,28.78
671.8,11.2,92.37,13.169,0.242,0.0,28.95
675.4,11.26,92.33,13.159,0.441,0.0,28.68
678.9,11.32,92.28,13.136,0.674,0.148,29.12
682.4,11.37,92.24,13.175,0.288,0.0,28.62
686.0,11.43,92.19,13.173,0.488,0.071,29.29
689.5,11.49,92.15,13.203,0.325,0.0,28.6
693.0,11.55,92.1,13.18,0.793,0.0,29.02
696.6,11.61,92.06,13.146,1.274,0.389,29.07
700.1,11.67,92.01,13.121,1.177,0.431,29.15
703.7,11.73,91.97,13.111,1.44,0.554,29.37
707.2,11.79,91.92,13.108,1.77,0.776,29.64
710.7,11.85,91.88,13.106,1.672,0.855,29.66
714.3,11.9,91.83,13.106,1.922,0.964,29.6
717.8,11.96,91.78,13.086,1.574,0.851,29.2
721.3,12.02,91.74,13.117,1.475,0.799,29.03
724.9,12.08,91.69,13.097,1.731,0.828,29.67
728.4,12.14,91.65,13.105,1.469,0.632,29.78
731.9,12.2,91.6,13.118,1.304,0.602,28.66
735.5,12.26,91.56,13.089,1.3,0.543,29.09
739.0,12.32,91.51,13.117,1.3,0.625,29.44
742.6,12.38,91.46,13.09,1.513,0.624,29.04
746.1,12.43,91.42,13.086,1.595,0.767,29.33
749.6,12.49,91.37,13.095,1.415,0.589,28.98
753.2,12.55,91.33,13.15,1.131,0.508,29.39
756.7,12.61,91.28,13.132,0.929,0.441,29.08
760.2,12.67,91.24,13.107,1.369,0.552,29.73
763.8,12.73,91.19,13.133,1.294,0.632,29.27
767.3,12.79,91.14,13.136,1.013,0.532,29.18
770.8,12.85,91.1,13.124,1.208,0.51,29.34
774.4,12.91,91.05,13.091,1.107,0.468,29.31
777.9,12.97,91.0,13.11,0.995,0.342,28.89
781.4,13.02,90.96,13.123,0.731,0.202,28.85
785.0,13.08,90.91,13.158,0.409,0.158,28.95
788.5,13.14,90.87,13.152,0.693,0.173,29.08
792.1,13.2,90.82,13.145,0.521,0.0,28.52
795.6,13.26,90.77,13.157,0.325,0.0,29.07
799.1,13.32,90.73,13.142,0.641,0.058,29.21
802.7,13.38,90.68,13.127,0.713,0.216,29.08
806.2,13.44,90.63,13.107,0.472,0.0,29.04
809.7,13.5,90.59,13.145,0.404,0.0,28.86
813.3,13.55,90.54,13.12,0.371,0.034,28.89
816.8,13.61,90.49,13.098,0.746,0.022,28.79
820.3,13.67,90.45,13.112,0.963,0.342,29.03
823.9,13.73,90.4,13.104,0.536,0.088,28.92
827.4,13.79,90.35,13.124,0.643,0.124,29.29
831.0,13.85,90.31,13.117,0.41,0.009,28.89
834.5,13.91,90.26,13.11,0.632,0.152,28.99
838.0,13.97,90.21,13.107,0.565,0.089,29.29
841.6,14.03,90.17,13.126,0.457,0.0,28.86
845.1,14.08,90.12,13.123,0.246,0.0,28.78
848.6,14.14,90.07,13.114,0.38,0.051,29.04
852.2,14.2,90.03,13.128,0.322,0.048,29.18
855.7,14.26,89.98,13.12,0.243,0.0,29.14
859.2,14.32,89.93,13.095,0.18,0.0,28.82
862.8,14.38,89.89,13.106,0.326,0.0,28.78
866.3,14.44,89.84,13.094,0.399,0.0,28.78
869.8,14.5,89.79,13.108,0.596,0.208,29.01
873.4,14.56,89.75,13.108,0.517,0.071,29.09
876.9,14.62,89.7,13.11,0.539,0.0,29.59
880.5,14.67,89.65,13.114,0.433,0.0,28.99
884.0,14.73,89.6,13.135,0.18,0.0,28.87
887.5,14.79,89.56,13.109,0.322,0.0,28.77
891.1,14.85,89.51,13.109,0.483,0.0,29.23
894.6,14.91,89.46,13.099,0.496,0.038,28.83
898.1,14.97,89.42,13.075,0.789,0.184,29.3
901.7,15.03,89.37,13.028,0.977,0.326,28.95
905.2,15.09,89.32,13.066,0.973,0.408,29.06
908.7,15.15,89.27,13.05,1.332,0.526,29.48
912.3,15.2,89.23,13.064,0.878,0.178,29.21
915.8,15.26,89.18,13.074,0.627,0.187,29.15
919.4,15.32,89.13,13.07,0.82,0.258,28.84
922.9,15.38,89.08,13.06,0.443,0.085,28.95
926.4,15.44,89.04,13.076,0.755,0.215,29.26
930.0,15.5,88.99,13.071,0.797,0.148,29.07
933.5,15.56,88.94,13.119,0.604,0.061,28.94
937.0,15.62,88.89,13.057,0.577,0.236,29.17
940.6,15.68,88.85,13.06,0.389,0.003,28.95
944.1,15.74,88.8,13.134,0.311,0.0,29.28
947.6,15.79,88.75,13.117,0.471,0.028,29.17
951.2,15.85,88.7,13.083,0.357,0.0,28.75
954.7,15.91,88.66,13.073,0.353,0.0,28.99
958.2,15.97,88.61,13.051,0.281,0.0,29.28
961.8,16.03,88.56,13.047,0.747,0.089,28.82
965.3,16.09,88.51,13.049,0.888,0.262,29.04
968.9,16.15,88.46,13.068,0.624,0.283,29.08
972.4,16.21,88.42,13.071,0.955,0.242,28.98
975.9,16.27,88.37,13.034,1.067,0.506,28.99
979.5,16.32,88.32,13.053,1.031,0.312,29.07
983.0,16.38,88.27,13.045,0.568,0.152,28.76
986.5,16.44,88.22,13.075,0.686,0.206,29.45
990.1,16.5,88.18,13.015,0.918,0.264,29.08
993.6,16.56,88.13,13.054,0.738,0.201,28.96
997.1,16.62,88.08,13.048,0.445,0.062,29.22
1000.7,16.68,88.03,13.041,0.835,0.223,29.23
1004.2,16.74,87.98,13.031,1.094,0.376,29.25
1007.8,16.8,87.94,13.006,1.362,0.513,29.21
1011.3,16.85,87.89,12.96,1.431,0.598,28.94
1014.8,16.91,87.84,13.019,1.414,0.64,29.13
1018.4,16.97,87.79,13.011,1.403,0.539,29.43
1021.9,17.03,87.74,13.024,1.059,0.418,29.0
1025.4,17.09,87.7,12.996,1.229,0.438,29.21
1029.0,17.15,87.65,13.01,0.712,0.168,28.98
1032.5,17.21,87.6,13.001,1.096,0.408,28.98
1036.0,17.27,87.55,12.986,0.924,0.327,29.04
1039.6,17.33,87.5,12.975,1.278,0.491,29.44
1043.1,17.39,87.45,13.011,1.232,0.523,29.17
1046.6,17.44,87.41,12.91,1.676,0.661,29.62
1050.2,17.5,87.36,13.02,0.895,0.255,29.49
1053.7,17.56,87.31,12.975,1.126,0.415,28.98
1057.3,17.62,87.26,13.019,0.905,0.356,29.13
1060.8,17.68,87.21,13.008,0.727,0.122,29.26
1064.3,17.74,87.16,13.024,0.611,0.111,28.95
1067.9,17.8,87.11,12.999,0.534,0.061,29.18
1071.4,17.86,87.07,12.992,1.006,0.182,29.22
1074.9,17.92,87.02,13.004,1.197,0.463,29.02
1078.5,17.97,86.97,13.019,0.622,0.0,29.12
1082.0,18.03,86.92,13.006,0.438,0.0,29.19
1085.5,18.09,86.87,13.028,0.599,0.094,28.98
1089.1,18.15,86.82,13.01,0.332,0.017,28.67
1092.6,18.21,86.77,13.052,0.217,0.0,29.09
1096.2,18.27,86.73,13.012,0.417,0.0,29.21
1099.7,18.33,86.68,13.007,0.712,0.107,28.97
1103.2,18.39,86.63,12.995,0.516,0.162,28.93
1106.8,18.45,86.58,13.017,0.672,0.163,29.2
1110.3,18.5,86.53,13.016,0.766,0.22,29.2
1113.8,18.56,86.48,13.022,0.274,0.0,29.33
1117.4,18.62,86.43,13.008,0.419,0.0,28.86
1120.9,18.68,86.39,12.958,0.572,0.094,28.91
1124.4,18.74,86.34,13.019,0.835,0.32,29.29
1128.0,18.8,86.29,12.957,1.187,0.4,29.46
1131.5,18.86,86.24,12.973,0.947,0.376,29.22
1135.0,18.92,86.19,13.021,0.971,0.32,29.16
1138.6,18.98,86.14,12.978,0.913,0.336,29.39
1142.1,19.04,86.09,12.924,1.321,0.551,29.39
1145.7,19.09,86.04,12.958,1.111,0.343,29.35
1149.2,19.15,85.99,13.005,0.535,0.028,28.93
1152.7,19.21,85.95,12.973,0.611,0.114,29.11
1156.3,19.27,85.9,12.986,0.367,0.0,29.26
1159.8,19.33,85.85,12.975,0.282,0.0,29.18
1163.3,19.39,85.8,12.952,0.479,0.059,28.9
1166.9,19.45,85.75,12.99,0.309,0.0,28.81
1170.4,19.51,85.7,12.959,0.382,0.0,28.65
1173.9,19.57,85.65,13.013,0.682,0.166,29.05
1177.5,19.62,85.6,12.959,0.443,0.034,29.2
1181.0,19.68,85.55,12.964,0.646,0.223,28.71
1184.5,19.74,85.5,12.987,0.414,0.025,28.89
1188.1,19.8,85.46,12.986,0.417,0.0,28.78
1191.6,19.86,85.41,12.937,0.908,0.176,29.26
1195.2,19.92,85.36,12.989,0.309,0.001,28.73
1198.7,19.98,85.31,12.992,0.392,0.0,28.98
1202.2,20.04,85.26,12.947,0.564,0.136,28.85
1205.8,20.1,85.21,12.995,0.54,0.081,29.35
1209.3,20.16,85.16,12.966,0.483,0.034,29.03
1212.8,20.21,85.11,12.953,0.342,0.0,28.69
1216.4,20.27,85.06,12.949,0.407,0.009,28.92
1219.9,20.33,85.01,12.927,0.744,0.161,29.28
1223.4,20.39,84.96,12.991,0.447,0.027,29.32
1227.0,20.45,84.91,12.99,0.386,0.0,29.34
1230.5,20.51,84.87,12.984,0.232,0.027,28.9
1234.1,20.57,84.82,12.945,0.488,0.092,29.13
1237.6,20.63,84.77,12.972,0.958,0.315,29.48
1241.1,20.69,84.72,12.919,0.795,0.305,29.17
1244.7,20.74,84.67,12.925,0.768,0.21,29.49
1248.2,20.8,84.62,12.957,0.613,0.064,29.51
1251.7,20.86,84.57,12.978,0.504,0.038,29.0
1255.3,20.92,84.52,12.915,0.372,0.0,29.17
1258.8,20.98,84.47,12.972,0.199,0.0,28.84
1262.3,21.04,84.42,12.928,0.565,0.072,29.34
1265.9,21.1,84.37,12.928,0.384,0.0,29.19
1269.4,21.16,84.32,12.95,0.504,0.0,28.98
1272.9,21.22,84.27,12.901,1.079,0.342,29.25
1276.5,21.27,84.22,12.919,0.93,0.367,29.48
1280.0,21.33,84.18,12.879,0.846,0.405,29.04
1283.6,21.39,84.13,12.905,1.239,0.46,29.72
1287.1,21.45,84.08,12.935,0.907,0.281,29.08
1290.6,21.51,84.03,12.92,0.332,0.0,28.92
1294.2,21.57,83.98,12.914,0.521,0.0,29.29
1297.7,21.63,83.93,12.94,0.581,0.126,28.99
1301.2,21.69,83.88,12.95,0.565,0.066,29.24
1304.8,21.75,83.83,12.926,0.737,0.266,29.33
1308.3,21.81,83.78,12.932,0.844,0.277,29.11
1311.8,21.86,83.73,12.855,0.977,0.304,29.28
1315.4,21.92,83.68,12.86,1.309,0.469,29.22
1318.9,21.98,83.63,12.91,0.859,0.337,29.39
1322.5,22.04,83.58,12.914,0.76,0.343,28.99
1326.0,22.1,83.53,12.909,0.613,0.233,29.15
1329.5,22.16,83.48,12.879,0.903,0.376,29.48
1333.1,22.22,83.43,12.881,1.108,0.296,29.31
1336.6,22.28,83.38,12.853,1.172,0.513,29.07
1340.1,22.34,83.34,12.858,1.271,0.487,29.52
1343.7,22.39,83.29,12.827,1.428,0.611,29.05
1347.2,22.45,83.24,12.836,1.34,0.653,29.43
1350.7,22.51,83.19,12.868,1.265,0.447,29.23
1354.3,22.57,83.14,12.901,0.937,0.279,29.35
1357.8,22.63,83.09,12.899,0.421,0.037,29.25
1361.3,22.69,83.04,12.893,0.601,0.045,29.45
1364.9,22.75,82.99,12.939,0.444,0.053,29.12
1368.4,22.81,82.94,12.851,0.887,0.278,29.54
1372.0,22.87,82.89,12.86,0.893,0.281,29.33
1375.5,22.92,82.84,12.885,0.774,0.294,29.38
1379.0,22.98,82.79,12.87,0.908,0.3,28.92
1382.6,23.04,82.74,12.883,0.866,0.322,29.25
1386.1,23.1,82.69,12.873,0.77,0.307,29.56
1389.6,23.16,82.64,12.884,1.137,0.375,29.32
1393.2,23.22,82.59,12.866,1.02,0.331,29.09
1396.7,23.28,82.54,12.885,0.99,0.242,29.27
1400.2,23.34,82.49,12.877,0.722,0.108,29.14
1403.8,23.4,82.44,12.875,0.372,0.0,29.0
1407.3,23.46,82.39,12.896,0.548,0.115,28.96
1410.9,23.51,82.35,12.899,0.383,0.083,28.95
1414.4,23.57,82.3,12.883,0.35,0.0,28.89
1417.9,23.63,82.25,12.86,0.479,0.0,28.79
1421.5,23.69,82.2,12.85,0.559,0.139,29.15
1425.0,23.75,82.15,12.87,0.492,0.106,29.36
1428.5,23.81,82.1,12.862,0.591,0.086,28.79
1432.1,23.87,82.05,12.876,0.454,0.0,28.8
1435.6,23.93,82.0,12.862,0.686,0.189,28.97
1439.1,23.99,81.95,12.838,1.024,0.421,29.15
1442.7,24.04,81.9,12.825,1.026,0.444,29.11
1446.2,24.1,81.85,12.875,0.727,0.234,29.2
1449.7,24.16,81.8,12.876,0.716,0.142,29.02
1453.3,24.22,81.75,12.88,0.625,0.098,29.23
1456.8,24.28,81.7,12.878,0.499,0.0,28.95
1460.4,24.34,81.65,12.865,0.601,0.166,28.39
1463.9,24.4,81.6,12.913,0.603,0.169,29.39
1467.4,24.46,81.55,12.862,0.723,0.305,29.25
1471.0,24.52,81.5,12.824,0.984,0.258,28.48
1474.5,24.57,81.45,12.813,0.845,0.267,29.12
1478.0,24.63,81.4,12.878,0.398,0.069,29.17
1481.6,24.69,81.35,12.858,0.43,0.131,29.0
1485.1,24.75,81.31,12.843,0.536,0.152,29.28
1488.6,24.81,81.26,12.85,0.618,0.181,29.15
1492.2,24.87,81.21,12.837,0.447,0.031,28.52
1495.7,24.93,81.16,12.816,0.881,0.211,28.64
1499.3,24.99,81.11,12.821,0.688,0.191,29.37
1502.8,25.05,81.06,12.812,0.951,0.284,29.59
1506.3,25.11,81.01,12.824,1.178,0.482,29.13
1509.9,25.16,80.96,12.78,1.348,0.536,29.43
1513.4,25.22,80.91,12.806,1.322,0.572,29.34
1516.9,25.28,80.86,12.783,1.486,0.671,29.33
1520.5,25.34,80.81,12.731,1.947,0.843,29.37
1524.0,25.4,80.76,12.81,1.426,0.731,29.41
1527.5,25.46,80.71,12.778,1.829,0.89,29.32
1531.1,25.52,80.66,12.757,1.664,0.81,29.41
1534.6,25.58,80.61,12.738,2.333,1.194,29.42
1538.1,25.64,80.56,12.731,2.011,1.102,29.16
1541.7,25.69,80.51,12.738,2.456,1.279,29.71
1545.2,25.75,80.46,12.746,2.102,1.12,29.53
1548.8,25.81,80.42,12.715,2.69,1.366,29.88
1552.3,25.87,80.37,12.677,2.914,1.566,29.89
1555.8,25.93,80.32,12.703,2.704,1.351,29.81
1559.4,25.99,80.27,12.711,2.429,1.29,29.59
1562.9,26.05,80.22,12.71,2.477,1.429,29.64
1566.4,26.11,80.17,12.728,2.203,1.314,29.73
1570.0,26.17,80.12,12.664,2.645,1.424,29.57
1573.5,26.23,80.07,12.7,2.718,1.559,29.91
1577.0,26.28,80.02,12.69,2.718,1.487,29.84
1580.6,26.34,79.97,12.681,2.695,1.548,29.68
1584.1,26.4,79.92,12.703,3.066,1.693,29.78
1587.6,26.46,79.87,12.723,2.655,1.601,29.76
1591.2,26.52,79.82,12.648,2.974,1.649,29.74
1594.7,26.58,79.77,12.641,3.271,1.76,30.08
1598.3,26.64,79.72,12.679,3.117,1.788,30.08
1601.8,26.7,79.67,12.65,3.134,1.759,30.02
1605.3,26.76,79.63,12.629,3.664,1.925,30.21
1608.9,26.81,79.58,12.63,3.554,2.154,29.72
1612.4,26.87,79.53,12.638,3.582,2.062,30.39
1615.9,26.93,79.48,12.594,4.11,2.212,30.52
1619.5,26.99,79.43,12.6,4.144,2.437,30.29
1623.0,27.05,79.38,12.59,4.224,2.443,30.2
1626.5,27.11,79.33,12.571,4.446,2.569,30.07
1630.1,27.17,79.28,12.6,4.114,2.309,30.23
1633.6,27.23,79.23,12.597,3.921,2.244,30.18
1637.2,27.29,79.18,12.556,4.383,2.425,30.38
1640.7,27.34,79.13,12.592,4.086,2.505,30.28
1644.2,27.4,79.08,12.567,4.222,2.432,29.98
1647.8,27.46,79.03,12.585,4.375,2.471,30.42
1651.3,27.52,78.99,12.58,4.206,2.312,30.11
1654.8,27.58,78.94,12.603,3.693,2.152,30.11
1658.4,27.64,78.89,12.609,4.1,2.339,30.13
1661.9,27.7,78.84,12.588,4.04,2.418,30.1
1665.4,27.76,78.79,12.584,4.101,2.332,30.07
1669.0,27.82,78.74,12.622,3.81,2.23,30.09
1672.5,27.88,78.69,12.596,4.059,2.33,30.04
1676.0,27.93,78.64,12.581,4.213,2.516,30.35
1679.6,27.99,78.59,12.591,4.095,2.423,30.56
1683.1,28.05,78.54,12.554,4.47,2.5,30.54
1686.7,28.11,78.49,12.565,4.204,2.466,30.43
1690.2,28.17,78.44,12.518,4.629,2.761,30.25
1693.7,28.23,78.4,12.527,4.644,2.767,30.44
1697.3,28.29,78.35,12.526,4.683,2.778,30.63
1700.8,28.35,78.3,12.539,4.968,3.085,30.57
1704.3,28.41,78.25,12.503,5.008,2.925,30.56
1707.9,28.46,78.2,12.551,4.451,2.694,30.39
1711.4,28.52,78.15,12.516,5.107,2.967,30.56
1714.9,28.58,78.1,12.512,5.139,3.077,30.38
1718.5,28.64,78.05,12.516,5.259,3.06,30.43
1722.0,28.7,78.0,12.501,4.749,2.839,30.82
1725.6,28.76,77.95,12.557,4.619,2.74,30.37
1729.1,28.82,77.91,12.515,4.507,2.697,30.25
1732.6,28.88,77.86,12.531,4.467,2.67,30.05
1736.2,28.94,77.81,12.526,4.791,2.754,30.69
1739.7,28.99,77.76,12.519,4.616,2.603,30.48
1743.2,29.05,77.71,12.517,4.363,2.58,30.37
1746.8,29.11,77.66,12.488,4.473,2.614,30.3
1750.3,29.17,77.61,12.521,4.536,2.66,30.24
1753.8,29.23,77.56,12.547,4.579,2.622,30.44
1757.4,29.29,77.51,12.561,4.238,2.452,29.83
1760.9,29.35,77.47,12.491,4.36,2.632,30.29
1764.4,29.41,77.42,12.531,4.406,2.559,30.39
1768.0,29.47,77.37,12.532,4.383,2.545,30.18
1771.5,29.53,77.32,12.513,4.225,2.558,30.12
1775.1,29.58,77.27,12.521,4.059,2.399,29.99
1778.6,29.64,77.22,12.518,4.234,2.569,30.25
1782.1,29.7,77.17,12.511,4.253,2.598,30.35
1785.7,29.76,77.12,12.496,4.621,2.752,30.67
1789.2,29.82,77.08,12.486,4.655,2.694,30.7
1792.7,29.88,77.03,12.499,4.977,2.854,30.71
1796.3,29.94,76.98,12.476,4.844,2.888,30.5
1799.8,30.0,76.93,12.483,4.728,2.862,30.27
1803.3,30.06,76.88,12.424,5.326,3.025,30.74
1806.9,30.11,76.83,12.447,5.473,3.308,30.67
1810.4,30.17,76.78,12.437,5.447,3.158,30.8
1814.0,30.23,76.73,12.449,4.918,2.84,30.9
1817.5,30.29,76.69,12.469,4.759,2.747,30.48
1821.0,30.35,76.64,12.478,4.806,2.768,30.22
1824.6,30.41,76.59,12.488,4.786,2.795,30.13
1828.1,30.47,76.54,12.499,4.941,2.883,30.77
1831.6,30.53,76.49,12.533,4.655,2.727,30.57
1835.2,30.59,76.44,12.492,4.427,2.698,30.01
1838.7,30.65,76.39,12.463,4.555,2.715,30.38
1842.2,30.7,76.35,12.482,4.646,2.674,30.08
1845.8,30.76,76.3,12.473,4.504,2.629,30.22
1849.3,30.82,76.25,12.505,4.161,2.456,30.34
1852.8,30.88,76.2,12.512,4.268,2.51,30.33
1856.4,30.94,76.15,12.522,3.854,2.32,30.45
1859.9,31.0,76.1,12.491,4.41,2.525,30.02
1863.5,31.06,76.05,12.483,4.426,2.464,29.83
1867.0,31.12,76.01,12.448,4.769,2.759,30.82
1870.5,31.18,75.96,12.425,5.105,2.964,30.59
1874.1,31.23,75.91,12.435,4.853,2.993,30.53
1877.6,31.29,75.86,12.457,5.038,2.947,30.58
1881.1,31.35,75.81,12.436,5.066,3.05,30.32
1884.7,31.41,75.76,12.463,4.864,2.936,30.05
1888.2,31.47,75.71,12.439,4.909,2.942,30.36
1891.7,31.53,75.67,12.453,4.687,2.809,30.16
1895.3,31.59,75.62,12.45,4.924,2.907,30.12
1898.8,31.65,75.57,12.462,4.562,2.724,30.34
1902.4,31.71,75.52,12.446,4.494,2.699,30.16
1905.9,31.76,75.47,12.45,4.421,2.699,30.6
1909.4,31.82,75.42,12.458,4.651,2.689,30.65
1913.0,31.88,75.38,12.409,4.764,2.808,30.6
1916.5,31.94,75.33,12.463,4.688,2.762,30.33
1920.0,32.0,75.28,12.454,4.671,2.802,30.69
1923.6,32.06,75.23,12.434,4.92,2.815,30.08
1927.1,32.12,75.18,12.453,4.818,2.871,30.82
1930.6,32.18,75.14,12.452,4.49,2.616,30.43
1934.2,32.24,75.09,12.475,4.425,2.477,30.32
1937.7,32.3,75.04,12.498,3.869,2.244,30.21
1941.2,32.35,74.99,12.481,3.831,2.114,30.26
1944.8,32.41,74.94,12.482,3.604,2.027,30.2
1948.3,32.47,74.89,12.478,3.99,2.288,30.25
1951.9,32.53,74.85,12.473,3.923,2.154,30.48
1955.4,32.59,74.8,12.483,3.597,2.003,30.18
1958.9,32.65,74.75,12.487,3.664,2.108,30.13
1962.5,32.71,74.7,12.483,3.496,1.948,29.7
1966.0,32.77,74.65,12.539,3.315,1.895,29.68
1969.5,32.83,74.61,12.522,2.93,1.748,29.79
1973.1,32.88,74.56,12.538,3.096,1.691,29.92
1976.6,32.94,74.51,12.564,2.395,1.377,29.65
1980.1,33.0,74.46,12.534,3.29,1.512,29.93
1983.7,33.06,74.41,12.622,1.155,0.0,29.54
1987.2,33.12,74.36,12.638,0.362,0.015,29.34
1990.7,33.18,74.32,12.661,0.427,0.011,28.89
1994.3,33.24,74.27,12.679,0.325,0.0,28.61
1997.8,33.3,74.22,12.629,0.373,0.0,29.19
2001.4,33.36,74.17,12.656,0.444,0.0,28.85
2004.9,33.41,74.12,12.655,0.913,0.248,29.01
2008.4,33.47,74.08,12.649,0.653,0.157,29.03
2012.0,33.53,74.03,12.65,0.861,0.358,29.56
2015.5,33.59,73.98,12.609,1.006,0.479,29.57
2019.0,33.65,73.93,12.593,1.011,0.372,29.34
2022.6,33.71,73.88,12.636,0.61,0.224,29.08
2026.1,33.77,73.84,12.609,1.012,0.404,29.57
2029.6,33.83,73.79,12.639,0.725,0.271,29.35
2033.2,33.89,73.74,12.614,0.866,0.403,28.97
2036.7,33.95,73.69,12.586,1.126,0.439,29.59
2040.3,34.0,73.65,12.616,0.91,0.345,29.1
2043.8,34.06,73.6,12.625,0.84,0.321,29.1
2047.3,34.12,73.55,12.58,0.701,0.212,29.12
2050.9,34.18,73.5,12.583,0.8,0.284,29.16
2054.4,34.24,73.45,12.633,0.572,0.16,28.87
2057.9,34.3,73.41,12.644,0.528,0.085,29.54
2061.5,34.36,73.36,12.622,0.247,0.0,28.66
2065.0,34.42,73.31,12.57,0.729,0.041,29.15
2068.5,34.48,73.26,12.567,0.819,0.259,28.89
2072.1,34.53,73.22,12.602,0.779,0.208,29.46
2075.6,34.59,73.17,12.588,0.691,0.089,29.06
2079.1,34.65,73.12,12.634,0.52,0.0,29.19
2082.7,34.71,73.07,12.613,0.388,0.034,28.92
2086.2,34.77,73.02,12.593,0.586,0.046,28.99
2089.8,34.83,72.98,12.617,0.18,0.001,28.88
2093.3,34.89,72.93,12.586,0.489,0.016,29.06
2096.8,34.95,72.88,12.6,0.547,0.0,29.19
2100.4,35.01,72.83,12.616,0.396,0.0,29.07
2103.9,35.07,72.79,12.575,0.425,0.0,28.84
2107.4,35.12,72.74,12.614,0.525,0.05,29.41
2111.0,35.18,72.69,12.615,0.413,0.098,29.06
2114.5,35.24,72.64,12.596,0.416,0.065,28.99
2118.0,35.3,72.59,12.567,0.475,0.055,29.13
2121.6,35.36,72.55,12.574,0.853,0.183,29.23
2125.1,35.42,72.5,12.568,0.895,0.268,29.3
2128.7,35.48,72.45,12.567,0.892,0.283,29.26
2132.2,35.54,72.4,12.582,0.752,0.22,29.38
2135.7,35.6,72.36,12.587,0.967,0.283,29.13
2139.3,35.65,72.31,12.523,1.286,0.562,29.34
2142.8,35.71,72.26,12.538,0.993,0.402,29.3
2146.3,35.77,72.21,12.574,0.959,0.399,29.35
2149.9,35.83,72.17,12.556,1.297,0.514,29.82
2153.4,35.89,72.12,12.526,1.511,0.629,29.45
2156.9,35.95,72.07,12.535,1.179,0.443,29.21
2160.5,36.01,72.02,12.569,1.041,0.307,29.42
2164.0,36.07,71.98,12.564,0.852,0.262,29.5
2167.5,36.13,71.93,12.567,0.542,0.183,29.01
2171.1,36.18,71.88,12.545,0.847,0.285,29.33
2174.6,36.24,71.83,12.543,1.093,0.381,29.25
2178.2,36.3,71.79,12.576,0.703,0.158,29.54
2181.7,36.36,71.74,12.599,0.567,0.137,29.25
2185.2,36.42,71.69,12.579,0.475,0.051,28.94
2188.8,36.48,71.64,12.569,0.493,0.083,29.06
2192.3,36.54,71.6,12.563,0.374,0.007,29.07
2195.8,36.6,71.55,12.581,0.2,0.0,29.32
2199.4,36.66,71.5,12.552,0.439,0.0,29.0
2202.9,36.72,71.45,12.569,0.826,0.246,29.2
2206.4,36.77,71.41,12.525,0.92,0.301,29.46
2210.0,36.83,71.36,12.535,0.98,0.364,28.9
2213.5,36.89,71.31,12.552,0.875,0.244,29.53
2217.1,36.95,71.26,12.571,0.648,0.021,29.88
2220.6,37.01,71.22,12.539,0.639,0.129,29.22
2224.1,37.07,71.17,12.588,0.565,0.08,29.25
2227.7,37.13,71.12,12.503,0.576,0.223,29.36
2231.2,37.19,71.07,12.525,0.6,0.254,29.17
2234.7,37.25,71.03,12.513,1.024,0.335,29.27
2238.3,37.3,70.98,12.544,0.891,0.412,29.16
2241.8,37.36,70.93,12.521,1.004,0.393,29.48
2245.3,37.42,70.88,12.56,0.58,0.113,28.93
2248.9,37.48,70.84,12.539,0.548,0.079,29.14
2252.4,37.54,70.79,12.553,0.601,0.101,29.32
2255.9,37.6,70.74,12.565,0.398,0.0,29.18
2259.5,37.66,70.7,12.556,0.518,0.077,29.08
2263.0,37.72,70.65,12.57,0.276,0.0,28.85
2266.6,37.78,70.6,12.577,0.381,0.0,29.13
2270.1,37.83,70.55,12.514,0.699,0.08,29.13
2273.6,37.89,70.51,12.554,0.315,0.0,28.88
2277.2,37.95,70.46,12.501,0.512,0.193,28.84
2280.7,38.01,70.41,12.519,0.458,0.086,28.78
2284.2,38.07,70.36,12.581,0.276,0.0,28.9
2287.8,38.13,70.32,12.543,0.596,0.097,28.92
2291.3,38.19,70.27,12.516,0.994,0.299,29.22
2294.8,38.25,70.22,12.498,1.186,0.434,29.17
2298.4,38.31,70.17,12.476,1.388,0.582,29.3
2301.9,38.37,70.13,12.45,1.666,0.791,29.27
2305.5,38.42,70.08,12.474,1.59,0.762,29.75
2309.0,38.48,70.03,12.492,1.289,0.606,29.13
2312.5,38.54,69.99,12.439,1.246,0.528,29.61
2316.1,38.6,69.94,12.461,1.196,0.459,29.38
2319.6,38.66,69.89,12.487,1.24,0.447,29.62
2323.1,38.72,69.84,12.486,0.75,0.315,28.86
2326.7,38.78,69.8,12.484,1.034,0.377,29.47
2330.2,38.84,69.75,12.536,0.704,0.201,29.13
2333.7,38.9,69.7,12.504,1.143,0.535,29.16
2337.3,38.95,69.65,12.496,0.734,0.176,28.98
2340.8,39.01,69.61,12.486,0.658,0.15,28.95
2344.3,39.07,69.56,12.53,0.493,0.137,29.25
2347.9,39.13,69.51,12.547,0.386,0.102,29.16
2351.4,39.19,69.46,12.504,0.331,0.0,29.08
2355.0,39.25,69.42,12.514,0.629,0.0,29.37
2358.5,39.31,69.37,12.462,1.072,0.349,29.31
2362.0,39.37,69.32,12.454,1.163,0.492,29.22
2365.6,39.43,69.28,12.482,1.026,0.432,29.27
2369.1,39.48,69.23,12.473,1.152,0.408,28.93
2372.6,39.54,69.18,12.473,0.98,0.296,29.26
2376.2,39.6,69.13,12.465,0.857,0.131,28.92
2379.7,39.66,69.09,12.447,0.723,0.159,29.23
2383.2,39.72,69.04,12.56,0.283,0.0,28.91
2386.8,39.78,68.99,12.503,0.347,0.0,29.14
2390.3,39.84,68.94,12.506,0.501,0.0,29.17
2393.9,39.9,68.9,12.535,0.241,0.0,29.2
2397.4,39.96,68.85,12.464,0.777,0.158,29.08
2400.9,40.02,68.8,12.489,0.409,0.0,29.1
2404.5,40.07,68.75,12.488,0.32,0.004,29.15
2408.0,40.13,68.71,12.454,0.397,0.075,29.17
2411.5,40.19,68.66,12.465,0.495,0.042,28.98
2415.1,40.25,68.61,12.463,0.991,0.313,29.39
2418.6,40.31,68.57,12.452,0.978,0.398,29.24
2422.1,40.37,68.52,12.453,1.145,0.523,29.15
2425.7,40.43,68.47,12.442,1.117,0.34,28.89
2429.2,40.49,68.42,12.434,1.575,0.736,29.62
2432.7,40.55,68.38,12.414,1.507,0.733,29.77
2436.3,40.6,68.33,12.419,1.512,0.671,29.25
2439.8,40.66,68.28,12.441,1.534,0.628,29.24
2443.4,40.72,68.23,12.428,1.279,0.551,29.62
2446.9,40.78,68.19,12.476,1.095,0.387,29.51
2450.4,40.84,68.14,12.431,0.708,0.266,29.39
2454.0,40.9,68.09,12.407,1.318,0.523,29.45
2457.5,40.96,68.04,12.412,1.346,0.575,29.46
2461.0,41.02,68.0,12.404,1.562,0.679,29.32
2464.6,41.08,67.95,12.428,1.75,0.876,30.01
2468.1,41.14,67.9,12.415,1.712,0.855,29.41
2471.6,41.19,67.85,12.403,1.647,0.916,29.29
2475.2,41.25,67.81,12.383,1.989,0.956,29.78
2478.7,41.31,67.76,12.36,1.863,1.05,29.47
2482.2,41.37,67.71,12.387,1.838,1.02,29.43
2485.8,41.43,67.66,12.405,1.98,1.092,29.91
2489.3,41.49,67.62,12.346,2.23,1.241,29.57
2492.9,41.55,67.57,12.346,2.191,1.161,29.96
2496.4,41.61,67.52,12.353,2.327,1.176,29.79
2499.9,41.67,67.47,12.375,2.204,1.068,29.41
2503.5,41.72,67.43,12.381,2.277,1.111,29.71
2507.0,41.78,67.38,12.396,1.881,0.919,29.5
2510.5,41.84,67.33,12.372,1.701,0.89,29.45
2514.1,41.9,67.28,12.408,1.913,1.026,29.62
2517.6,41.96,67.24,12.35,1.849,0.916,29.13
2521.1,42.02,67.19,12.36,1.771,0.823,29.54
2524.7,42.08,67.14,12.393,1.474,0.696,29.63
2528.2,42.14,67.09,12.359,1.595,0.689,29.56
2531.8,42.2,67.05,12.367,1.992,0.953,29.48
2535.3,42.25,67.0,12.455,0.744,0.0,29.47
2538.8,42.31,66.95,12.449,0.294,0.0,29.13
2542.4,42.37,66.9,12.394,0.39,0.0,29.22
2545.9,42.43,66.86,12.415,0.787,0.196,29.24
2549.4,42.49,66.81,12.413,0.981,0.287,29.63
2553.0,42.55,66.76,12.376,1.485,0.586,29.89
2556.5,42.61,66.71,12.363,1.554,0.735,29.07
2560.0,42.67,66.67,12.387,1.22,0.409,29.05
2563.6,42.73,66.62,12.381,0.896,0.345,29.2
2567.1,42.79,66.57,12.409,0.782,0.333,29.1
2570.6,42.84,66.52,12.394,0.92,0.295,29.61
2574.2,42.9,66.48,12.397,0.728,0.254,29.17
2577.7,42.96,66.43,12.406,1.385,0.474,29.36
2581.3,43.02,66.38,12.364,1.279,0.603,29.01
2584.8,43.08,66.33,12.385,1.388,0.722,29.43
2588.3,43.14,66.29,12.379,1.368,0.62,29.56
2591.9,43.2,66.24,12.376,1.621,0.702,29.65
2595.4,43.26,66.19,12.327,1.168,0.346,29.07
2598.9,43.32,66.14,12.4,0.628,0.057,29.21
2602.5,43.37,66.09,12.386,0.509,0.0,29.51
2606.0,43.43,66.05,12.399,0.682,0.129,29.52
2609.5,43.49,66.0,12.421,0.275,0.0,29.23
2613.1,43.55,65.95,12.396,0.464,0.0,29.32
2616.6,43.61,65.9,12.451,0.266,0.0,28.8
2620.2,43.67,65.86,12.421,0.465,0.0,28.87
2623.7,43.73,65.81,12.371,0.846,0.149,29.16
2627.2,43.79,65.76,12.427,0.793,0.206,29.01
2630.8,43.85,65.71,12.357,1.063,0.445,28.89
2634.3,43.9,65.66,12.357,1.08,0.434,29.25
2637.8,43.96,65.62,12.403,0.76,0.233,29.44
2641.4,44.02,65.57,12.376,0.593,0.107,29.25
2644.9,44.08,65.52,12.373,0.882,0.279,29.22
2648.4,44.14,65.47,12.372,0.918,0.432,29.44
2652.0,44.2,65.42,12.389,1.013,0.413,29.28
2655.5,44.26,65.38,12.354,0.665,0.235,28.99
2659.0,44.32,65.33,12.34,1.248,0.447,29.48
2662.6,44.38,65.28,12.358,1.308,0.559,29.37
2666.1,44.44,65.23,12.342,1.17,0.511,29.43
2669.7,44.49,65.18,12.341,1.261,0.545,29.36
2673.2,44.55,65.14,12.353,1.228,0.542,29.07
2676.7,44.61,65.09,12.325,1.406,0.618,29.55
2680.3,44.67,65.04,12.332,1.198,0.56,29.1
2683.8,44.73,64.99,12.319,1.221,0.445,29.48
2687.3,44.79,64.94,12.36,1.043,0.495,29.31
2690.9,44.85,64.9,12.345,1.267,0.619,29.26
2694.4,44.91,64.85,12.312,1.542,0.671,29.47
2697.9,44.97,64.8,12.334,1.199,0.445,29.4
2701.5,45.02,64.75,12.328,0.884,0.344,29.21
2705.0,45.08,64.7,12.349,1.148,0.387,29.24
2708.6,45.14,64.66,12.339,0.823,0.134,29.36
2712.1,45.2,64.61,12.366,0.559,0.149,28.92
2715.6,45.26,64.56,12.364,0.656,0.128,28.63
2719.2,45.32,64.51,12.362,0.71,0.195,29.05
2722.7,45.38,64.46,12.418,0.335,0.056,29.17
2726.2,45.44,64.41,12.368,0.52,0.085,29.37
2729.8,45.5,64.37,12.331,0.483,0.0,29.27
2733.3,45.56,64.32,12.37,0.365,0.0,29.25
2736.8,45.61,64.27,12.35,0.842,0.139,29.48
2740.4,45.67,64.22,12.305,0.898,0.303,28.94
2743.9,45.73,64.17,12.337,0.584,0.0,28.84
2747.4,45.79,64.12,12.361,0.372,0.0,28.93
2751.0,45.85,64.08,12.357,0.566,0.034,29.31
2754.5,45.91,64.03,12.301,1.104,0.348,29.18
2758.1,45.97,63.98,12.329,0.878,0.385,29.33
2761.6,46.03,63.93,12.315,1.142,0.505,29.16
2765.1,46.09,63.88,12.31,1.431,0.529,29.47
2768.7,46.14,63.83,12.354,0.754,0.157,29.23
2772.2,46.2,63.79,12.334,0.679,0.189,29.36
2775.7,46.26,63.74,12.341,0.927,0.339,29.29
2779.3,46.32,63.69,12.298,1.054,0.237,29.42
2782.8,46.38,63.64,12.342,0.248,0.0,29.19
2786.3,46.44,63.59,12.336,0.481,0.033,28.77
2789.9,46.5,63.54,12.309,0.618,0.171,29.35
2793.4,46.56,63.49,12.332,0.443,0.121,29.51
2797.0,46.62,63.44,12.315,0.868,0.165,28.97
2800.5,46.67,63.4,12.335,0.762,0.278,29.1
2804.0,46.73,63.35,12.322,0.728,0.139,29.56
2807.6,46.79,63.3,12.313,0.945,0.406,29.15
2811.1,46.85,63.25,12.324,0.751,0.343,29.28
2814.6,46.91,63.2,12.281,0.808,0.438,29.14
2818.2,46.97,63.15,12.292,1.03,0.345,29.33
2821.7,47.03,63.1,12.306,1.086,0.317,29.33
2825.2,47.09,63.05,12.304,1.043,0.381,28.96
2828.8,47.15,63.01,12.311,0.924,0.323,29.09
2832.3,47.21,62.96,12.316,0.572,0.141,29.25
2835.8,47.26,62.91,12.318,0.642,0.173,28.91
2839.4,47.32,62.86,12.301,0.662,0.16,29.18
2842.9,47.38,62.81,12.275,0.412,0.098,28.76
2846.5,47.44,62.76,12.325,0.573,0.0,29.26
2850.0,47.5,62.71,12.305,0.876,0.227,29.32
2853.5,47.56,62.66,12.254,1.182,0.412,29.27
2857.1,47.62,62.61,12.289,0.729,0.0,29.28
2860.6,47.68,62.57,12.287,0.55,0.018,29.85
2864.1,47.74,62.52,12.339,0.291,0.0,28.92
2867.7,47.79,62.47,12.283,0.528,0.111,28.92
2871.2,47.85,62.42,12.302,0.742,0.229,28.82
2874.7,47.91,62.37,12.232,1.475,0.549,29.41
2878.3,47.97,62.32,12.296,1.125,0.57,29.75
2881.8,48.03,62.27,12.26,1.436,0.667,29.25
2885.3,48.09,62.22,12.26,1.205,0.564,29.36
2888.9,48.15,62.17,12.227,1.338,0.549,29.63
2892.4,48.21,62.12,12.254,1.647,0.863,29.53
2896.0,48.27,62.07,12.238,1.481,0.625,29.26
2899.5,48.32,62.02,12.229,1.123,0.351,29.12
2903.0,48.38,61.98,12.265,0.961,0.324,29.21
2906.6,48.44,61.93,12.26,1.268,0.527,29.25
2910.1,48.5,61.88,12.247,1.436,0.585,29.15
2913.6,48.56,61.83,12.243,1.449,0.768,29.41
2917.2,48.62,61.78,12.242,1.416,0.655,29.45
2920.7,48.68,61.73,12.226,1.564,0.74,29.62
2924.2,48.74,61.68,12.209,2.098,0.997,30.08
2927.8,48.8,61.63,12.172,2.225,1.185,29.55
2931.3,48.86,61.58,12.164,2.053,0.96,29.94
2934.9,48.91,61.53,12.203,1.747,0.917,29.9
2938.4,48.97,61.48,12.186,2.084,1.082,29.7
2941.9,49.03,61.43,12.173,1.955,1.075,29.37
2945.5,49.09,61.38,12.199,1.723,0.854,29.36
2949.0,49.15,61.33,12.148,2.082,0.965,29.59
2952.5,49.21,61.28,12.194,1.663,0.584,29.95
2956.1,49.27,61.23,12.242,1.214,0.536,29.5
2959.6,49.33,61.18,12.214,1.08,0.527,29.35
2963.1,49.39,61.13,12.221,1.152,0.445,29.22
2966.7,49.44,61.08,12.236,1.212,0.501,29.3
2970.2,49.5,61.03,12.234,1.469,0.671,29.85
2973.7,49.56,60.98,12.222,1.35,0.586,29.35
2977.3,49.62,60.93,12.177,1.408,0.629,29.6
2980.8,49.68,60.88,12.221,1.091,0.542,29.09
2984.4,49.74,60.84,12.22,1.556,0.74,29.72
2987.9,49.8,60.79,12.202,1.257,0.598,29.58
2991.4,49.86,60.74,12.22,1.28,0.527,29.31
2995.0,49.92,60.69,12.205,1.44,0.527,29.18
2998.5,49.98,60.64,12.191,0.97,0.297,29.36
3002.0,50.03,60.59,12.233,0.572,0.286,29.12
3005.6,50.09,60.54,12.206,0.919,0.31,29.07
3009.1,50.15,60.49,12.228,0.767,0.283,29.22
3012.6,50.21,60.44,12.225,1.056,0.35,29.84
3016.2,50.27,60.39,12.225,0.799,0.157,29.24
3019.7,50.33,60.34,12.225,1.089,0.351,29.12
3023.3,50.39,60.29,12.215,0.452,0.0,29.32
3026.8,50.45,60.24,12.237,0.208,0.0,28.74
3030.3,50.51,60.18,12.243,0.358,0.0,29.21
3033.9,50.56,60.13,12.266,0.27,0.0,29.24
3037.4,50.62,60.08,12.22,0.517,0.0,29.19
3040.9,50.68,60.03,12.244,0.489,0.0,29.17
3044.5,50.74,59.98,12.205,0.529,0.089,28.98
3048.0,50.8,59.93,12.224,0.919,0.264,28.75
3051.5,50.86,59.88,12.253,0.754,0.228,29.46
3055.1,50.92,59.83,12.219,0.605,0.029,29.11
3058.6,50.98,59.78,12.241,0.324,0.0,29.24
3062.1,51.04,59.73,12.252,0.441,0.0,29.36
3065.7,51.09,59.68,12.258,0.277,0.0,29.16
3069.2,51.15,59.63,12.244,0.195,0.0,29.11
3072.8,51.21,59.58,12.282,0.24,0.013,28.8
3076.3,51.27,59.53,12.238,0.377,0.0,29.07
3079.8,51.33,59.48,12.205,0.772,0.167,29.15
3083.4,51.39,59.43,12.202,0.919,0.375,29.21
3086.9,51.45,59.38,12.183,1.168,0.511,29.95
3090.4,51.51,59.33,12.176,1.221,0.452,29.08
3094.0,51.57,59.28,12.149,1.575,0.713,29.74
3097.5,51.63,59.23,12.202,1.245,0.523,29.34
3101.0,51.68,59.18,12.185,0.94,0.406,29.08
3104.6,51.74,59.13,12.183,1.017,0.252,29.24
3108.1,51.8,59.07,12.18,0.851,0.36,29.05
3111.7,51.86,59.02,12.171,1.18,0.463,29.32
3115.2,51.92,58.97,12.134,1.657,0.603,29.07
3118.7,51.98,58.92,12.205,0.582,0.0,28.98
3122.3,52.04,58.87,12.199,0.434,0.004,29.22
3125.8,52.1,58.82,12.186,0.589,0.166,28.9
3129.3,52.16,58.77,12.179,0.534,0.067,29.04
3132.9,52.21,58.72,12.17,0.951,0.333,29.49
3136.4,52.27,58.67,12.176,0.524,0.0,29.38
3139.9,52.33,58.62,12.214,0.34,0.0,29.1
3143.5,52.39,58.57,12.163,0.897,0.195,29.25
3147.0,52.45,58.52,12.149,1.04,0.356,29.07
3150.5,52.51,58.46,12.19,0.571,0.22,29.2
3154.1,52.57,58.41,12.186,0.738,0.297,29.54
3157.6,52.63,58.36,12.161,0.916,0.32,29.35
3161.2,52.69,58.31,12.131,0.761,0.152,29.23
3164.7,52.74,58.26,12.166,0.508,0.0,28.75
3168.2,52.8,58.21,12.162,0.529,0.055,29.05
3171.8,52.86,58.16,12.162,0.631,0.122,29.14
3175.3,52.92,58.11,12.135,1.232,0.365,29.47
3178.8,52.98,58.06,12.145,1.181,0.514,29.32
3182.4,53.04,58.0,12.138,1.107,0.409,29.4
3185.9,53.1,57.95,12.15,1.043,0.437,29.14
3189.4,53.16,57.9,12.134,1.44,0.618,29.73
3193.0,53.22,57.85,12.123,1.407,0.634,29.31
3196.5,53.28,57.8,12.13,1.604,0.631,29.31
3200.1,53.33,57.75,12.13,1.351,0.679,29.62
3203.6,53.39,57.7,12.086,1.52,0.683,29.51
3207.1,53.45,57.64,12.126,1.657,0.771,29.6
3210.7,53.51,57.59,12.133,1.564,0.727,29.77
3214.2,53.57,57.54,12.097,1.653,0.83,29.62
3217.7,53.63,57.49,12.142,1.388,0.613,29.09
3221.3,53.69,57.44,12.091,1.319,0.601,29.56
3224.8,53.75,57.39,12.115,1.453,0.647,29.02
3228.3,53.81,57.34,12.073,1.713,0.709,29.79
3231.9,53.86,57.28,12.115,1.169,0.402,29.45
3235.4,53.92,57.23,12.106,0.937,0.429,29.56
3238.9,53.98,57.18,12.144,0.712,0.324,29.34
3242.5,54.04,57.13,12.105,1.01,0.354,29.34
3246.0,54.1,57.08,12.13,1.225,0.557,29.69
3249.6,54.16,57.03,12.102,1.031,0.377,29.08
3253.1,54.22,56.97,12.117,1.179,0.495,29.21
3256.6,54.28,56.92,12.092,1.084,0.513,29.28
3260.2,54.34,56.87,12.081,1.236,0.587,29.53
3263.7,54.39,56.82,12.108,1.116,0.422,29.87
3267.2,54.45,56.77,12.149,0.805,0.245,28.9
3270.8,54.51,56.72,12.149,0.391,0.0,29.35
3274.3,54.57,56.66,12.133,0.444,0.0,29.05
3277.8,54.63,56.61,12.114,0.662,0.206,29.28
3281.4,54.69,56.56,12.154,0.64,0.107,29.06
3284.9,54.75,56.51,12.111,0.454,0.001,29.01
3288.5,54.81,56.46,12.136,0.402,0.0,28.98
3292.0,54.87,56.4,12.167,0.365,0.0,29.19
3295.5,54.93,56.35,12.115,0.311,0.011,29.24
3299.1,54.98,56.3,12.145,0.244,0.0,28.95
3302.6,55.04,56.25,12.106,0.497,0.027,28.96
3306.1,55.1,56.2,12.133,0.454,0.042,28.93
3309.7,55.16,56.14,12.147,0.449,0.0,28.75
3313.2,55.22,56.09,12.177,0.278,0.0,29.01
3316.7,55.28,56.04,12.148,0.354,0.0,29.17
3320.3,55.34,55.99,12.137,0.218,0.0,29.19
3323.8,55.4,55.94,12.112,0.458,0.047,29.16
3327.3,55.46,55.88,12.109,0.313,0.026,29.3
3330.9,55.51,55.83,12.095,0.256,0.0,29.13
3334.4,55.57,55.78,12.138,0.37,0.0,29.42
3338.0,55.63,55.73,12.073,0.447,0.066,29.8
3341.5,55.69,55.67,12.119,0.532,0.088,29.14
3345.0,55.75,55.62,12.1,0.661,0.225,29.87
3348.6,55.81,55.57,12.123,0.71,0.159,28.96
3352.1,55.87,55.52,12.073,0.937,0.328,29.56
3355.6,55.93,55.47,12.103,0.736,0.191,29.04
3359.2,55.99,55.41,12.077,1.255,0.451,29.61
3362.7,56.05,55.36,12.067,1.254,0.559,29.02
3366.2,56.1,55.31,12.035,1.528,0.626,29.31
3369.8,56.16,55.26,12.042,1.453,0.54,29.29
3373.3,56.22,55.2,12.038,0.936,0.312,29.2
3376.8,56.28,55.15,12.081,0.859,0.284,29.14
3380.4,56.34,55.1,12.092,0.598,0.242,29.12
3383.9,56.4,55.05,12.062,0.662,0.232,29.69
3387.5,56.46,54.99,12.058,1.105,0.367,29.07
3391.0,56.52,54.94,12.052,1.351,0.477,29.26
3394.5,56.58,54.89,12.035,1.411,0.569,29.58
3398.1,56.63,54.84,12.004,1.328,0.555,29.79
3401.6,56.69,54.78,12.085,0.934,0.231,29.18
3405.1,56.75,54.73,12.074,0.458,0.083,29.09
3408.7,56.81,54.68,12.053,1.026,0.382,29.16
3412.2,56.87,54.63,12.013,1.12,0.349,29.02
3415.7,56.93,54.57,11.995,1.44,0.586,29.95
3419.3,56.99,54.52,12.004,1.582,0.769,29.6
3422.8,57.05,54.47,12.002,1.647,0.841,29.47
3426.4,57.11,54.42,12.01,1.507,0.804,29.42
3429.9,57.16,54.36,11.996,1.687,0.76,29.57
3433.4,57.22,54.31,12.005,1.806,0.873,29.91
3437.0,57.28,54.26,12.005,1.727,0.765,29.44
3440.5,57.34,54.2,12.043,1.31,0.712,29.81
3444.0,57.4,54.15,11.995,1.892,0.893,29.44
3447.6,57.46,54.1,11.961,2.147,1.104,29.87
3451.1,57.52,54.05,11.994,1.795,0.671,29.27
3454.6,57.58,53.99,12.026,1.348,0.688,28.95
3458.2,57.64,53.94,12.046,1.358,0.54,29.59
3461.7,57.7,53.89,12.021,0.919,0.378,29.19
3465.2,57.75,53.83,12.026,1.237,0.525,29.1
3468.8,57.81,53.78,12.015,0.977,0.408,29.27
3472.3,57.87,53.73,12.014,1.289,0.626,29.23
3475.9,57.93,53.68,11.987,1.256,0.539,29.57
3479.4,57.99,53.62,12.021,1.259,0.544,29.47
3482.9,58.05,53.57,11.995,1.253,0.582,29.24
3486.5,58.11,53.52,12.0,1.194,0.453,29.41
3490.0,58.17,53.46,12.037,1.171,0.438,29.47
3493.5,58.23,53.41,12.032,0.946,0.32,29.52
3497.1,58.28,53.36,11.978,1.012,0.381,29.17
3500.6,58.34,53.3,11.985,1.202,0.455,29.31
3504.1,58.4,53.25,12.006,1.024,0.275,29.31
3507.7,58.46,53.2,12.022,0.701,0.232,29.16
3511.2,58.52,53.15,11.981,1.255,0.512,29.53
3514.8,58.58,53.09,11.984,1.295,0.561,29.49
3518.3,58.64,53.04,11.987,1.405,0.686,29.85
3521.8,58.7,52.99,12.007,1.366,0.602,29.18
3525.4,58.76,52.93,11.929,1.878,0.872,29.37
3528.9,58.81,52.88,11.943,1.851,1.085,29.65
3532.4,58.87,52.83,11.965,1.836,0.927,29.38
3536.0,58.93,52.77,11.996,1.432,0.803,29.75
3539.5,58.99,52.72,11.962,1.807,0.78,29.32
3543.0,59.05,52.67,11.943,1.327,0.637,29.53
3546.6,59.11,52.61,11.958,1.35,0.712,29.13
3550.1,59.17,52.56,11.957,1.156,0.575,29.46
3553.6,59.23,52.51,11.987,1.032,0.376,28.86
3557.2,59.29,52.45,11.98,1.43,0.559,29.91
3560.7,59.35,52.4,11.931,1.42,0.785,29.57
3564.3,59.4,52.35,11.917,1.406,0.681,29.53
3567.8,59.46,52.29,11.926,1.426,0.675,29.87
3571.3,59.52,52.24,11.952,1.306,0.622,29.17
3574.9,59.58,52.19,11.967,1.456,0.695,29.25
3578.4,59.64,52.13,11.938,1.348,0.591,29.81
3581.9,59.7,52.08,11.93,1.303,0.589,29.87
3585.5,59.76,52.03,11.948,1.342,0.683,29.25
3589.0,59.82,51.97,11.92,1.723,0.758,29.28
3592.5,59.88,51.92,11.934,1.729,0.864,29.81
3596.1,59.93,51.87,11.952,1.668,0.852,29.75
3599.6,59.99,51.81,11.903,1.849,0.94,29.25
3603.2,60.05,51.76,11.928,1.681,0.762,29.73
3606.7,60.11,51.71,11.924,1.324,0.68,29.39
3610.2,60.17,51.65,11.931,1.344,0.65,29.25
3613.8,60.23,51.6,11.909,1.52,0.726,29.73
3617.3,60.29,51.55,11.933,1.283,0.534,29.5
3620.8,60.35,51.49,11.92,1.494,0.566,29.57
3624.4,60.41,51.44,11.931,1.505,0.728,29.45
3627.9,60.47,51.39,11.926,1.445,0.657,29.42
3631.4,60.52,51.33,11.911,1.499,0.626,29.39
3635.0,60.58,51.28,11.881,1.874,0.974,30.04
3638.5,60.64,51.23,11.954,1.571,0.755,29.61
3642.0,60.7,51.17,11.903,1.786,0.934,29.81
3645.6,60.76,51.12,11.871,1.933,0.863,29.82
3649.1,60.82,51.07,11.897,2.178,1.065,29.84
3652.7,60.88,51.01,11.871,1.812,0.932,29.59
3656.2,60.94,50.96,11.896,1.981,1.048,29.42
3659.7,61.0,50.91,11.909,1.821,0.9,29.37
3663.3,61.05,50.85,11.886,1.696,0.812,29.25
3666.8,61.11,50.8,11.923,1.702,0.991,29.95
3670.3,61.17,50.75,11.962,1.63,0.809,29.48
3673.9,61.23,50.69,11.884,1.674,0.866,29.54
3677.4,61.29,50.64,11.899,1.698,0.769,29.46
3680.9,61.35,50.59,11.9,1.273,0.524,29.48
3684.5,61.41,50.53,11.908,1.155,0.537,29.26
3688.0,61.47,50.48,11.901,1.448,0.622,29.31
3691.6,61.53,50.42,11.897,1.664,0.713,29.37
3695.1,61.58,50.37,11.883,1.547,0.733,29.57
3698.6,61.64,50.32,11.89,1.436,0.663,29.83
3702.2,61.7,50.26,11.901,1.428,0.652,29.63
3705.7,61.76,50.21,11.899,1.742,0.77,29.44
3709.2,61.82,50.16,11.875,1.871,1.015,29.6
3712.8,61.88,50.1,11.857,1.673,0.902,29.66
3716.3,61.94,50.05,11.864,1.957,1.02,29.99
3719.8,62.0,50.0,11.837,1.934,0.949,29.87
3723.4,62.06,49.94,11.876,1.857,0.916,29.44
3726.9,62.12,49.89,11.867,1.716,0.851,29.8
3730.4,62.17,49.84,11.862,1.668,1.003,29.69
3734.0,62.23,49.78,11.845,1.893,0.964,29.96
3737.5,62.29,49.73,11.856,1.993,1.014,29.8
3741.1,62.35,49.67,11.853,1.941,0.881,29.65
3744.6,62.41,49.62,11.86,1.819,0.793,29.61
3748.1,62.47,49.57,11.879,1.413,0.687,29.67
3751.7,62.53,49.51,11.844,1.9,0.987,29.66
3755.2,62.59,49.46,11.863,1.505,0.731,29.71
3758.7,62.65,49.41,11.871,1.54,0.744,29.64
3762.3,62.7,49.35,11.839,1.988,1.005,29.38
3765.8,62.76,49.3,11.881,1.53,0.747,29.03
3769.3,62.82,49.25,11.807,2.188,1.024,29.68
3772.9,62.88,49.19,11.823,2.117,1.104,30.03
3776.4,62.94,49.14,11.797,2.62,1.425,29.71
3779.9,63.0,49.09,11.806,2.348,1.263,29.95
3783.5,63.06,49.03,11.808,2.204,1.22,29.66
3787.0,63.12,48.98,11.798,2.498,1.461,29.63
3790.6,63.18,48.92,11.795,2.579,1.373,30.03
3794.1,63.23,48.87,11.803,2.581,1.459,30.46
3797.6,63.29,48.82,11.779,2.652,1.512,29.83
3801.2,63.35,48.76,11.763,2.902,1.587,29.88
3804.7,63.41,48.71,11.748,2.972,1.628,30.12
3808.2,63.47,48.66,11.763,3.168,1.751,29.99
3811.8,63.53,48.6,11.778,3.149,1.846,30.08
3815.3,63.59,48.55,11.73,3.629,1.843,30.28
3818.8,63.65,48.5,11.745,2.986,1.371,29.68
3822.4,63.71,48.44,11.788,2.123,0.927,29.48
3825.9,63.77,48.39,11.799,1.845,1.036,29.85
3829.5,63.82,48.33,11.81,1.968,1.008,29.66
3833.0,63.88,48.28,11.765,2.218,1.214,29.91
3836.5,63.94,48.23,11.842,2.098,1.198,29.66
3840.1,64.0,48.17,11.778,2.305,1.229,29.37
3843.6,64.06,48.12,11.796,2.331,1.193,30.25
3847.1,64.12,48.07,11.812,2.129,1.063,29.81
3850.7,64.18,48.01,11.767,2.266,0.994,29.82
3854.2,64.24,47.96,11.819,1.767,0.706,29.69
3857.7,64.3,47.91,11.823,1.215,0.582,29.29
3861.3,64.35,47.85,11.835,1.388,0.571,29.54
3864.8,64.41,47.8,11.785,1.746,0.825,29.31
3868.3,64.47,47.75,11.776,1.591,0.737,29.64
3871.9,64.53,47.69,11.787,1.913,0.863,29.81
3875.4,64.59,47.64,11.781,2.195,1.048,29.4
3879.0,64.65,47.59,11.795,1.978,0.976,29.75
3882.5,64.71,47.53,11.776,2.191,1.058,29.85
3886.0,64.77,47.48,11.766,2.107,1.095,29.78
3889.6,64.83,47.42,11.799,1.908,1.109,29.65
3893.1,64.89,47.37,11.741,2.299,1.089,29.73
3896.6,64.94,47.32,11.728,2.594,1.473,29.93
3900.2,65.0,47.26,11.754,2.225,1.189,29.31
3903.7,65.06,47.21,11.751,2.307,1.26,29.9
3907.2,65.12,47.16,11.776,2.007,1.074,29.75
3910.8,65.18,47.1,11.757,2.435,1.205,30.13
3914.3,65.24,47.05,11.718,2.941,1.484,30.34
3917.9,65.3,47.0,11.722,2.977,1.605,29.76
3921.4,65.36,46.94,11.68,3.307,1.391,30.09
3924.9,65.42,46.89,11.828,0.789,0.0,29.5
3928.5,65.47,46.84,11.797,1.433,0.404,29.37
3932.0,65.53,46.78,11.776,1.554,0.697,29.6
3935.5,65.59,46.73,11.8,1.636,0.711,29.65
3939.1,65.65,46.68,11.764,1.869,0.99,29.75
3942.6,65.71,46.62,11.764,1.808,1.003,29.36
3946.1,65.77,46.57,11.779,2.101,1.117,29.66
3949.7,65.83,46.52,11.741,2.17,1.092,29.71
3953.2,65.89,46.46,11.723,2.465,1.257,30.15
3956.7,65.95,46.41,11.708,2.133,1.316,29.91
3960.3,66.0,46.36,11.708,2.638,1.401,29.71
3963.8,66.06,46.3,11.717,2.245,1.258,29.99
3967.4,66.12,46.25,11.699,2.807,1.476,29.85
3970.9,66.18,46.2,11.717,2.664,1.313,29.78
3974.4,66.24,46.14,11.698,2.011,1.124,29.73
3978.0,66.3,46.09,11.688,2.54,1.289,30.31
3981.5,66.36,46.04,11.714,2.619,1.409,29.78
3985.0,66.42,45.98,11.707,2.333,1.398,29.86
3988.6,66.48,45.93,11.69,2.509,1.4,30.07
3992.1,66.54,45.88,11.734,2.492,1.442,29.93
3995.6,66.59,45.82,11.678,2.543,1.347,29.52
3999.2,66.65,45.77,11.72,2.279,1.194,29.58
4002.7,66.71,45.72,11.687,2.352,1.277,29.79
4006.3,66.77,45.66,11.703,2.411,1.259,29.52
4009.8,66.83,45.61,11.688,2.466,1.282,29.84
4013.3,66.89,45.56,11.716,2.25,1.144,29.85
4016.9,66.95,45.5,11.73,2.08,1.13,29.55
4020.4,67.01,45.45,11.715,1.941,1.042,29.53
4023.9,67.07,45.4,11.743,2.067,1.058,29.79
4027.5,67.12,45.34,11.721,2.157,1.234,29.86
4031.0,67.18,45.29,11.698,2.589,1.301,30.26
4034.5,67.24,45.24,11.688,2.368,1.046,29.89
4038.1,67.3,45.18,11.793,0.799,0.0,29.59
4041.6,67.36,45.13,11.743,0.902,0.303,29.47
4045.1,67.42,45.08,11.751,0.95,0.422,29.13
4048.7,67.48,45.03,11.762,1.22,0.509,29.03
4052.2,67.54,44.97,11.762,1.04,0.342,29.37
4055.8,67.6,44.92,11.758,0.929,0.351,29.5
4059.3,67.65,44.87,11.814,0.778,0.248,29.21
4062.8,67.71,44.81,11.752,0.651,0.246,29.62
4066.4,67.77,44.76,11.785,0.715,0.157,29.59
4069.9,67.83,44.71,11.802,0.308,0.0,29.1
4073.4,67.89,44.65,11.77,0.445,0.071,29.5
4077.0,67.95,44.6,11.791,0.349,0.0,29.34
4080.5,68.01,44.55,11.762,0.647,0.077,29.34
4084.0,68.07,44.49,11.719,0.793,0.183,29.38
4087.6,68.13,44.44,11.737,0.794,0.193,29.61
4091.1,68.19,44.39,11.768,0.893,0.346,29.66
4094.7,68.24,44.34,11.767,0.618,0.198,29.38
4098.2,68.3,44.28,11.771,0.644,0.044,29.32
4101.7,68.36,44.23,11.778,0.304,0.0,29.23
4105.3,68.42,44.18,11.788,0.266,0.0,29.33
4108.8,68.48,44.12,11.771,0.301,0.0,29.27
4112.3,68.54,44.07,11.758,0.266,0.0,29.25
4115.9,68.6,44.02,11.784,0.36,0.0,28.97
4119.4,68.66,43.97,11.754,0.294,0.0,28.82
4122.9,68.72,43.91,11.756,0.534,0.0,29.37
4126.5,68.77,43.86,11.744,0.633,0.15,29.28
4130.0,68.83,43.81,11.759,1.08,0.422,29.63
4133.5,68.89,43.75,11.719,0.926,0.461,29.32
4137.1,68.95,43.7,11.741,0.716,0.147,29.42
4140.6,69.01,43.65,11.745,0.856,0.183,29.56
4144.2,69.07,43.6,11.742,0.756,0.279,29.41
4147.7,69.13,43.54,11.757,0.709,0.261,29.5
4151.2,69.19,43.49,11.74,0.749,0.261,29.16
4154.8,69.25,43.44,11.731,1.034,0.369,29.26
4158.3,69.3,43.39,11.758,0.835,0.216,29.05
4161.8,69.36,43.33,11.717,0.581,0.257,29.42
4165.4,69.42,43.28,11.738,0.749,0.22,29.63
4168.9,69.48,43.23,11.728,1.1,0.312,29.72
4172.4,69.54,43.17,11.707,0.41,0.0,29.42
4176.0,69.6,43.12,11.774,0.293,0.0,28.96
4179.5,69.66,43.07,11.767,0.238,0.0,28.36
4183.1,69.72,43.02,11.714,0.285,0.0,28.8
4186.6,69.78,42.96,11.768,0.188,0.0,29.29
4190.1,69.84,42.91,11.733,0.383,0.0,29.03
4193.7,69.89,42.86,11.757,0.276,0.0,29.45
4197.2,69.95,42.81,11.748,0.364,0.0,29.26
4200.7,70.01,42.75,11.72,0.297,0.0,29.56
4204.3,70.07,42.7,11.739,0.287,0.0,29.15
4207.8,70.13,42.65,11.724,0.557,0.0,29.07
4211.3,70.19,42.6,11.713,0.368,0.042,29.4
4214.9,70.25,42.54,11.74,0.432,0.073,29.51
4218.4,70.31,42.49,11.706,0.35,0.009,29.24
4221.9,70.37,42.44,11.742,0.402,0.0,29.34
4225.5,70.42,42.39,11.762,0.259,0.0,29.07
4229.0,70.48,42.34,11.715,0.45,0.0,29.75
4232.6,70.54,42.28,11.713,0.446,0.0,29.22
4236.1,70.6,42.23,11.706,0.489,0.021,29.08
4239.6,70.66,42.18,11.703,0.529,0.165,29.09
4243.2,70.72,42.13,11.7,0.353,0.0,29.55
4246.7,70.78,42.07,11.725,0.18,0.0,29.63
4250.2,70.84,42.02,11.707,0.229,0.0,29.23
4253.8,70.9,41.97,11.703,0.487,0.0,29.27
4257.3,70.96,41.92,11.689,0.433,0.0,29.06
4260.8,71.01,41.86,11.69,0.715,0.123,29.54
4264.4,71.07,41.81,11.692,0.435,0.0,29.47
4267.9,71.13,41.76,11.691,0.318,0.0,29.77
4271.4,71.19,41.71,11.688,0.339,0.0,29.03
4275.0,71.25,41.66,11.711,0.354,0.0,28.99
4278.5,71.31,41.6,11.678,0.293,0.0,29.51
4282.1,71.37,41.55,11.676,0.91,0.27,29.55
4285.6,71.43,41.5,11.668,0.891,0.27,29.59
4289.1,71.49,41.45,11.689,0.757,0.2,29.29
4292.7,71.54,41.4,11.684,0.655,0.204,28.83
4296.2,71.6,41.34,11.634,1.071,0.392,29.69
4299.7,71.66,41.29,11.659,1.037,0.433,29.42
4303.3,71.72,41.24,11.642,1.191,0.448,29.27
4306.8,71.78,41.19,11.648,0.926,0.297,29.31
4310.3,71.84,41.14,11.651,0.601,0.114,29.27
4313.9,71.9,41.08,11.7,0.595,0.257,29.59
4317.4,71.96,41.03,11.684,0.647,0.215,29.37
4321.0,72.02,40.98,11.644,0.85,0.214,29.25
4324.5,72.07,40.93,11.684,0.407,0.074,29.54
4328.0,72.13,40.88,11.66,0.764,0.141,29.01
4331.6,72.19,40.82,11.648,0.709,0.229,28.91
4335.1,72.25,40.77,11.661,0.489,0.269,29.46
4338.6,72.31,40.72,11.639,0.759,0.164,29.47
4342.2,72.37,40.67,11.653,0.44,0.08,29.15
4345.7,72.43,40.62,11.656,0.424,0.0,29.32
4349.2,72.49,40.56,11.673,0.527,0.0,29.32
4352.8,72.55,40.51,11.634,0.566,0.122,28.96
4356.3,72.61,40.46,11.685,0.354,0.0,29.02
4359.8,72.66,40.41,11.655,0.712,0.145,29.62
4363.4,72.72,40.36,11.688,0.675,0.216,29.29
4366.9,72.78,40.31,11.658,0.625,0.0,29.25
4370.5,72.84,40.25,11.642,0.589,0.0,29.24
4374.0,72.9,40.2,11.641,0.478,0.0,29.76
4377.5,72.96,40.15,11.642,0.27,0.007,29.14
4381.1,73.02,40.1,11.639,0.509,0.053,28.95
4384.6,73.08,40.05,11.661,0.541,0.111,29.53
4388.1,73.14,40.0,11.619,0.904,0.387,29.39
4391.7,73.19,39.94,11.632,0.767,0.251,29.69
4395.2,73.25,39.89,11.62,0.798,0.263,29.68
4398.7,73.31,39.84,11.586,0.664,0.208,29.41
4402.3,73.37,39.79,11.661,0.889,0.282,29.25
4405.8,73.43,39.74,11.593,0.945,0.328,29.62
4409.4,73.49,39.69,11.636,0.899,0.312,29.16
4412.9,73.55,39.64,11.626,0.847,0.297,29.37
4416.4,73.61,39.58,11.603,0.922,0.333,29.4
4420.0,73.67,39.53,11.584,0.87,0.164,29.34
4423.5,73.72,39.48,11.582,0.735,0.175,29.45
4427.0,73.78,39.43,11.649,0.522,0.0,29.53
4430.6,73.84,39.38,11.634,0.269,0.0,28.74
4434.1,73.9,39.33,11.62,0.242,0.0,29.04
4437.6,73.96,39.28,11.603,0.404,0.0,29.52
4441.2,74.02,39.22,11.627,0.385,0.0,29.35
4444.7,74.08,39.17,11.616,0.478,0.004,28.88
4448.2,74.14,39.12,11.615,0.306,0.0,29.11
4451.8,74.2,39.07,11.655,0.279,0.0,29.44
4455.3,74.26,39.02,11.635,0.444,0.0,29.41
4458.9,74.31,38.97,11.598,0.523,0.027,29.75
4462.4,74.37,38.92,11.64,0.254,0.0,29.13
4465.9,74.43,38.86,11.607,0.78,0.166,29.01
4469.5,74.49,38.81,11.651,0.279,0.029,29.43
4473.0,74.55,38.76,11.616,0.499,0.0,29.4
4476.5,74.61,38.71,11.638,0.25,0.0,29.38
4480.1,74.67,38.66,11.627,0.625,0.152,29.11
4483.6,74.73,38.61,11.609,0.623,0.177,29.04
4487.1,74.79,38.56,11.583,0.787,0.22,29.67
4490.7,74.84,38.51,11.584,0.287,0.0,29.15
4494.2,74.9,38.46,11.628,0.423,0.102,28.82
4497.8,74.96,38.4,11.556,0.753,0.277,29.67
4501.3,75.02,38.35,11.589,0.881,0.25,29.34
4504.8,75.08,38.3,11.598,0.611,0.163,29.43
4508.4,75.14,38.25,11.588,0.852,0.233,29.29
4511.9,75.2,38.2,11.583,1.023,0.45,29.19
4515.4,75.26,38.15,11.545,0.855,0.27,29.21
4519.0,75.32,38.1,11.566,0.892,0.27,29.46
4522.5,75.38,38.05,11.549,1.211,0.372,29.75
4526.0,75.43,38.0,11.581,1.151,0.509,29.34
4529.6,75.49,37.94,11.511,1.248,0.46,29.19
4533.1,75.55,37.89,11.566,0.466,0.033,29.26
4536.6,75.61,37.84,11.561,0.816,0.223,29.12
4540.2,75.67,37.79,11.58,0.539,0.022,29.47
4543.7,75.73,37.74,11.578,1.044,0.386,29.31
4547.3,75.79,37.69,11.52,1.164,0.453,29.58
4550.8,75.85,37.64,11.53,0.905,0.316,29.12
4554.3,75.91,37.59,11.555,0.728,0.248,29.2
4557.9,75.96,37.54,11.56,0.76,0.196,29.69
4561.4,76.02,37.49,11.541,0.469,0.0,29.43
4564.9,76.08,37.44,11.569,0.351,0.0,29.34
4568.5,76.14,37.38,11.577,0.492,0.143,29.5
4572.0,76.2,37.33,11.583,0.627,0.012,29.24
4575.5,76.26,37.28,11.542,0.373,0.0,29.48
4579.1,76.32,37.23,11.602,0.395,0.0,28.7
4582.6,76.38,37.18,11.561,0.397,0.0,29.08
4586.2,76.44,37.13,11.553,0.383,0.0,29.78
4589.7,76.49,37.08,11.573,0.503,0.07,29.63
4593.2,76.55,37.03,11.559,0.978,0.268,29.35
4596.8,76.61,36.98,11.517,0.955,0.283,29.31
4600.3,76.67,36.93,11.548,0.751,0.189,29.64
4603.8,76.73,36.88,11.524,0.672,0.246,29.22
4607.4,76.79,36.83,11.491,0.807,0.244,29.3
4610.9,76.85,36.78,11.548,0.876,0.212,29.57
4614.4,76.91,36.72,11.511,1.344,0.547,29.54
4618.0,76.97,36.67,11.533,0.965,0.449,29.67
4621.5,77.03,36.62,11.497,1.247,0.463,29.47
4625.0,77.08,36.57,11.516,0.949,0.274,29.15
4628.6,77.14,36.52,11.485,0.994,0.351,29.27
4632.1,77.2,36.47,11.516,1.278,0.541,28.76
4635.7,77.26,36.42,11.517,1.077,0.443,28.95
4639.2,77.32,36.37,11.47,1.63,0.664,29.62
4642.7,77.38,36.32,11.479,1.638,0.838,29.56
4646.3,77.44,36.27,11.485,1.648,0.801,29.64
4649.8,77.5,36.22,11.467,1.75,0.795,30.16
4653.3,77.56,36.17,11.482,1.527,0.761,29.34
4656.9,77.61,36.12,11.465,1.584,0.748,29.54
4660.4,77.67,36.07,11.472,1.66,0.811,29.88
4663.9,77.73,36.02,11.53,1.421,0.576,29.97
4667.5,77.79,35.97,11.487,1.049,0.387,29.61
4671.0,77.85,35.92,11.536,0.658,0.26,29.18
4674.5,77.91,35.87,11.532,0.85,0.431,29.27
4678.1,77.97,35.81,11.461,1.176,0.362,29.26
4681.6,78.03,35.76,11.513,0.761,0.114,28.84
4685.2,78.09,35.71,11.511,0.497,0.065,29.16
4688.7,78.14,35.66,11.497,0.769,0.163,29.42
4692.2,78.2,35.61,11.508,0.892,0.31,29.12
4695.8,78.26,35.56,11.526,0.551,0.076,29.24
4699.3,78.32,35.51,11.539,0.56,0.123,29.57
4702.8,78.38,35.46,11.524,0.481,0.0,29.53
4706.4,78.44,35.41,11.51,0.679,0.201,29.39
4709.9,78.5,35.36,11.513,0.505,0.13,29.29
4713.4,78.56,35.31,11.503,0.379,0.008,29.3
4717.0,78.62,35.26,11.477,0.789,0.084,29.42
4720.5,78.68,35.21,11.495,0.769,0.192,28.99
4724.1,78.73,35.16,11.46,0.68,0.15,29.48
4727.6,78.79,35.11,11.513,0.443,0.04,29.04
4731.1,78.85,35.06,11.474,0.865,0.253,29.6
4734.7,78.91,35.01,11.469,0.916,0.309,29.75
4738.2,78.97,34.96,11.477,0.757,0.286,29.31
4741.7,79.03,34.91,11.486,0.915,0.287,29.62
4745.3,79.09,34.86,11.448,0.487,0.059,29.19
4748.8,79.15,34.81,11.502,0.407,0.011,29.26
4752.3,79.21,34.76,11.484,0.647,0.161,29.41
4755.9,79.26,34.71,11.455,0.593,0.148,28.9
4759.4,79.32,34.66,11.468,0.8,0.284,29.45
4762.9,79.38,34.61,11.442,1.022,0.319,29.61
4766.5,79.44,34.55,11.446,0.94,0.306,29.44
4770.0,79.5,34.5,11.509,0.281,0.063,29.27
4773.6,79.56,34.45,11.445,0.598,0.124,29.26
4777.1,79.62,34.4,11.462,0.33,0.017,29.17
4780.6,79.68,34.35,11.498,0.586,0.128,29.28
4784.2,79.74,34.3,11.43,0.699,0.083,29.3
4787.7,79.8,34.25,11.445,0.869,0.324,29.49
4791.2,79.85,34.2,11.481,0.814,0.247,29.79
4794.8,79.91,34.15,11.433,1.23,0.378,29.77
4798.3,79.97,34.1,11.409,1.655,0.758,29.49
4801.8,80.03,34.05,11.412,1.955,0.882,29.79
4805.4,80.09,34.0,11.399,1.998,1.057,29.61
4808.9,80.15,33.95,11.405,1.948,0.915,29.42
4812.5,80.21,33.9,11.372,1.9,0.942,29.84
4816.0,80.27,33.85,11.349,2.301,1.132,30.41
4819.5,80.33,33.8,11.369,2.209,1.218,29.81
4823.1,80.38,33.75,11.4,2.386,1.135,30.06
4826.6,80.44,33.7,11.352,2.145,1.111,30.13
4830.1,80.5,33.65,11.362,2.223,1.044,30.03
4833.7,80.56,33.6,11.343,2.674,1.48,30.27
4837.2,80.62,33.55,11.344,2.566,1.387,30.05
4840.7,80.68,33.5,11.314,2.852,1.465,30.07
4844.3,80.74,33.45,11.351,2.472,1.256,29.62
4847.8,80.8,33.4,11.341,2.301,1.311,29.6
4851.3,80.86,33.35,11.334,2.681,1.429,30.41
4854.9,80.91,33.3,11.294,2.963,1.571,30.13
4858.4,80.97,33.25,11.308,2.956,1.637,30.0
4862.0,81.03,33.2,11.331,2.593,1.424,30.29
4865.5,81.09,33.15,11.301,2.554,1.295,30.23
4869.0,81.15,33.1,11.323,2.374,1.258,29.95
4872.6,81.21,33.05,11.353,2.675,1.455,30.11
4876.1,81.27,33.0,11.33,2.477,1.478,29.59
4879.6,81.33,32.95,11.338,2.46,1.432,29.69
4883.2,81.39,32.9,11.346,2.53,1.465,29.7
4886.7,81.45,32.85,11.333,2.549,1.469,29.92
4890.2,81.5,32.8,11.299,2.741,1.512,30.06
4893.8,81.56,32.75,11.294,3.159,1.372,30.42
4897.3,81.62,32.7,11.431,0.757,0.0,29.16
4900.9,81.68,32.65,11.457,0.18,0.0,29.5
4904.4,81.74,32.6,11.406,0.552,0.11,29.27
4907.9,81.8,32.55,11.407,0.647,0.13,29.13
4911.5,81.86,32.5,11.413,0.353,0.087,29.05
4915.0,81.92,32.44,11.417,0.391,0.0,29.39
4918.5,81.98,32.39,11.397,0.446,0.053,29.11
4922.1,82.03,32.34,11.425,0.238,0.0,29.28
4925.6,82.09,32.29,11.464,0.447,0.0,29.15
4929.1,82.15,32.24,11.422,0.513,0.0,29.29
4932.7,82.21,32.19,11.432,0.457,0.0,29.17
4936.2,82.27,32.14,11.424,0.18,0.0,29.13
4939.7,82.33,32.09,11.402,0.307,0.0,29.26
4943.3,82.39,32.04,11.419,0.37,0.0,29.06
4946.8,82.45,31.99,11.382,0.247,0.0,29.26
4950.4,82.51,31.94,11.414,0.246,0.0,29.54
4953.9,82.56,31.89,11.425,0.267,0.0,28.9
4957.4,82.62,31.84,11.437,0.493,0.0,29.2
4961.0,82.68,31.79,11.387,0.682,0.191,29.11
4964.5,82.74,31.74,11.43,0.652,0.181,29.51
4968.0,82.8,31.69,11.341,1.342,0.447,29.43
4971.6,82.86,31.64,11.363,1.569,0.714,30.15
4975.1,82.92,31.59,11.317,1.642,0.764,29.63
4978.6,82.98,31.54,11.353,1.22,0.627,29.69
4982.2,83.04,31.49,11.331,1.596,0.633,29.64
4985.7,83.1,31.44,11.329,1.635,0.674,29.55
4989.3,83.15,31.39,11.291,2.025,0.948,29.57
4992.8,83.21,31.34,11.316,1.899,1.019,29.64
4996.3,83.27,31.29,11.284,2.062,1.041,29.77
4999.9,83.33,31.24,11.309,1.914,0.939,29.56
5003.4,83.39,31.19,11.317,1.836,0.918,29.75
5006.9,83.45,31.14,11.346,1.571,0.843,29.37
5010.5,83.51,31.09,11.31,1.657,0.793,29.8
5014.0,83.57,31.04,11.318,1.661,0.762,29.66
5017.5,83.63,30.99,11.309,1.362,0.596,29.6
5021.1,83.68,30.94,11.345,1.489,0.621,29.8
5024.6,83.74,30.89,11.358,1.275,0.435,29.44
5028.1,83.8,30.84,11.32,1.347,0.496,29.79
5031.7,83.86,30.79,11.371,0.95,0.248,29.45
5035.2,83.92,30.73,11.391,0.377,0.0,29.15
5038.8,83.98,30.68,11.366,0.72,0.129,29.22
5042.3,84.04,30.63,11.396,0.596,0.266,29.48
5045.8,84.1,30.58,11.284,1.455,0.549,29.47
5049.4,84.16,30.53,11.313,1.284,0.606,29.47
5052.9,84.21,30.48,11.301,1.781,0.8,29.96
5056.4,84.27,30.43,11.302,1.84,0.915,30.06
5060.0,84.33,30.38,11.289,1.897,0.958,29.91
5063.5,84.39,30.33,11.276,2.157,1.097,29.79
5067.0,84.45,30.28,11.249,2.525,1.313,29.81
5070.6,84.51,30.23,11.286,2.25,1.333,30.13
5074.1,84.57,30.18,11.225,3.012,1.396,30.4
5077.7,84.63,30.13,11.342,0.95,0.0,29.49
5081.2,84.69,30.08,11.35,0.559,0.11,29.31
5084.7,84.75,30.03,11.354,0.551,0.155,29.28
5088.3,84.8,29.98,11.334,0.612,0.154,29.43
5091.8,84.86,29.93,11.335,0.996,0.352,29.39
5095.3,84.92,29.88,11.314,1.137,0.368,29.38
5098.9,84.98,29.83,11.312,0.354,0.0,28.89
5102.4,85.04,29.78,11.347,0.403,0.052,29.19
5105.9,85.1,29.72,11.36,0.401,0.0,29.22
5109.5,85.16,29.67,11.356,0.26,0.0,29.34
5113.0,85.22,29.62,11.367,0.417,0.0,29.45
5116.5,85.28,29.57,11.337,0.355,0.049,29.35
5120.1,85.33,29.52,11.28,0.789,0.117,29.46
5123.6,85.39,29.47,11.335,1.15,0.428,29.28
5127.2,85.45,29.42,11.32,1.11,0.531,29.26
5130.7,85.51,29.37,11.314,1.277,0.451,29.73
5134.2,85.57,29.32,11.307,0.683,0.135,29.46
5137.8,85.63,29.27,11.343,0.481,0.031,29.19
5141.3,85.69,29.22,11.349,0.277,0.0,29.22
5144.8,85.75,29.17,11.296,0.402,0.0,29.33
5148.4,85.81,29.12,11.319,0.354,0.005,29.62
5151.9,85.87,29.07,11.322,0.282,0.0,29.17
5155.4,85.92,29.02,11.297,0.462,0.0,29.12
5159.0,85.98,28.96,11.357,0.18,0.0,29.45
5162.5,86.04,28.91,11.354,0.389,0.021,29.2
5166.0,86.1,28.86,11.287,0.663,0.146,29.5
5169.6,86.16,28.81,11.313,0.808,0.312,29.48
5173.1,86.22,28.76,11.305,0.806,0.187,29.57
5176.7,86.28,28.71,11.278,0.741,0.215,29.5
5180.2,86.34,28.66,11.239,1.29,0.445,29.67
5183.7,86.4,28.61,11.251,1.18,0.542,29.59
5187.3,86.45,28.56,11.242,1.063,0.457,29.38
5190.8,86.51,28.51,11.219,1.567,0.73,29.53
5194.3,86.57,28.46,11.219,1.968,0.953,30.18
5197.9,86.63,28.4,11.218,1.894,1.045,29.81
5201.4,86.69,28.35,11.232,1.867,0.952,29.53
5204.9,86.75,28.3,11.249,1.851,0.987,29.81
5208.5,86.81,28.25,11.213,1.844,0.834,29.69
5212.0,86.87,28.2,11.206,1.873,0.946,29.76
5215.6,86.93,28.15,11.204,2.099,1.029,29.42
5219.1,86.98,28.1,11.196,2.552,1.306,30.09
5222.6,87.04,28.05,11.176,2.356,1.274,30.23
5226.2,87.1,28.0,11.213,1.898,0.984,29.85
5229.7,87.16,27.95,11.166,2.269,1.132,29.9
5233.2,87.22,27.89,11.17,2.261,1.191,30.09
5236.8,87.28,27.84,11.184,2.406,1.364,29.97
5240.3,87.34,27.79,11.174,2.319,1.221,29.8
5243.8,87.4,27.74,11.177,2.115,1.101,29.85
5247.4,87.46,27.69,11.134,2.564,1.274,29.68
5250.9,87.52,27.64,11.127,2.586,1.456,29.59
5254.4,87.57,27.59,11.155,2.713,1.447,29.74
5258.0,87.63,27.54,11.142,2.782,1.499,30.17
5261.5,87.69,27.49,11.146,2.645,1.448,30.01
5265.1,87.75,27.43,11.159,2.839,1.384,29.76
5268.6,87.81,27.38,11.172,2.368,1.216,29.96
5272.1,87.87,27.33,11.183,2.398,1.28,30.28
5275.7,87.93,27.28,11.129,2.673,1.386,30.18
5279.2,87.99,27.23,11.17,2.614,1.523,30.11
5282.7,88.05,27.18,11.166,2.562,1.434,30.11
5286.3,88.1,27.13,11.147,2.257,1.203,29.89
5289.8,88.16,27.07,11.144,2.778,1.522,30.27
5293.3,88.22,27.02,11.154,2.711,1.515,30.1
5296.9,88.28,26.97,11.132,2.564,1.407,30.14
5300.4,88.34,26.92,11.102,3.005,1.573,30.09
5304.0,88.4,26.87,11.137,3.024,1.76,29.88
5307.5,88.46,26.82,11.1,3.184,1.696,30.38
5311.0,88.52,26.77,11.122,2.976,1.58,30.2
5314.6,88.58,26.71,11.119,2.832,1.567,30.07
5318.1,88.63,26.66,11.065,2.872,1.535,30.06
5321.6,88.69,26.61,11.107,2.871,1.579,30.22
5325.2,88.75,26.56,11.103,3.012,1.743,30.56
5328.7,88.81,26.51,11.089,3.18,1.721,29.98
5332.2,88.87,26.46,11.116,2.797,1.492,29.99
5335.8,88.93,26.4,11.092,2.911,1.598,29.93
5339.3,88.99,26.35,11.142,2.899,1.611,30.22
5342.8,89.05,26.3,11.109,2.71,1.444,29.42
5346.4,89.11,26.25,11.139,2.521,1.35,30.38
5349.9,89.17,26.2,11.144,3.032,1.598,30.13
5353.5,89.22,26.15,11.102,3.374,1.835,30.18
5357.0,89.28,26.09,11.073,3.288,1.914,30.26
5360.5,89.34,26.04,11.089,3.392,1.867,30.46
5364.1,89.4,25.99,11.042,3.721,2.057,30.24
5367.6,89.46,25.94,11.089,3.588,1.975,30.34
5371.1,89.52,25.89,11.07,3.699,2.158,30.97
5374.7,89.58,25.84,11.057,3.6,1.965,30.15
5378.2,89.64,25.78,11.067,3.485,1.969,30.3
5381.7,89.7,25.73,11.039,3.556,1.97,30.51
5385.3,89.75,25.68,11.015,4.136,2.266,30.39
5388.8,89.81,25.63,11.059,3.913,2.362,30.4
5392.4,89.87,25.58,11.048,3.803,2.172,30.07
5395.9,89.93,25.52,11.063,4.121,2.356,30.12
5399.4,89.99,25.47,11.001,4.441,2.635,30.67
5403.0,90.05,25.42,11.026,4.588,2.663,30.34
5406.5,90.11,25.37,10.924,5.187,2.423,30.5
5410.0,90.17,25.32,11.158,1.47,0.0,29.46
5413.6,90.23,25.26,11.226,0.482,0.022,29.19
5417.1,90.29,25.21,11.251,0.363,0.0,29.6
5420.6,90.34,25.16,11.21,0.374,0.001,29.67
5424.2,90.4,25.11,11.178,0.376,0.047,29.52
5427.7,90.46,25.05,11.222,0.439,0.002,29.27
5431.2,90.52,25.0,11.202,0.184,0.0,29.49
5434.8,90.58,24.95,11.183,0.251,0.024,29.05
5438.3,90.64,24.9,11.258,0.238,0.0,29.29
5441.9,90.7,24.85,11.183,0.475,0.0,29.43
5445.4,90.76,24.79,11.234,0.357,0.0,29.29
5448.9,90.82,24.74,11.167,0.754,0.206,29.3
5452.5,90.87,24.69,11.218,0.652,0.174,29.38
5456.0,90.93,24.64,11.198,0.433,0.059,29.02
5459.5,90.99,24.58,11.191,0.62,0.236,29.4
5463.1,91.05,24.53,11.16,0.786,0.222,29.53
5466.6,91.11,24.48,11.193,0.489,0.165,29.53
5470.1,91.17,24.43,11.151,0.986,0.315,29.2
5473.7,91.23,24.37,11.136,1.412,0.642,29.7
5477.2,91.29,24.32,11.134,1.368,0.577,29.68
5480.8,91.35,24.27,11.15,1.509,0.7,29.8
5484.3,91.4,24.22,11.107,1.68,0.755,30.07
5487.8,91.46,24.16,11.133,1.559,0.839,29.66
5491.4,91.52,24.11,11.139,1.588,0.737,30.16
5494.9,91.58,24.06,11.12,1.616,0.828,29.79
5498.4,91.64,24.01,11.088,1.849,0.721,29.92
5502.0,91.7,23.95,11.161,0.527,0.0,29.45
5505.5,91.76,23.9,11.17,0.688,0.163,29.73
5509.0,91.82,23.85,11.142,0.671,0.075,29.54
5512.6,91.88,23.8,11.165,0.62,0.083,29.43
5516.1,91.94,23.74,11.148,0.5,0.009,28.99
5519.6,91.99,23.69,11.172,0.346,0.0,29.13
5523.2,92.05,23.64,11.18,0.424,0.0,29.33
5526.7,92.11,23.58,11.179,0.338,0.0,29.28
5530.3,92.17,23.53,11.151,0.544,0.116,29.39
5533.8,92.23,23.48,11.172,0.358,0.016,29.66
5537.3,92.29,23.43,11.199,0.355,0.0,28.87
5540.9,92.35,23.37,11.178,0.665,0.036,29.54
5544.4,92.41,23.32,11.178,0.61,0.13,29.09
5547.9,92.47,23.27,11.151,0.613,0.157,29.55
5551.5,92.52,23.21,11.208,0.274,0.0,29.48
5555.0,92.58,23.16,11.12,0.587,0.0,28.86
5558.5,92.64,23.11,11.099,1.133,0.405,29.76
5562.1,92.7,23.05,11.114,1.475,0.625,29.36
5565.6,92.76,23.0,11.098,1.288,0.592,29.77
5569.1,92.82,22.95,11.105,1.353,0.674,29.66
5572.7,92.88,22.9,11.111,1.342,0.699,29.7
5576.2,92.94,22.84,11.078,1.561,0.647,29.78
5579.8,93.0,22.79,11.119,1.15,0.417,29.15
5583.3,93.05,22.74,11.111,1.133,0.466,29.59
5586.8,93.11,22.68,11.122,1.054,0.354,29.04
5590.4,93.17,22.63,11.069,1.214,0.471,29.59
5593.9,93.23,22.58,11.101,0.925,0.39,29.4
5597.4,93.29,22.52,11.067,1.053,0.438,29.63
5601.0,93.35,22.47,11.083,1.319,0.519,30.0
5604.5,93.41,22.42,11.093,1.573,0.669,29.58
5608.0,93.47,22.36,11.04,2.021,0.945,29.98
5611.6,93.53,22.31,11.044,2.106,0.998,29.7
5615.1,93.59,22.26,11.012,2.353,1.259,29.9
5618.7,93.64,22.2,11.022,2.384,1.248,30.17
5622.2,93.7,22.15,11.024,2.26,1.163,29.69
5625.7,93.76,22.1,11.06,2.094,0.926,30.19
5629.3,93.82,22.04,11.054,1.734,0.848,29.27
5632.8,93.88,21.99,11.08,1.433,0.767,29.87
5636.3,93.94,21.94,11.03,1.693,0.802,29.72
5639.9,94.0,21.88,11.037,1.475,0.743,29.62
5643.4,94.06,21.83,11.062,1.589,0.71,29.62
5646.9,94.12,21.77,11.054,1.648,0.709,29.98
5650.5,94.17,21.72,11.084,1.169,0.584,29.75
5654.0,94.23,21.67,11.065,1.31,0.629,29.75
5657.5,94.29,21.61,11.035,1.391,0.503,29.48
5661.1,94.35,21.56,11.061,1.306,0.541,29.86
5664.6,94.41,21.51,11.062,0.938,0.305,29.74
5668.2,94.47,21.45,11.076,0.915,0.293,29.45
5671.7,94.53,21.4,11.038,1.168,0.502,29.87
5675.2,94.59,21.35,11.06,1.1,0.376,29.61
5678.8,94.65,21.29,11.107,0.726,0.247,29.15
5682.3,94.71,21.24,11.07,0.965,0.345,29.57
5685.8,94.76,21.18,11.056,1.248,0.438,29.63
5689.4,94.82,21.13,11.044,1.239,0.538,29.48
5692.9,94.88,21.08,11.047,1.653,0.738,29.56
5696.4,94.94,21.02,10.994,1.863,0.964,29.54
5700.0,95.0,20.97,11.009,1.951,0.925,29.66
5703.5,95.06,20.91,11.012,1.764,0.871,30.06
5707.1,95.12,20.86,11.032,1.568,0.706,29.96
5710.6,95.18,20.81,11.041,1.12,0.455,29.55
5714.1,95.24,20.75,11.099,0.803,0.275,29.28
5717.7,95.29,20.7,11.023,1.239,0.432,29.47
5721.2,95.35,20.64,10.998,1.181,0.533,29.67
5724.7,95.41,20.59,11.033,1.409,0.65,29.75
5728.3,95.47,20.54,11.04,1.046,0.417,29.86
5731.8,95.53,20.48,11.059,0.852,0.411,29.43
5735.3,95.59,20.43,11.026,1.157,0.433,29.23
5738.9,95.65,20.37,11.026,0.837,0.248,29.68
5742.4,95.71,20.32,11.021,1.201,0.459,29.78
5745.9,95.77,20.27,11.039,1.037,0.414,29.51
5749.5,95.82,20.21,10.993,1.617,0.69,29.78
5753.0,95.88,20.16,10.975,2.09,0.932,29.63
5756.6,95.94,20.1,10.978,2.055,1.043,29.67
5760.1,96.0,20.05,11.006,1.638,0.748,30.01
5763.6,96.06,19.99,11.039,1.293,0.677,29.59
5767.2,96.12,19.94,11.015,1.393,0.773,29.7
5770.7,96.18,19.89,10.982,1.549,0.76,29.48
5774.2,96.24,19.83,10.997,1.59,0.735,29.83
5777.8,96.3,19.78,10.998,1.398,0.665,29.51
5781.3,96.36,19.72,11.031,1.201,0.398,29.73
5784.8,96.41,19.67,11.036,1.13,0.39,29.66
5788.4,96.47,19.61,11.058,0.598,0.058,29.24
5791.9,96.53,19.56,11.038,0.947,0.239,29.55
5795.5,96.59,19.5,11.007,0.882,0.269,29.17
5799.0,96.65,19.45,11.004,0.848,0.151,29.01
5802.5,96.71,19.4,11.002,0.727,0.203,29.55
5806.1,96.77,19.34,11.011,0.814,0.308,29.44
5809.6,96.83,19.29,11.032,0.689,0.187,29.52
5813.1,96.89,19.23,11.044,0.63,0.063,29.4
5816.7,96.94,19.18,11.008,0.609,0.105,29.26
5820.2,97.0,19.12,11.002,0.287,0.0,29.38
5823.7,97.06,19.07,11.033,0.757,0.086,29.37
5827.3,97.12,19.01,11.006,1.313,0.441,29.85
5830.8,97.18,18.96,10.96,1.195,0.613,29.77
5834.3,97.24,18.9,10.951,1.376,0.569,29.63
5837.9,97.3,18.85,10.998,1.262,0.613,29.39
5841.4,97.36,18.79,10.965,1.098,0.547,29.62
5845.0,97.42,18.74,10.938,1.521,0.65,29.93
5848.5,97.47,18.69,10.997,1.596,0.751,30.11
5852.0,97.53,18.63,10.937,1.534,0.645,29.24
5855.6,97.59,18.58,10.964,1.277,0.513,30.0
5859.1,97.65,18.52,10.94,1.395,0.586,29.66
5862.6,97.71,18.47,10.952,1.379,0.604,29.65
5866.2,97.77,18.41,10.97,1.315,0.621,29.85
5869.7,97.83,18.36,10.952,1.165,0.474,29.52
5873.2,97.89,18.3,10.999,1.048,0.319,29.44
5876.8,97.95,18.25,10.968,0.873,0.332,29.35
5880.3,98.01,18.19,10.993,1.026,0.46,29.72
5883.9,98.06,18.14,10.982,0.959,0.4,29.53
5887.4,98.12,18.08,10.982,0.911,0.356,29.7
5890.9,98.18,18.03,11.006,1.004,0.342,29.43
5894.5,98.24,17.97,10.965,0.98,0.373,29.41
5898.0,98.3,17.92,10.957,0.977,0.333,29.45
5901.5,98.36,17.86,10.996,0.617,0.0,29.19
5905.1,98.42,17.81,11.002,0.418,0.0,29.72
5908.6,98.48,17.75,10.977,0.745,0.217,29.63
5912.1,98.54,17.7,10.977,0.89,0.275,29.88
5915.7,98.59,17.64,10.972,0.908,0.294,29.43
5919.2,98.65,17.59,10.968,0.971,0.299,29.24
5922.7,98.71,17.53,10.968,0.895,0.385,29.31
5926.3,98.77,17.48,10.984,0.807,0.293,29.39
5929.8,98.83,17.42,10.972,0.932,0.432,29.88
5933.4,98.89,17.37,10.972,0.85,0.421,29.22
5936.9,98.95,17.31,10.96,1.063,0.495,29.48
5940.4,99.01,17.26,10.91,1.179,0.525,29.82
5944.0,99.07,17.2,10.916,1.544,0.667,29.86
5947.5,99.12,17.15,10.927,1.662,0.833,29.97
5951.0,99.18,17.09,10.877,1.509,0.807,29.93
5954.6,99.24,17.04,10.888,1.49,0.631,29.48
5958.1,99.3,16.98,10.944,1.297,0.558,29.83
5961.6,99.36,16.92,10.942,1.186,0.426,29.52
5965.2,99.42,16.87,10.949,1.014,0.307,29.66
5968.7,99.48,16.81,10.97,0.471,0.156,29.86
5972.2,99.54,16.76,10.964,0.754,0.138,29.27
5975.8,99.6,16.7,10.947,0.871,0.38,29.54
5979.3,99.66,16.65,10.94,0.716,0.196,29.35
5982.9,99.71,16.59,10.931,1.308,0.5,30.07
5986.4,99.77,16.54,10.91,1.176,0.461,29.65
5989.9,99.83,16.48,10.942,1.31,0.545,29.48
5993.5,99.89,16.43,10.921,1.317,0.569,29.66
5997.0,99.95,16.37,10.908,1.5,0.7,29.61
6000.5,100.01,16.32,10.938,1.291,0.505,29.72
6004.1,100.07,16.26,10.904,1.57,0.696,29.44
6007.6,100.13,16.21,10.903,1.405,0.695,29.58
6011.1,100.19,16.15,10.897,1.616,0.84,29.81
6014.7,100.24,16.09,10.879,1.724,0.8,29.83
6018.2,100.3,16.04,10.875,1.769,0.911,29.39
6021.8,100.36,15.98,10.844,2.228,0.872,29.57
6025.3,100.42,15.93,10.923,0.79,0.0,29.31
6028.8,100.48,15.87,10.967,0.299,0.0,29.59
6032.4,100.54,15.82,10.923,0.227,0.0,29.54
6035.9,100.6,15.76,10.92,0.343,0.0,29.67
6039.4,100.66,15.71,10.905,0.351,0.0,29.24
6043.0,100.72,15.65,10.954,0.359,0.0,28.97
6046.5,100.78,15.6,10.949,0.239,0.0,29.51
6050.0,100.83,15.54,10.964,0.422,0.01,29.42
6053.6,100.89,15.48,10.938,0.771,0.195,28.96
6057.1,100.95,15.43,10.929,0.583,0.206,29.1
6060.6,101.01,15.37,10.94,0.629,0.189,29.18
6064.2,101.07,15.32,10.908,0.694,0.153,29.46
6067.7,101.13,15.26,10.906,0.589,0.144,29.32
6071.3,101.19,15.21,10.893,1.021,0.279,29.54
6074.8,101.25,15.15,10.867,1.241,0.455,29.68
6078.3,101.31,15.1,10.852,1.664,0.721,29.62
6081.9,101.36,15.04,10.841,1.838,0.818,30.1
6085.4,101.42,14.98,10.837,1.41,0.554,29.6
6088.9,101.48,14.93,10.896,1.409,0.589,29.9
6092.5,101.54,14.87,10.868,1.145,0.53,29.69
6096.0,101.6,14.82,10.836,1.082,0.449,29.07
6099.5,101.66,14.76,10.866,1.234,0.497,29.56
6103.1,101.72,14.71,10.865,1.269,0.525,29.6
6106.6,101.78,14.65,10.863,1.087,0.42,29.64
6110.2,101.84,14.6,10.893,1.087,0.35,29.53
6113.7,101.89,14.54,10.86,0.923,0.283,29.53
6117.2,101.95,14.48,10.915,0.538,0.048,29.37
6120.8,102.01,14.43,10.885,0.583,0.115,29.41
6124.3,102.07,14.37,10.904,0.523,0.075,29.38
6127.8,102.13,14.32,10.902,0.378,0.0,29.17
6131.4,102.19,14.26,10.885,0.86,0.134,29.42
6134.9,102.25,14.21,10.847,1.124,0.373,29.21
6138.4,102.31,14.15,10.86,1.205,0.376,29.74
6142.0,102.37,14.09,10.862,1.326,0.544,29.47
6145.5,102.43,14.04,10.83,1.326,0.66,30.05
6149.0,102.48,13.98,10.822,1.2,0.482,29.74
6152.6,102.54,13.93,10.849,0.939,0.351,29.21
6156.1,102.6,13.87,10.871,0.978,0.265,29.36
6159.7,102.66,13.82,10.882,0.444,0.079,29.33
6163.2,102.72,13.76,10.825,0.489,0.112,29.72
6166.7,102.78,13.7,10.868,0.717,0.216,29.64
6170.3,102.84,13.65,10.905,0.468,0.21,29.11
6173.8,102.9,13.59,10.837,0.874,0.322,29.16
6177.3,102.96,13.54,10.867,0.868,0.331,29.25
6180.9,103.01,13.48,10.82,0.801,0.38,28.93
6184.4,103.07,13.43,10.887,0.773,0.067,29.52
6187.9,103.13,13.37,10.86,0.306,0.0,29.22
6191.5,103.19,13.31,10.816,0.633,0.129,29.44
6195.0,103.25,13.26,10.852,0.661,0.013,29.49
6198.6,103.31,13.2,10.874,0.337,0.0,29.3
6202.1,103.37,13.15,10.868,0.27,0.014,28.97
6205.6,103.43,13.09,10.85,0.438,0.0,29.19
6209.2,103.49,13.04,10.841,0.479,0.056,29.34
6212.7,103.54,12.98,10.853,0.488,0.052,29.17
6216.2,103.6,12.92,10.861,0.324,0.0,29.39
6219.8,103.66,12.87,10.856,0.252,0.005,29.29
6223.3,103.72,12.81,10.849,0.601,0.0,29.62
6226.8,103.78,12.76,10.811,1.279,0.474,29.8
6230.4,103.84,12.7,10.85,1.216,0.522,29.29
6233.9,103.9,12.65,10.79,1.159,0.5,29.53
6237.4,103.96,12.59,10.839,0.828,0.328,29.51
6241.0,104.02,12.53,10.856,0.628,0.226,29.86
6244.5,104.08,12.48,10.81,1.174,0.431,29.32
6248.1,104.13,12.42,10.821,1.158,0.443,29.66
6251.6,104.19,12.37,10.842,0.912,0.357,29.63
6255.1,104.25,12.31,10.798,1.056,0.479,29.58
6258.7,104.31,12.26,10.807,1.07,0.413,29.64
6262.2,104.37,12.2,10.798,1.463,0.662,29.81
6265.7,104.43,12.15,10.765,1.564,0.832,29.85
6269.3,104.49,12.09,10.801,1.36,0.65,29.6
6272.8,104.55,12.03,10.747,1.821,0.831,29.85
6276.3,104.61,11.98,10.754,1.69,0.822,29.6
6279.9,104.66,11.92,10.73,1.894,0.925,29.89
6283.4,104.72,11.87,10.79,1.611,0.748,29.99
6287.0,104.78,11.81,10.768,1.523,0.659,30.1
6290.5,104.84,11.76,10.749,1.77,0.926,30.03
6294.0,104.9,11.7,10.754,1.587,0.613,29.8
6297.6,104.96,11.64,10.743,1.448,0.661,29.84
6301.1,105.02,11.59,10.779,1.274,0.523,29.54
6304.6,105.08,11.53,10.762,1.344,0.426,29.31
6308.2,105.14,11.48,10.768,1.409,0.413,30.05
6311.7,105.2,11.42,10.818,0.294,0.0,29.24
6315.2,105.25,11.37,10.778,1.003,0.311,29.27
6318.8,105.31,11.31,10.766,0.91,0.138,29.63
6322.3,105.37,11.25,10.83,0.483,0.02,29.15
6325.8,105.43,11.2,10.798,0.225,0.0,29.09
6329.4,105.49,11.14,10.818,0.301,0.0,29.39
6332.9,105.55,11.09,10.832,0.28,0.0,28.88
6336.5,105.61,11.03,10.786,0.555,0.084,29.45
6340.0,105.67,10.98,10.846,0.47,0.0,29.31
6343.5,105.73,10.92,10.822,0.268,0.0,29.08
6347.1,105.78,10.87,10.777,0.518,0.032,29.02
6350.6,105.84,10.81,10.759,0.419,0.097,28.9
6354.1,105.9,10.75,10.796,0.424,0.0,29.43
6357.7,105.96,10.7,10.796,0.332,0.025,29.2
6361.2,106.02,10.64,10.792,0.475,0.0,29.39
6364.7,106.08,10.59,10.787,0.445,0.0,29.47
6368.3,106.14,10.53,10.751,0.965,0.229,29.59
6371.8,106.2,10.48,10.779,0.85,0.398,29.45
6375.4,106.26,10.42,10.744,0.903,0.267,30.18
6378.9,106.31,10.37,10.771,0.849,0.341,29.45
6382.4,106.37,10.31,10.76,1.252,0.445,29.54
6386.0,106.43,10.25,10.688,1.816,0.736,30.38
6389.5,106.49,10.2,10.694,1.727,0.869,29.62
6393.0,106.55,10.14,10.684,1.67,0.632,30.03
6396.6,106.61,10.09,10.748,1.041,0.383,29.92
6400.1,106.67,10.03,10.714,1.225,0.444,29.49
6403.6,106.73,9.98,10.718,1.396,0.553,29.52
6407.2,106.79,9.92,10.717,0.996,0.369,29.79
6410.7,106.85,9.87,10.711,1.312,0.532,29.64
6414.2,106.9,9.81,10.677,1.162,0.329,29.38
6417.8,106.96,9.75,10.718,1.07,0.365,29.94
6421.3,107.02,9.7,10.74,0.853,0.367,29.12
6424.9,107.08,9.64,10.72,1.077,0.432,29.44
6428.4,107.14,9.59,10.743,0.919,0.335,29.57
6431.9,107.2,9.53,10.733,0.895,0.394,29.56
6435.5,107.26,9.48,10.713,0.999,0.374,29.44
6439.0,107.32,9.42,10.717,0.577,0.177,29.39
6442.5,107.38,9.37,10.753,0.311,0.031,29.55
6446.1,107.43,9.31,10.76,0.433,0.0,29.37
6449.6,107.49,9.26,10.734,0.465,0.0,29.27
6453.1,107.55,9.2,10.742,1.077,0.312,29.41
6456.7,107.61,9.15,10.689,1.361,0.587,29.61
6460.2,107.67,9.09,10.692,1.239,0.588,30.15
6463.7,107.73,9.04,10.661,1.306,0.645,29.84
6467.3,107.79,8.98,10.685,1.307,0.514,29.63
6470.8,107.85,8.92,10.703,1.037,0.437,29.63
6474.4,107.91,8.87,10.697,1.251,0.454,29.71
6477.9,107.96,8.81,10.739,0.708,0.29,29.45
6481.4,108.02,8.76,10.69,1.077,0.419,29.71
6485.0,108.08,8.7,10.693,0.932,0.252,29.54
6488.5,108.14,8.65,10.736,0.699,0.17,29.32
6492.0,108.2,8.59,10.731,0.299,0.0,29.42
6495.6,108.26,8.54,10.698,1.035,0.238,29.69
6499.1,108.32,8.48,10.681,1.208,0.451,29.77
6502.6,108.38,8.43,10.687,1.051,0.383,29.97
6506.2,108.44,8.37,10.675,1.311,0.478,29.61
6509.7,108.5,8.32,10.683,1.539,0.689,29.51
6513.3,108.55,8.26,10.661,1.43,0.653,29.71
6516.8,108.61,8.21,10.672,1.405,0.493,29.89
6520.3,108.67,8.15,10.683,1.055,0.326,29.75
6523.9,108.73,8.1,10.641,1.294,0.5,29.53
6527.4,108.79,8.04,10.674,1.039,0.201,29.95
6530.9,108.85,7.99,10.734,0.307,0.058,29.33
6534.5,108.91,7.93,10.699,0.635,0.132,29.58
6538.0,108.97,7.88,10.658,0.797,0.228,29.41
6541.5,109.03,7.82,10.66,0.924,0.427,29.41
6545.1,109.08,7.77,10.705,0.607,0.27,29.29
6548.6,109.14,7.71,10.672,1.026,0.329,29.67
6552.1,109.2,7.66,10.661,1.322,0.45,29.71
6555.7,109.26,7.6,10.611,1.488,0.729,29.34
6559.2,109.32,7.55,10.619,1.326,0.639,29.64
6562.8,109.38,7.49,10.62,1.344,0.663,29.57
6566.3,109.44,7.44,10.661,1.44,0.733,29.64
6569.8,109.5,7.38,10.637,1.632,0.772,29.8
6573.4,109.56,7.33,10.614,1.49,0.507,29.82
6576.9,109.62,7.27,10.629,1.249,0.451,29.55
6580.4,109.67,7.22,10.681,0.572,0.0,29.68
6584.0,109.73,7.16,10.687,0.391,0.006,29.26
6587.5,109.79,7.11,10.663,0.367,0.0,29.38
6591.0,109.85,7.05,10.661,0.591,0.102,29.43
6594.6,109.91,7.0,10.672,0.478,0.052,29.15
6598.1,109.97,6.94,10.667,0.43,0.0,29.51
6601.7,110.03,6.89,10.669,0.351,0.0,29.65
6605.2,110.09,6.83,10.671,0.341,0.052,29.29
6608.7,110.15,6.78,10.691,0.439,0.043,29.69
6612.3,110.2,6.72,10.674,0.454,0.019,29.53
6615.8,110.26,6.67,10.696,0.253,0.0,29.05
6619.3,110.32,6.62,10.714,0.202,0.0,29.57
6622.9,110.38,6.56,10.667,0.374,0.0,29.49
6626.4,110.44,6.51,10.645,0.331,0.0,29.51
6629.9,110.5,6.45,10.649,0.375,0.0,29.37
6633.5,110.56,6.4,10.642,0.589,0.104,29.25
6637.0,110.62,6.34,10.652,0.707,0.241,29.34
6640.5,110.68,6.29,10.652,0.985,0.262,29.29
6644.1,110.73,6.23,10.652,0.274,0.093,29.06
6647.6,110.79,6.18,10.655,0.793,0.283,29.04
6651.2,110.85,6.12,10.615,0.62,0.113,29.63
6654.7,110.91,6.07,10.676,0.507,0.03,29.72
6658.2,110.97,6.02,10.686,0.4,0.0,29.24
6661.8,111.03,5.96,10.63,0.379,0.0,29.3
6665.3,111.09,5.91,10.672,0.274,0.0,29.42
6668.8,111.15,5.85,10.654,0.384,0.079,29.6
6672.4,111.21,5.8,10.635,0.51,0.065,29.37
6675.9,111.27,5.74,10.627,0.445,0.058,29.49
6679.4,111.32,5.69,10.598,0.597,0.16,29.66
6683.0,111.38,5.63,10.607,0.678,0.099,29.33
6686.5,111.44,5.58,10.603,0.413,0.0,29.38
6690.1,111.5,5.53,10.644,0.471,0.135,29.19
6693.6,111.56,5.47,10.61,0.863,0.173,29.58
6697.1,111.62,5.42,10.626,1.169,0.438,29.1
6700.7,111.68,5.36,10.562,1.394,0.6,29.57
6704.2,111.74,5.31,10.583,1.746,0.769,29.72
6707.7,111.8,5.25,10.52,2.387,1.103,29.74
6711.3,111.85,5.2,10.552,2.131,1.014,29.98
6714.8,111.91,5.15,10.481,2.886,1.372,29.95
6718.3,111.97,5.09,10.462,2.897,1.506,29.99
6721.9,112.03,5.04,10.45,3.134,1.764,30.23
6725.4,112.09,4.98,10.49,3.02,1.618,30.15
6728.9,112.15,4.93,10.45,3.485,1.887,30.62
6732.5,112.21,4.87,10.45,3.529,2.026,30.56
6736.0,112.27,4.82,10.45,3.623,2.003,30.2
6739.6,112.33,4.77,10.457,3.023,1.469,30.14
6743.1,112.38,4.71,10.465,2.571,1.335,29.98
6746.6,112.44,4.66,10.485,3.108,1.405,30.12
6750.2,112.5,4.6,10.638,0.545,0.0,29.59
6753.7,112.56,4.55,10.576,0.584,0.101,29.01
6757.2,112.62,4.5,10.6,0.359,0.051,29.48
6760.8,112.68,4.44,10.623,0.343,0.019,29.23
6764.3,112.74,4.39,10.576,0.573,0.148,29.16
6767.8,112.8,4.33,10.6,0.671,0.142,29.34
6771.4,112.86,4.28,10.626,0.533,0.0,29.57
6774.9,112.92,4.23,10.607,0.251,0.0,29.34
6778.5,112.97,4.17,10.588,0.6,0.013,29.22
6782.0,113.03,4.12,10.587,0.475,0.0,29.2
6785.5,113.09,4.07,10.591,0.602,0.085,29.65
6789.1,113.15,4.01,10.583,0.508,0.127,29.54
6792.6,113.21,3.96,10.593,0.481,0.0,29.24
6796.1,113.27,3.9,10.599,0.349,0.0,29.3
6799.7,113.33,3.85,10.558,0.625,0.0,29.2
6803.2,113.39,3.8,10.561,0.768,0.091,29.73
6806.7,113.45,3.74,10.596,0.764,0.223,29.33
6810.3,113.5,3.69,10.569,0.518,0.005,29.48
6813.8,113.56,3.63,10.594,0.255,0.034,29.03
6817.3,113.62,3.58,10.574,0.469,0.0,29.46
6820.9,113.68,3.53,10.602,0.442,0.06,29.37
6824.4,113.74,3.47,10.577,0.336,0.0,29.36
6828.0,113.8,3.42,10.556,0.376,0.0,29.64
6831.5,113.86,3.37,10.576,0.426,0.0,29.73
6835.0,113.92,3.31,10.584,0.439,0.0,29.77
6838.6,113.98,3.26,10.578,0.231,0.0,29.52
6842.1,114.03,3.21,10.582,0.258,0.0,29.17
6845.6,114.09,3.15,10.581,0.531,0.117,29.53
6849.2,114.15,3.1,10.574,0.55,0.06,29.09
6852.7,114.21,3.05,10.559,0.773,0.31,29.78
6856.2,114.27,2.99,10.57,1.0,0.288,29.68
6859.8,114.33,2.94,10.516,1.732,0.667,29.85
6863.3,114.39,2.88,10.471,1.886,0.978,30.21
6866.8,114.45,2.83,10.45,2.064,1.026,30.31
6870.4,114.51,2.78,10.524,1.67,0.913,29.8
6873.9,114.57,2.72,10.491,1.897,1.063,29.99
6877.5,114.62,2.67,10.478,2.014,1.158,29.97
6881.0,114.68,2.62,10.475,1.904,1.086,29.65
6884.5,114.74,2.56,10.45,2.221,1.17,29.8
6888.1,114.8,2.51,10.45,2.399,1.19,29.56
6891.6,114.86,2.46,10.45,2.535,1.289,29.74
6895.1,114.92,2.4,10.45,2.791,1.444,30.27
6898.7,114.98,2.35,10.45,2.739,1.46,30.14
6902.2,115.04,2.3,10.45,2.423,1.335,30.08
6905.7,115.1,2.24,10.45,3.04,1.727,30.05
6909.3,115.15,2.19,10.45,2.813,1.533,30.13
6912.8,115.21,2.14,10.45,2.766,1.533,30.23
6916.4,115.27,2.08,10.45,2.621,1.503,29.97
6919.9,115.33,2.03,10.45,2.589,1.509,30.25
6923.4,115.39,1.98,10.45,2.52,1.475,30.13
6927.0,115.45,1.93,10.45,2.552,1.363,30.37
6930.5,115.51,1.87,10.45,2.448,1.318,29.95
6934.0,115.57,1.82,10.45,2.604,1.34,30.37
6937.6,115.63,1.77,10.45,2.273,1.292,30.08
6941.1,115.69,1.71,10.45,2.494,1.343,30.02
6944.6,115.74,1.66,10.45,2.051,1.092,29.98
6948.2,115.8,1.61,10.45,2.068,1.086,29.81
6951.7,115.86,1.55,10.45,1.904,0.933,29.64
6955.2,115.92,1.5,10.45,2.024,1.004,29.98
6958.8,115.98,1.45,10.45,2.325,1.154,29.88
6962.3,116.04,1.39,10.45,2.555,1.34,30.15
6965.9,116.1,1.34,10.45,2.628,1.438,30.43
6969.4,116.16,1.29,10.45,2.911,1.58,30.1
6972.9,116.22,1.24,10.45,2.633,1.534,29.88
6976.5,116.27,1.18,10.45,3.001,1.568,30.48
6980.0,116.33,1.13,10.45,2.204,1.194,30.05
6983.5,116.39,1.08,10.45,2.719,1.441,30.08
6987.1,116.45,1.02,10.45,2.591,1.479,30.1
6990.6,116.51,0.97,10.45,2.245,1.31,30.07
6994.1,116.57,0.92,10.45,2.611,1.401,30.56
6997.7,116.63,0.87,10.45,2.705,1.376,30.02
7001.2,116.69,0.81,10.45,2.698,1.322,30.51
7004.8,116.75,0.76,10.45,2.423,1.176,30.03
7008.3,116.8,0.71,10.45,2.547,1.289,29.85
7011.8,116.86,0.65,10.45,2.925,1.525,30.19
7015.4,116.92,0.6,10.45,2.811,1.654,30.4
7018.9,116.98,0.55,10.45,2.835,1.533,30.16
7022.4,117.04,0.5,10.45,2.756,1.507,30.03
7026.0,117.1,0.44,10.45,2.559,1.461,30.69
7029.5,117.16,0.39,10.45,2.97,1.541,29.85
7033.0,117.22,0.34,10.45,2.874,1.579,30.0
7036.6,117.28,0.29,10.45,2.618,1.44,30.34
7040.1,117.34,0.23,10.45,2.395,1.402,30.05
7043.6,117.39,0.18,10.45,2.723,1.353,29.95
7047.2,117.45,0.13,10.45,2.64,1.347,29.8
7050.7,117.51,0.08,10.45,3.029,1.667,30.47
7054.3,117.57,0.02,10.45,2.656,1.462,29.84
7057.8,117.63,0.0,10.45,2.613,1.433,30.14
7061.3,117.69,0.0,10.45,2.875,1.493,30.42
7064.9,117.75,0.0,10.45,3.542,1.868,30.06
7068.4,117.81,0.0,10.45,3.72,2.119,30.72
