Time_s,SoC_%,Voltage_V,Current_A,Speed_mps,Temperature_C
0.0,100.0,13.382,0.413,0.0,29.14
3.6,99.95,13.412,0.458,0.037,29.22
7.2,99.9,13.393,0.614,0.127,29.14
10.8,99.86,13.414,0.268,0.0,28.76
14.4,99.81,13.392,0.367,0.015,29.1
18.0,99.76,13.408,0.526,0.013,29.25
21.6,99.71,13.371,0.568,0.119,29.34
25.2,99.66,13.411,0.553,0.127,29.16
28.8,99.62,13.371,0.822,0.183,28.85
32.4,99.57,13.351,0.908,0.227,29.01
36.0,99.52,13.39,0.994,0.333,29.76
39.6,99.47,13.369,0.891,0.31,29.1
43.2,99.42,13.385,1.136,0.457,29.69
46.8,99.38,13.381,0.988,0.406,29.16
50.4,99.33,13.343,1.1,0.47,29.35
54.0,99.28,13.346,1.224,0.519,29.56
57.6,99.23,13.327,1.641,0.776,29.41
61.2,99.18,13.356,1.464,0.715,29.83
64.8,99.14,13.334,1.552,0.789,29.56
68.4,99.09,13.322,1.685,0.775,29.69
72.0,99.04,13.324,1.503,0.676,29.48
75.6,98.99,13.311,1.773,0.765,29.76
79.2,98.94,13.349,1.401,0.625,29.81
82.8,98.9,13.332,1.312,0.545,29.44
86.4,98.85,13.323,1.349,0.559,29.82
90.0,98.8,13.307,1.581,0.663,29.44
93.6,98.75,13.354,0.617,0.0,29.37
97.2,98.7,13.345,0.518,0.035,29.28
100.9,98.65,13.358,0.435,0.0,28.94
104.5,98.61,13.393,0.38,0.0,29.18
108.1,98.56,13.366,0.371,0.0,29.14
111.7,98.51,13.382,0.291,0.0,28.94
115.3,98.46,13.331,0.34,0.0,29.2
118.9,98.41,13.372,0.408,0.02,29.18
122.5,98.37,13.355,0.489,0.105,29.16
126.1,98.32,13.346,0.551,0.063,29.19
129.7,98.27,13.343,0.774,0.166,29.26
133.3,98.22,13.351,0.39,0.013,29.07
136.9,98.17,13.323,0.424,0.0,29.18
140.5,98.13,13.372,0.345,0.017,29.0
144.1,98.08,13.358,0.39,0.0,29.68
147.7,98.03,13.343,0.497,0.075,28.9
151.3,97.98,13.323,0.659,0.13,29.12
154.9,97.93,13.322,0.516,0.086,29.09
158.5,97.88,13.346,0.503,0.0,29.59
162.1,97.84,13.371,0.395,0.0,28.88
165.7,97.79,13.344,0.475,0.058,29.26
169.3,97.74,13.317,0.527,0.138,29.24
172.9,97.69,13.336,0.593,0.087,29.28
176.5,97.64,13.335,0.493,0.0,29.43
180.1,97.59,13.351,0.434,0.0,29.4
183.7,97.55,13.334,0.657,0.048,29.15
187.3,97.5,13.285,0.531,0.003,29.23
190.9,97.45,13.345,0.376,0.0,28.77
194.5,97.4,13.32,0.375,0.0,29.16
198.1,97.35,13.308,0.463,0.0,29.01
201.7,97.3,13.322,0.533,0.101,29.16
205.3,97.26,13.319,0.743,0.153,28.93
208.9,97.21,13.295,0.575,0.082,29.29
212.5,97.16,13.329,0.574,0.09,28.87
216.1,97.11,13.322,0.699,0.118,29.29
219.7,97.06,13.292,1.052,0.31,29.13
223.3,97.01,13.293,0.738,0.188,29.1
226.9,96.97,13.288,0.765,0.214,29.51
230.5,96.92,13.3,1.092,0.314,29.51
234.1,96.87,13.251,1.286,0.49,29.69
237.7,96.82,13.3,1.066,0.413,29.7
241.3,96.77,13.283,0.994,0.366,29.21
244.9,96.72,13.275,1.149,0.443,29.71
248.5,96.68,13.263,0.889,0.266,29.03
252.1,96.63,13.287,0.847,0.304,29.46
255.7,96.58,13.278,1.218,0.543,29.34
259.3,96.53,13.242,1.329,0.593,29.29
262.9,96.48,13.287,0.951,0.337,29.47
266.5,96.43,13.288,0.775,0.24,29.47
270.1,96.38,13.278,0.73,0.166,29.45
273.7,96.34,13.291,0.884,0.294,29.37
277.3,96.29,13.243,0.911,0.275,29.36
280.9,96.24,13.301,0.472,0.074,29.28
284.5,96.19,13.319,0.474,0.068,29.24
288.1,96.14,13.309,0.591,0.083,29.33
291.7,96.09,13.296,0.506,0.023,29.23
295.3,96.04,13.29,0.4,0.0,29.32
298.9,96.0,13.258,0.911,0.255,29.01
302.6,95.95,13.247,1.199,0.356,29.41
306.2,95.9,13.259,1.17,0.468,29.15
309.8,95.85,13.242,1.087,0.449,29.45
313.4,95.8,13.268,1.012,0.37,29.7
317.0,95.75,13.289,0.965,0.316,29.26
320.6,95.7,13.27,0.657,0.163,29.27
324.2,95.65,13.232,1.004,0.352,29.52
327.8,95.61,13.238,0.861,0.338,28.9
331.4,95.56,13.254,1.141,0.494,29.31
335.0,95.51,13.242,1.101,0.445,29.47
338.6,95.46,13.25,1.2,0.497,28.86
342.2,95.41,13.227,1.22,0.519,29.25
345.8,95.36,13.258,0.964,0.354,29.57
349.4,95.31,13.223,1.343,0.561,29.69
353.0,95.26,13.213,1.34,0.515,29.56
356.6,95.21,13.233,1.018,0.382,29.55
360.2,95.17,13.211,1.186,0.46,29.48
363.8,95.12,13.262,1.101,0.459,29.51
367.4,95.07,13.221,1.258,0.5,29.4
371.0,95.02,13.228,1.305,0.51,29.5
374.6,94.97,13.226,0.979,0.264,29.23
378.2,94.92,13.227,0.77,0.163,29.54
381.8,94.87,13.249,0.541,0.058,29.51
385.4,94.82,13.26,0.689,0.168,29.54
389.0,94.77,13.234,0.709,0.171,29.19
392.6,94.72,13.219,0.858,0.23,29.13
396.2,94.68,13.243,0.659,0.191,29.51
399.8,94.63,13.242,0.77,0.255,29.4
403.4,94.58,13.256,0.805,0.237,29.37
407.0,94.53,13.236,0.77,0.21,29.16
410.6,94.48,13.242,0.712,0.231,29.35
414.2,94.43,13.235,0.859,0.242,29.1
417.8,94.38,13.182,1.313,0.544,29.61
421.4,94.33,13.2,0.999,0.442,29.65
425.0,94.28,13.204,0.842,0.266,29.64
428.6,94.23,13.197,0.886,0.304,29.47
432.2,94.18,13.231,0.809,0.216,29.03
435.8,94.13,13.234,0.567,0.0,29.26
439.4,94.08,13.239,0.369,0.0,29.58
443.0,94.04,13.176,0.799,0.265,29.13
446.6,93.99,13.259,0.514,0.16,29.19
450.2,93.94,13.22,0.385,0.0,29.44
453.8,93.89,13.241,0.808,0.256,29.43
457.4,93.84,13.197,0.612,0.124,29.73
461.0,93.79,13.17,1.321,0.473,29.34
464.6,93.74,13.154,1.195,0.428,29.24
468.2,93.69,13.177,1.468,0.636,29.78
471.8,93.64,13.16,1.346,0.606,29.26
475.4,93.59,13.149,1.545,0.658,29.53
479.0,93.54,13.148,1.437,0.642,29.51
482.6,93.49,13.185,1.317,0.614,29.69
486.2,93.44,13.183,1.311,0.642,29.61
489.8,93.39,13.189,1.501,0.698,29.64
493.4,93.34,13.144,1.614,0.717,29.51
497.0,93.29,13.149,1.76,0.723,29.88
500.7,93.24,13.14,1.448,0.637,30.34
504.3,93.19,13.156,1.383,0.625,29.65
507.9,93.14,13.14,1.632,0.814,29.62
511.5,93.09,13.154,1.615,0.722,29.33
515.1,93.04,13.166,1.508,0.754,29.43
518.7,92.99,13.143,1.929,0.897,29.66
522.3,92.94,13.109,2.034,0.954,29.63
525.9,92.9,13.13,2.145,1.065,29.77
529.5,92.85,13.125,1.899,0.932,30.05
533.1,92.8,13.115,1.988,0.964,29.97
536.7,92.75,13.111,1.916,0.929,29.67
540.3,92.7,13.117,1.812,0.899,29.42
543.9,92.65,13.125,2.305,1.075,30.1
547.5,92.6,13.115,2.048,1.047,29.73
551.1,92.55,13.102,2.238,1.082,29.47
554.7,92.5,13.126,1.602,0.871,29.73
558.3,92.45,13.13,2.306,1.079,30.04
561.9,92.4,13.105,2.433,1.182,29.39
565.5,92.35,13.08,2.294,1.175,29.67
569.1,92.3,13.087,2.268,1.135,29.8
572.7,92.25,13.078,2.425,1.205,30.02
576.3,92.2,13.074,2.59,1.346,29.83
579.9,92.15,13.039,3.01,1.555,29.92
583.5,92.1,13.054,3.01,1.655,30.23
587.1,92.05,13.067,3.043,1.663,30.0
590.7,92.0,13.006,3.394,1.781,30.33
594.3,91.95,13.002,3.504,1.875,30.03
597.9,91.9,13.016,3.382,1.884,29.94
601.5,91.84,13.007,3.544,1.974,30.42
605.1,91.79,13.036,3.667,2.062,30.36
608.7,91.74,13.015,3.762,2.054,30.53
612.3,91.69,13.025,3.51,1.991,30.15
615.9,91.64,12.994,3.748,2.068,30.18
619.5,91.59,12.997,3.641,1.946,30.58
623.1,91.54,12.995,3.3,1.8,29.88
626.7,91.49,13.02,3.449,1.838,30.49
630.3,91.44,13.014,3.46,1.911,30.51
633.9,91.39,13.021,3.52,1.947,30.44
637.5,91.34,12.995,3.566,1.997,30.14
641.1,91.29,13.006,3.324,1.749,30.03
644.7,91.24,13.01,3.313,1.82,30.15
648.3,91.19,13.001,3.693,1.997,30.07
651.9,91.14,12.958,3.802,2.099,30.17
655.5,91.09,12.987,3.862,2.197,30.51
659.1,91.04,12.971,3.926,2.225,30.54
662.7,90.99,12.944,4.126,2.257,30.27
666.3,90.94,12.933,4.006,2.239,30.57
669.9,90.89,12.961,3.996,2.285,30.52
673.5,90.84,12.989,3.89,2.158,30.7
677.1,90.79,12.978,4.146,2.336,30.6
680.7,90.74,12.951,4.257,2.237,30.74
684.3,90.68,12.975,4.23,2.339,30.61
687.9,90.63,12.933,4.432,2.498,30.78
691.5,90.58,12.93,4.767,2.599,30.45
695.1,90.53,12.902,4.868,2.879,30.71
698.7,90.48,12.876,5.348,2.638,30.9
702.4,90.43,13.08,1.18,0.0,29.4
706.0,90.38,13.085,0.644,0.157,29.35
709.6,90.33,13.15,0.312,0.007,29.27
713.2,90.28,13.116,0.382,0.0,29.25
716.8,90.23,13.101,0.617,0.063,29.22
720.4,90.18,13.102,0.444,0.0,29.04
724.0,90.13,13.12,0.359,0.007,29.38
727.6,90.08,13.143,0.462,0.062,29.27
731.2,90.02,13.145,0.491,0.078,29.0
734.8,89.97,13.081,0.612,0.106,29.21
738.4,89.92,13.102,0.556,0.021,28.88
742.0,89.87,13.09,0.561,0.045,29.24
745.6,89.82,13.124,0.448,0.0,29.15
749.2,89.77,13.119,0.318,0.0,29.03
752.8,89.72,13.097,0.453,0.1,29.51
756.4,89.67,13.105,0.468,0.0,28.97
760.0,89.62,13.103,0.315,0.0,29.29
763.6,89.57,13.121,0.554,0.09,29.67
767.2,89.51,13.098,0.652,0.114,29.48
770.8,89.46,13.093,0.763,0.273,29.3
774.4,89.41,13.048,0.633,0.181,29.03
778.0,89.36,13.084,0.663,0.169,29.0
781.6,89.31,13.111,0.743,0.18,29.22
785.2,89.26,13.1,0.703,0.109,29.15
788.8,89.21,13.063,0.454,0.002,29.05
792.4,89.16,13.079,0.564,0.098,29.17
796.0,89.1,13.075,0.365,0.0,29.15
799.6,89.05,13.119,0.314,0.0,29.25
803.2,89.0,13.092,0.387,0.0,28.93
806.8,88.95,13.064,0.623,0.111,29.12
810.4,88.9,13.079,0.531,0.047,29.19
814.0,88.85,13.052,0.244,0.0,29.09
817.6,88.8,13.068,0.348,0.0,29.53
821.2,88.75,13.072,0.566,0.043,29.29
824.8,88.69,13.09,0.432,0.002,28.87
828.4,88.64,13.04,0.561,0.13,29.32
832.0,88.59,13.038,1.041,0.264,29.51
835.6,88.54,13.067,0.85,0.248,29.31
839.2,88.49,13.008,1.263,0.482,29.24
842.8,88.44,13.032,1.252,0.491,29.83
846.4,88.39,13.02,1.405,0.62,29.32
850.0,88.33,13.043,1.417,0.66,29.67
853.6,88.28,12.997,1.724,0.698,29.69
857.2,88.23,13.014,1.372,0.507,29.64
860.8,88.18,13.041,1.105,0.373,29.77
864.4,88.13,13.012,1.011,0.338,29.51
868.0,88.08,13.022,1.116,0.47,29.32
871.6,88.03,13.006,1.323,0.512,29.73
875.2,87.97,13.02,1.107,0.478,29.31
878.8,87.92,13.021,1.357,0.552,29.55
882.4,87.87,13.014,1.389,0.68,29.27
886.0,87.82,12.995,1.333,0.681,29.3
889.6,87.77,12.995,1.567,0.707,29.6
893.2,87.72,13.018,1.486,0.718,29.64
896.8,87.66,12.986,1.404,0.712,29.2
900.5,87.61,12.995,1.481,0.618,29.66
904.1,87.56,12.993,1.402,0.516,29.37
907.7,87.51,12.988,1.505,0.589,29.83
911.3,87.46,12.96,1.555,0.72,29.52
914.9,87.41,13.006,1.515,0.685,29.35
918.5,87.35,12.964,1.679,0.648,29.65
922.1,87.3,13.041,0.652,0.0,29.09
925.7,87.25,13.026,0.413,0.0,29.44
929.3,87.2,13.011,0.684,0.164,29.29
932.9,87.15,13.042,0.589,0.077,29.22
936.5,87.1,13.042,0.498,0.0,29.34
940.1,87.04,13.008,0.91,0.29,29.16
943.7,86.99,13.02,0.811,0.223,29.07
947.3,86.94,13.012,0.624,0.036,29.35
950.9,86.89,13.02,0.511,0.0,29.01
954.5,86.84,13.003,0.634,0.095,29.05
958.1,86.79,13.013,0.865,0.175,29.52
961.7,86.73,12.99,0.824,0.283,29.44
965.3,86.68,13.022,0.807,0.166,29.08
968.9,86.63,12.981,1.048,0.327,29.29
972.5,86.58,12.96,1.54,0.495,29.41
976.1,86.53,12.975,1.428,0.67,29.9
979.7,86.47,12.961,1.469,0.701,29.74
983.3,86.42,12.952,1.51,0.657,29.49
986.9,86.37,12.957,1.458,0.604,29.67
990.5,86.32,12.978,1.284,0.416,29.23
994.1,86.27,12.968,0.996,0.351,29.26
997.7,86.22,12.991,0.662,0.064,29.3
1001.3,86.16,13.0,0.501,0.0,29.32
1004.9,86.11,13.011,0.504,0.03,29.21
1008.5,86.06,13.004,0.324,0.0,29.21
1012.1,86.01,13.018,0.579,0.024,29.27
1015.7,85.96,12.981,0.706,0.109,29.27
1019.3,85.9,12.978,0.717,0.155,29.24
1022.9,85.85,12.976,0.728,0.191,29.22
1026.5,85.8,12.958,0.732,0.181,29.35
1030.1,85.75,12.968,0.583,0.09,29.34
1033.7,85.7,12.979,0.474,0.0,29.26
1037.3,85.64,13.006,0.402,0.0,28.96
1040.9,85.59,12.991,0.334,0.0,28.97
1044.5,85.54,12.981,0.354,0.006,29.26
1048.1,85.49,12.996,0.545,0.114,29.54
1051.7,85.44,12.997,0.581,0.095,29.29
1055.3,85.38,12.987,0.679,0.161,29.21
1058.9,85.33,12.965,0.45,0.0,29.26
1062.5,85.28,12.966,0.504,0.031,29.0
1066.1,85.23,13.0,0.482,0.054,29.48
1069.7,85.18,12.955,0.893,0.215,29.4
1073.3,85.12,12.954,0.727,0.184,29.17
1076.9,85.07,12.983,0.411,0.0,29.16
1080.5,85.02,12.983,0.46,0.0,29.11
1084.1,84.97,12.961,0.39,0.086,29.45
1087.7,84.92,12.974,0.351,0.0,29.14
1091.3,84.86,12.974,0.524,0.028,29.27
1094.9,84.81,12.952,0.309,0.0,29.28
1098.5,84.76,12.94,0.881,0.219,29.22
1102.2,84.71,12.923,0.84,0.168,29.39
1105.8,84.66,12.944,0.435,0.014,29.26
1109.4,84.6,12.949,0.427,0.0,28.89
1113.0,84.55,12.957,0.559,0.029,29.3
1116.6,84.5,12.943,0.562,0.091,29.24
1120.2,84.45,12.921,0.879,0.244,29.39
1123.8,84.4,12.943,0.618,0.167,29.28
1127.4,84.34,12.914,0.804,0.259,29.39
1131.0,84.29,12.952,0.491,0.057,29.5
1134.6,84.24,12.963,0.442,0.0,28.98
1138.2,84.19,12.941,0.493,0.0,29.16
1141.8,84.14,12.942,0.407,0.0,29.33
1145.4,84.08,12.947,0.438,0.086,29.31
1149.0,84.03,12.914,0.354,0.012,29.27
1152.6,83.98,12.947,0.437,0.0,29.76
1156.2,83.93,12.975,0.621,0.032,29.4
1159.8,83.88,12.927,0.575,0.089,29.49
1163.4,83.82,12.932,0.454,0.039,29.16
1167.0,83.77,12.941,0.5,0.0,29.03
1170.6,83.72,12.941,0.726,0.193,29.25
1174.2,83.67,12.935,0.623,0.145,29.42
1177.8,83.62,12.892,0.51,0.107,29.32
1181.4,83.56,12.924,0.66,0.085,29.37
1185.0,83.51,12.962,0.465,0.154,29.18
1188.6,83.46,12.93,0.487,0.0,29.16
1192.2,83.41,12.886,0.808,0.246,29.31
1195.8,83.36,12.911,0.705,0.206,29.45
1199.4,83.3,12.871,1.003,0.28,29.58
1203.0,83.25,12.929,0.58,0.127,29.06
1206.6,83.2,12.891,0.641,0.147,29.44
1210.2,83.15,12.883,1.085,0.369,29.31
1213.8,83.1,12.85,1.435,0.569,29.66
1217.4,83.04,12.9,0.507,0.0,29.2
1221.0,82.99,12.938,0.31,0.0,29.48
1224.6,82.94,12.904,0.564,0.146,29.17
1228.2,82.89,12.893,0.539,0.0,29.29
1231.8,82.84,12.89,0.406,0.0,29.33
1235.4,82.78,12.876,0.436,0.0,29.04
1239.0,82.73,12.886,0.379,0.0,29.18
1242.6,82.68,12.906,0.371,0.0,29.14
1246.2,82.63,12.901,0.687,0.094,29.2
1249.8,82.58,12.891,0.402,0.009,29.12
1253.4,82.52,12.91,0.635,0.109,29.51
1257.0,82.47,12.846,1.202,0.395,29.36
1260.6,82.42,12.857,1.084,0.441,29.56
1264.2,82.37,12.833,1.277,0.539,29.57
1267.8,82.32,12.85,1.528,0.689,29.32
1271.4,82.27,12.87,1.43,0.637,29.67
1275.0,82.21,12.802,1.602,0.732,29.34
1278.6,82.16,12.819,1.655,0.677,29.77
1282.2,82.11,12.844,1.608,0.715,29.53
1285.8,82.06,12.806,1.54,0.829,29.6
1289.4,82.01,12.827,1.688,0.73,29.4
1293.0,81.95,12.858,1.222,0.451,29.52
1296.6,81.9,12.853,0.956,0.342,29.58
1300.3,81.85,12.847,1.182,0.475,29.32
1303.9,81.8,12.875,0.96,0.351,29.28
1307.5,81.75,12.866,1.164,0.477,29.56
1311.1,81.69,12.839,1.072,0.368,29.54
1314.7,81.64,12.839,0.91,0.341,28.9
1318.3,81.59,12.829,0.953,0.34,29.8
1321.9,81.54,12.867,0.727,0.0,29.43
1325.5,81.49,12.85,0.343,0.0,29.33
1329.1,81.44,12.862,0.408,0.0,29.18
1332.7,81.38,12.872,0.28,0.0,28.79
1336.3,81.33,12.855,0.409,0.0,29.35
1339.9,81.28,12.869,0.325,0.0,29.07
1343.5,81.23,12.9,0.373,0.0,29.31
1347.1,81.18,12.85,0.538,0.034,29.21
1350.7,81.13,12.848,0.443,0.0,29.27
1354.3,81.07,12.863,0.561,0.054,29.11
1357.9,81.02,12.854,0.463,0.12,29.4
1361.5,80.97,12.866,0.554,0.0,29.02
1365.1,80.92,12.851,0.454,0.093,29.68
1368.7,80.87,12.839,0.529,0.0,29.7
1372.3,80.82,12.807,0.674,0.12,29.63
1375.9,80.76,12.818,0.473,0.0,29.49
1379.5,80.71,12.817,0.408,0.012,29.19
1383.1,80.66,12.828,0.819,0.228,29.59
1386.7,80.61,12.808,0.666,0.183,29.28
1390.3,80.56,12.843,0.727,0.184,29.01
1393.9,80.51,12.834,0.503,0.063,29.55
1397.5,80.46,12.818,0.706,0.277,29.54
1401.1,80.4,12.805,0.764,0.166,29.33
1404.7,80.35,12.822,0.839,0.243,29.12
1408.3,80.3,12.788,1.05,0.393,29.32
1411.9,80.25,12.779,1.158,0.482,29.11
1415.5,80.2,12.804,1.278,0.523,29.71
1419.1,80.15,12.793,1.217,0.533,29.18
1422.7,80.1,12.801,0.84,0.379,29.42
1426.3,80.04,12.783,1.431,0.587,29.4
1429.9,79.99,12.772,1.437,0.617,29.29
1433.5,79.94,12.778,1.406,0.619,29.61
1437.1,79.89,12.773,1.119,0.487,29.4
1440.7,79.84,12.804,1.321,0.495,29.7
1444.3,79.79,12.811,0.353,0.0,28.94
1447.9,79.74,12.824,0.717,0.216,29.17
1451.5,79.68,12.797,0.689,0.217,28.84
1455.1,79.63,12.803,0.854,0.222,28.93
1458.7,79.58,12.814,0.574,0.092,29.63
1462.3,79.53,12.829,0.376,0.003,29.62
1465.9,79.48,12.783,0.66,0.064,29.32
1469.5,79.43,12.821,0.442,0.0,29.06
1473.1,79.38,12.819,0.679,0.119,29.25
1476.7,79.33,12.782,0.764,0.243,29.52
1480.3,79.27,12.794,0.593,0.141,29.18
1483.9,79.22,12.785,0.566,0.183,29.32
1487.5,79.17,12.762,1.051,0.337,29.44
1491.1,79.12,12.796,0.963,0.321,29.3
1494.7,79.07,12.759,0.854,0.283,29.27
1498.3,79.02,12.761,0.804,0.259,29.42
1502.0,78.97,12.791,0.932,0.289,29.21
1505.6,78.92,12.789,0.648,0.214,29.39
1509.2,78.87,12.812,0.621,0.165,29.2
1512.8,78.81,12.771,0.632,0.198,29.32
1516.4,78.76,12.769,0.816,0.14,29.64
1520.0,78.71,12.771,0.507,0.001,29.22
1523.6,78.66,12.796,0.224,0.0,29.34
1527.2,78.61,12.761,0.322,0.004,28.83
1530.8,78.56,12.778,0.677,0.149,29.22
1534.4,78.51,12.77,0.699,0.197,29.33
1538.0,78.46,12.776,0.442,0.062,29.62
1541.6,78.41,12.763,0.571,0.0,28.88
1545.2,78.36,12.758,0.48,0.0,29.23
1548.8,78.31,12.76,0.903,0.22,29.68
1552.4,78.26,12.717,1.173,0.449,29.33
1556.0,78.2,12.721,1.57,0.66,29.58
1559.6,78.15,12.744,1.549,0.675,29.69
1563.2,78.1,12.704,2.142,1.057,29.86
1566.8,78.05,12.663,2.036,0.972,30.1
1570.4,78.0,12.689,1.772,0.928,29.79
1574.0,77.95,12.679,2.223,1.037,30.12
1577.6,77.9,12.674,2.146,1.071,29.76
1581.2,77.85,12.644,2.329,1.111,29.75
1584.8,77.8,12.695,1.808,0.879,29.67
1588.4,77.75,12.699,1.575,0.761,29.4
1592.0,77.7,12.728,1.536,0.754,29.71
1595.6,77.65,12.694,1.554,0.671,29.55
1599.2,77.6,12.727,1.279,0.51,29.39
1602.8,77.55,12.699,1.075,0.44,29.56
1606.4,77.5,12.7,1.106,0.473,29.24
1610.0,77.44,12.718,1.23,0.56,29.66
1613.6,77.39,12.735,0.986,0.333,29.33
1617.2,77.34,12.707,0.896,0.331,29.63
1620.8,77.29,12.722,0.859,0.319,29.3
1624.4,77.24,12.687,1.104,0.346,29.59
1628.0,77.19,12.719,0.8,0.213,29.4
1631.6,77.14,12.741,0.637,0.082,29.45
1635.2,77.09,12.715,0.747,0.231,29.37
1638.8,77.04,12.73,0.477,0.0,28.92
1642.4,76.99,12.719,0.396,0.0,29.42
1646.0,76.94,12.731,0.264,0.0,29.16
1649.6,76.89,12.754,0.514,0.0,29.42
1653.2,76.84,12.732,0.404,0.0,29.36
1656.8,76.79,12.706,0.578,0.057,29.13
1660.4,76.74,12.718,0.514,0.104,29.08
1664.0,76.69,12.696,0.548,0.087,29.41
1667.6,76.64,12.712,0.371,0.012,29.15
1671.2,76.59,12.739,0.5,0.0,29.45
1674.8,76.54,12.719,0.438,0.008,29.2
1678.4,76.49,12.747,0.444,0.0,29.44
1682.0,76.44,12.705,0.662,0.067,29.4
1685.6,76.39,12.695,0.861,0.185,29.44
1689.2,76.34,12.69,1.117,0.358,29.4
1692.8,76.29,12.638,1.151,0.521,29.53
1696.4,76.24,12.681,1.123,0.483,29.72
1700.1,76.19,12.676,1.117,0.497,29.47
1703.7,76.14,12.692,1.232,0.477,29.62
1707.3,76.09,12.686,1.157,0.457,29.5
1710.9,76.04,12.662,0.982,0.429,29.45
1714.5,75.99,12.69,1.108,0.43,29.82
1718.1,75.94,12.659,1.236,0.57,29.76
1721.7,75.89,12.64,1.392,0.607,29.59
1725.3,75.84,12.674,1.024,0.469,29.49
1728.9,75.79,12.647,1.407,0.582,29.44
1732.5,75.74,12.671,1.422,0.607,29.55
1736.1,75.69,12.641,1.641,0.666,29.72
1739.7,75.64,12.639,1.607,0.701,29.82
1743.3,75.59,12.65,1.573,0.741,29.79
1746.9,75.54,12.641,1.765,0.787,29.48
1750.5,75.49,12.661,1.254,0.58,29.72
1754.1,75.44,12.664,1.35,0.637,29.54
1757.7,75.39,12.651,1.345,0.552,29.36
1761.3,75.34,12.658,1.032,0.494,29.72
1764.9,75.29,12.663,1.235,0.494,29.81
1768.5,75.24,12.631,1.437,0.688,29.64
1772.1,75.19,12.636,1.347,0.567,29.7
1775.7,75.14,12.666,1.223,0.563,29.67
1779.3,75.09,12.659,1.306,0.532,29.83
1782.9,75.04,12.626,1.45,0.643,29.74
1786.5,74.99,12.616,1.489,0.609,29.34
1790.1,74.94,12.646,1.442,0.636,30.0
1793.7,74.89,12.648,1.167,0.516,29.71
1797.3,74.85,12.626,1.427,0.649,29.49
1800.9,74.8,12.632,1.087,0.479,29.26
1804.5,74.75,12.63,1.308,0.534,29.65
1808.1,74.7,12.62,1.364,0.562,29.51
1811.7,74.65,12.597,1.599,0.607,29.72
1815.3,74.6,12.633,1.103,0.438,29.63
1818.9,74.55,12.636,1.039,0.402,29.34
1822.5,74.5,12.615,1.244,0.506,29.3
1826.1,74.45,12.614,1.622,0.722,29.74
1829.7,74.4,12.62,1.584,0.709,29.54
1833.3,74.35,12.608,1.703,0.801,29.72
1836.9,74.3,12.583,1.795,0.816,29.45
1840.5,74.25,12.604,1.659,0.809,29.62
1844.1,74.2,12.59,1.706,0.759,29.83
1847.7,74.15,12.57,1.679,0.76,29.8
1851.3,74.11,12.585,1.933,0.84,29.61
1854.9,74.06,12.643,0.585,0.0,29.06
1858.5,74.01,12.678,0.594,0.0,29.3
1862.1,73.96,12.672,0.335,0.0,29.32
1865.7,73.91,12.655,0.425,0.0,29.32
1869.3,73.86,12.65,0.35,0.006,29.11
1872.9,73.81,12.638,0.551,0.0,29.35
1876.5,73.76,12.618,0.559,0.041,29.59
1880.1,73.71,12.609,0.5,0.09,29.31
1883.7,73.66,12.622,0.463,0.0,28.93
1887.3,73.61,12.635,0.421,0.0,29.28
1890.9,73.57,12.604,0.394,0.0,29.64
1894.5,73.52,12.61,0.709,0.143,29.09
1898.1,73.47,12.619,0.594,0.082,29.31
1901.8,73.42,12.625,0.462,0.019,29.21
1905.4,73.37,12.606,0.67,0.137,29.35
1909.0,73.32,12.602,0.814,0.234,29.42
1912.6,73.27,12.642,0.617,0.12,29.54
1916.2,73.22,12.619,0.732,0.203,29.37
1919.8,73.17,12.607,0.567,0.112,29.55
1923.4,73.13,12.61,0.639,0.047,29.3
1927.0,73.08,12.624,0.328,0.0,29.14
1930.6,73.03,12.606,0.438,0.0,29.12
1934.2,72.98,12.607,0.395,0.013,28.87
1937.8,72.93,12.625,0.542,0.0,29.34
1941.4,72.88,12.611,0.365,0.018,29.64
1945.0,72.83,12.598,0.394,0.032,29.33
1948.6,72.78,12.614,0.352,0.014,29.36
1952.2,72.73,12.611,0.429,0.0,29.17
1955.8,72.69,12.586,0.29,0.0,29.15
1959.4,72.64,12.607,0.405,0.0,29.44
1963.0,72.59,12.613,0.543,0.173,29.69
1966.6,72.54,12.599,0.672,0.15,29.63
1970.2,72.49,12.628,0.59,0.122,29.47
1973.8,72.44,12.626,0.314,0.013,29.22
1977.4,72.39,12.604,0.782,0.171,29.41
1981.0,72.35,12.638,0.467,0.101,29.11
1984.6,72.3,12.595,0.692,0.13,29.05
1988.2,72.25,12.587,0.651,0.182,29.1
1991.8,72.2,12.586,0.879,0.195,29.42
1995.4,72.15,12.579,0.526,0.027,29.23
1999.0,72.1,12.59,0.49,0.106,28.98
2002.6,72.05,12.582,0.387,0.034,29.23
2006.2,72.01,12.583,0.66,0.13,29.27
2009.8,71.96,12.574,0.482,0.051,29.03
2013.4,71.91,12.573,0.468,0.043,29.19
2017.0,71.86,12.576,0.717,0.102,29.29
2020.6,71.81,12.562,0.798,0.251,29.26
2024.2,71.76,12.526,0.961,0.325,29.62
2027.8,71.71,12.523,1.132,0.387,29.12
2031.4,71.67,12.522,1.222,0.471,29.13
2035.0,71.62,12.536,0.99,0.376,29.45
2038.6,71.57,12.545,1.157,0.477,29.53
2042.2,71.52,12.55,0.987,0.444,29.53
2045.8,71.47,12.561,0.985,0.415,29.34
2049.4,71.42,12.548,1.114,0.425,29.31
2053.0,71.38,12.555,1.04,0.381,29.47
2056.6,71.33,12.556,0.856,0.263,29.31
2060.2,71.28,12.546,0.911,0.263,29.73
2063.8,71.23,12.569,0.696,0.235,29.28
2067.4,71.18,12.564,0.716,0.202,29.34
2071.0,71.13,12.551,0.771,0.191,29.87
2074.6,71.09,12.582,0.391,0.0,29.2
2078.2,71.04,12.518,0.556,0.0,29.41
2081.8,70.99,12.535,0.818,0.166,29.52
2085.4,70.94,12.525,0.976,0.32,29.59
2089.0,70.89,12.541,1.065,0.325,29.53
2092.6,70.84,12.556,0.87,0.325,29.45
2096.2,70.8,12.525,0.556,0.047,29.32
2099.8,70.75,12.572,0.438,0.0,29.14
2103.5,70.7,12.531,0.469,0.083,29.33
2107.1,70.65,12.528,0.502,0.037,29.69
2110.7,70.6,12.534,0.628,0.16,29.57
2114.3,70.56,12.517,0.909,0.276,29.48
2117.9,70.51,12.501,0.832,0.208,29.57
2121.5,70.46,12.533,0.824,0.222,29.22
2125.1,70.41,12.529,0.891,0.398,29.37
2128.7,70.36,12.54,0.741,0.228,29.56
2132.3,70.31,12.514,0.797,0.185,29.68
2135.9,70.27,12.536,0.454,0.004,29.11
2139.5,70.22,12.545,0.238,0.0,29.09
2143.1,70.17,12.537,0.889,0.216,29.85
2146.7,70.12,12.475,0.741,0.173,29.39
2150.3,70.07,12.52,0.378,0.0,29.6
2153.9,70.03,12.528,0.48,0.0,29.32
2157.5,69.98,12.517,0.35,0.0,29.28
2161.1,69.93,12.526,0.39,0.018,29.18
2164.7,69.88,12.517,0.576,0.068,29.5
2168.3,69.83,12.495,0.832,0.17,29.67
2171.9,69.79,12.517,0.573,0.0,29.1
2175.5,69.74,12.531,0.44,0.0,29.19
2179.1,69.69,12.513,0.514,0.044,29.47
2182.7,69.64,12.507,0.532,0.027,29.27
2186.3,69.59,12.507,0.589,0.148,29.22
2189.9,69.55,12.492,0.913,0.238,29.63
2193.5,69.5,12.454,1.129,0.473,29.73
2197.1,69.45,12.489,1.064,0.362,29.39
2200.7,69.4,12.486,0.804,0.235,29.43
2204.3,69.35,12.514,0.74,0.177,29.13
2207.9,69.3,12.505,0.696,0.164,29.17
2211.5,69.26,12.53,0.329,0.083,29.25
2215.1,69.21,12.491,0.426,0.0,29.27
2218.7,69.16,12.495,0.508,0.036,29.1
2222.3,69.11,12.484,0.445,0.0,29.12
2225.9,69.06,12.493,0.392,0.0,29.04
2229.5,69.02,12.514,0.531,0.0,29.39
2233.1,68.97,12.52,0.465,0.0,28.88
2236.7,68.92,12.464,0.768,0.159,29.18
2240.3,68.87,12.459,1.048,0.314,29.11
2243.9,68.82,12.459,1.121,0.408,29.59
2247.5,68.78,12.47,1.083,0.471,29.13
2251.1,68.73,12.445,0.848,0.401,29.42
2254.7,68.68,12.432,1.13,0.469,29.84
2258.3,68.63,12.467,1.027,0.335,29.81
2261.9,68.58,12.433,0.945,0.345,29.08
2265.5,68.54,12.458,0.871,0.25,29.48
2269.1,68.49,12.46,0.985,0.318,29.26
2272.7,68.44,12.445,1.327,0.505,29.34
2276.3,68.39,12.45,1.038,0.384,29.45
2279.9,68.34,12.449,0.965,0.321,29.7
2283.5,68.3,12.463,1.019,0.329,29.59
2287.1,68.25,12.465,0.782,0.112,29.24
2290.7,68.2,12.475,0.281,0.0,29.35
2294.3,68.15,12.462,0.709,0.182,28.91
2297.9,68.1,12.46,0.827,0.218,29.25
2301.6,68.06,12.481,0.772,0.143,29.22
2305.2,68.01,12.472,0.656,0.138,29.36
2308.8,67.96,12.484,0.517,0.08,29.26
2312.4,67.91,12.45,0.618,0.092,29.3
2316.0,67.86,12.453,0.548,0.038,29.27
2319.6,67.82,12.462,0.427,0.025,29.27
2323.2,67.77,12.452,0.63,0.104,29.44
2326.8,67.72,12.427,0.836,0.175,29.44
2330.4,67.67,12.444,1.164,0.349,29.47
2334.0,67.62,12.44,1.102,0.394,29.58
2337.6,67.58,12.421,1.088,0.397,29.66
2341.2,67.53,12.419,1.383,0.591,29.49
2344.8,67.48,12.409,1.42,0.565,29.6
2348.4,67.43,12.436,1.019,0.304,29.71
2352.0,67.38,12.43,0.484,0.0,29.07
2355.6,67.34,12.452,0.37,0.03,29.61
2359.2,67.29,12.442,0.571,0.027,29.05
2362.8,67.24,12.453,0.522,0.126,29.23
2366.4,67.19,12.434,0.515,0.073,29.11
2370.0,67.14,12.409,0.415,0.0,29.7
2373.6,67.09,12.413,0.727,0.101,29.27
2377.2,67.05,12.442,0.427,0.022,29.17
2380.8,67.0,12.446,0.352,0.0,29.17
2384.4,66.95,12.468,0.379,0.0,29.27
2388.0,66.9,12.435,0.677,0.09,29.29
2391.6,66.85,12.45,0.2,0.0,29.16
2395.2,66.81,12.428,0.583,0.148,28.62
2398.8,66.76,12.432,0.802,0.106,29.41
2402.4,66.71,12.405,0.808,0.203,29.41
2406.0,66.66,12.412,0.781,0.251,29.6
2409.6,66.61,12.375,1.218,0.472,29.81
2413.2,66.56,12.408,1.279,0.517,29.53
2416.8,66.52,12.378,1.542,0.66,29.82
2420.4,66.47,12.359,1.559,0.592,29.45
2424.0,66.42,12.39,1.097,0.405,29.66
2427.6,66.37,12.392,1.209,0.521,29.43
2431.2,66.32,12.389,1.017,0.33,29.24
2434.8,66.28,12.383,1.025,0.419,29.44
2438.4,66.23,12.39,0.806,0.29,29.68
2442.0,66.18,12.402,0.839,0.323,29.45
2445.6,66.13,12.371,1.224,0.546,29.85
2449.2,66.08,12.362,1.341,0.625,29.44
2452.8,66.03,12.351,1.271,0.599,29.78
2456.4,65.99,12.361,1.469,0.65,29.51
2460.0,65.94,12.364,1.297,0.587,29.62
2463.6,65.89,12.347,1.579,0.864,29.72
2467.2,65.84,12.353,1.584,0.777,29.81
2470.8,65.79,12.359,1.597,0.763,29.73
2474.4,65.74,12.351,1.708,0.831,29.57
2478.0,65.7,12.336,1.943,0.873,29.98
2481.6,65.65,12.328,1.839,0.929,30.11
2485.2,65.6,12.319,1.883,0.868,29.67
2488.8,65.55,12.317,1.759,0.838,29.37
2492.4,65.5,12.312,1.966,0.948,29.91
2496.0,65.45,12.315,2.052,1.051,29.78
2499.6,65.41,12.295,2.201,1.096,29.87
2503.3,65.36,12.296,2.417,1.256,30.08
2506.9,65.31,12.266,2.661,1.371,29.97
2510.5,65.26,12.249,2.757,1.471,30.04
2514.1,65.21,12.303,2.406,1.278,29.95
2517.7,65.16,12.272,2.61,1.322,30.33
2521.3,65.11,12.264,2.632,1.343,30.05
2524.9,65.07,12.248,2.838,1.52,29.87
2528.5,65.02,12.292,2.384,1.176,29.72
2532.1,64.97,12.312,2.245,1.156,29.94
2535.7,64.92,12.285,2.228,1.167,29.68
2539.3,64.87,12.291,2.125,1.037,29.56
2542.9,64.82,12.323,1.85,0.927,29.9
2546.5,64.77,12.263,2.149,1.104,30.02
2550.1,64.73,12.316,2.195,1.16,29.82
2553.7,64.68,12.3,2.635,1.383,30.11
2557.3,64.63,12.219,2.671,1.361,30.1
2560.9,64.58,12.276,2.304,1.192,30.05
2564.5,64.53,12.256,2.471,1.153,30.11
2568.1,64.48,12.274,2.228,1.094,29.39
2571.7,64.43,12.26,2.429,1.178,29.93
2575.3,64.39,12.273,2.508,1.256,30.11
2578.9,64.34,12.246,2.738,1.317,30.01
2582.5,64.29,12.221,2.978,1.585,30.18
2586.1,64.24,12.23,2.985,1.736,30.32
2589.7,64.19,12.239,2.983,1.634,30.19
2593.3,64.14,12.198,3.281,1.753,30.58
2596.9,64.09,12.192,3.229,1.757,30.49
2600.5,64.04,12.245,3.229,1.732,30.24
2604.1,63.99,12.187,3.56,1.9,30.34
2607.7,63.95,12.207,3.296,1.79,29.71
2611.3,63.9,12.188,3.556,1.901,30.31
2614.9,63.85,12.203,3.515,1.99,30.09
2618.5,63.8,12.226,3.396,1.879,30.36
2622.1,63.75,12.213,3.273,1.683,30.31
2625.7,63.7,12.185,3.176,1.673,30.38
2629.3,63.65,12.219,2.514,1.318,30.29
2632.9,63.6,12.222,2.719,1.453,30.08
2636.5,63.55,12.218,2.795,1.496,30.57
2640.1,63.51,12.182,3.065,1.668,30.25
2643.7,63.46,12.218,3.077,1.703,29.95
2647.3,63.41,12.175,3.324,1.885,30.18
2650.9,63.36,12.214,3.289,1.814,30.21
2654.5,63.31,12.214,3.356,1.875,30.43
2658.1,63.26,12.178,3.428,1.828,30.14
2661.7,63.21,12.192,3.327,1.814,30.24
2665.3,63.16,12.164,3.355,1.825,30.28
2668.9,63.11,12.192,3.34,1.868,30.21
2672.5,63.06,12.178,3.248,1.781,30.43
2676.1,63.01,12.161,3.382,1.836,30.45
2679.7,62.96,12.168,3.442,1.841,30.57
2683.3,62.92,12.178,3.171,1.678,30.18
2686.9,62.87,12.195,2.851,1.466,30.37
2690.5,62.82,12.205,2.996,1.601,29.91
2694.1,62.77,12.194,2.663,1.329,29.79
2697.7,62.72,12.238,2.505,1.31,29.77
2701.4,62.67,12.212,2.078,1.135,29.86
2705.0,62.62,12.227,2.633,1.34,30.3
2708.6,62.57,12.181,2.736,1.407,29.97
2712.2,62.52,12.193,2.775,1.447,30.01
2715.8,62.47,12.19,2.659,1.35,30.02
2719.4,62.42,12.209,2.304,1.185,30.06
2723.0,62.37,12.226,2.27,1.206,29.84
2726.6,62.32,12.228,2.403,1.204,29.87
2730.2,62.27,12.232,2.219,1.075,29.64
2733.8,62.22,12.221,1.931,0.943,29.7
2737.4,62.17,12.232,1.846,0.805,30.02
2741.0,62.13,12.236,1.444,0.663,29.66
2744.6,62.08,12.239,1.303,0.588,29.45
2748.2,62.03,12.222,1.56,0.627,29.93
2751.8,61.98,12.23,1.583,0.687,29.57
2755.4,61.93,12.245,1.465,0.682,29.93
2759.0,61.88,12.206,1.56,0.698,29.96
2762.6,61.83,12.227,1.678,0.764,29.74
2766.2,61.78,12.279,1.073,0.524,29.21
2769.8,61.73,12.263,1.252,0.549,30.03
2773.4,61.68,12.221,1.545,0.707,29.76
2777.0,61.63,12.221,1.271,0.475,29.52
2780.6,61.58,12.274,0.739,0.145,29.59
2784.2,61.53,12.232,0.712,0.122,29.53
2787.8,61.48,12.278,0.804,0.252,29.68
2791.4,61.43,12.262,0.699,0.231,29.25
2795.0,61.38,12.279,0.942,0.305,29.53
2798.6,61.33,12.224,0.947,0.342,29.23
2802.2,61.28,12.271,0.775,0.203,29.54
2805.8,61.23,12.264,0.567,0.087,29.33
2809.4,61.18,12.257,0.603,0.0,29.41
2813.0,61.13,12.241,0.583,0.182,29.32
2816.6,61.08,12.256,0.843,0.283,29.39
2820.2,61.03,12.256,0.842,0.27,29.26
2823.8,60.98,12.276,0.756,0.242,29.56
2827.4,60.93,12.265,0.717,0.145,29.69
2831.0,60.88,12.236,0.783,0.193,29.3
2834.6,60.83,12.237,0.598,0.106,29.46
2838.2,60.78,12.235,0.504,0.062,29.4
2841.8,60.73,12.282,0.399,0.0,29.28
2845.4,60.68,12.238,0.559,0.093,29.03
2849.0,60.63,12.273,0.514,0.075,29.06
2852.6,60.58,12.255,0.551,0.092,29.18
2856.2,60.53,12.256,0.443,0.0,28.87
2859.8,60.48,12.244,0.465,0.0,29.59
2863.4,60.43,12.264,0.333,0.019,29.33
2867.0,60.38,12.253,0.321,0.0,29.25
2870.6,60.33,12.249,0.26,0.0,28.8
2874.2,60.28,12.253,0.469,0.0,28.94
2877.8,60.23,12.24,0.451,0.0,29.3
2881.4,60.18,12.217,0.679,0.123,29.78
2885.0,60.13,12.243,0.555,0.165,29.2
2888.6,60.08,12.219,0.803,0.147,29.6
2892.2,60.03,12.242,0.487,0.062,29.22
2895.8,59.98,12.229,0.426,0.0,29.31
2899.4,59.93,12.204,0.664,0.113,29.62
2903.1,59.88,12.258,0.443,0.058,29.23
2906.7,59.82,12.258,0.371,0.0,29.14
2910.3,59.77,12.243,0.428,0.0,29.58
2913.9,59.72,12.207,0.736,0.054,29.41
2917.5,59.67,12.215,0.57,0.083,29.56
2921.1,59.62,12.241,0.542,0.0,29.2
2924.7,59.57,12.204,0.714,0.136,29.68
2928.3,59.52,12.213,0.436,0.0,29.35
2931.9,59.47,12.239,0.628,0.163,29.45
2935.5,59.42,12.201,0.789,0.186,29.45
2939.1,59.37,12.24,0.524,0.14,29.23
2942.7,59.32,12.182,0.709,0.11,29.4
2946.3,59.27,12.213,0.626,0.119,29.28
2949.9,59.22,12.241,0.511,0.183,29.52
2953.5,59.17,12.213,0.419,0.0,29.25
2957.1,59.12,12.205,0.454,0.0,29.01
2960.7,59.07,12.192,0.427,0.006,28.96
2964.3,59.02,12.207,0.761,0.147,29.07
2967.9,58.96,12.173,0.866,0.282,29.57
2971.5,58.91,12.168,1.133,0.473,29.31
2975.1,58.86,12.138,1.366,0.603,29.69
2978.7,58.81,12.185,1.233,0.503,29.61
2982.3,58.76,12.179,1.206,0.501,29.56
2985.9,58.71,12.141,1.57,0.631,29.79
2989.5,58.66,12.124,1.552,0.748,29.72
2993.1,58.61,12.161,1.592,0.723,29.16
2996.7,58.56,12.127,1.661,0.784,29.67
3000.3,58.51,12.123,1.5,0.729,29.76
3003.9,58.46,12.125,1.222,0.55,29.91
3007.5,58.4,12.138,1.266,0.535,29.93
3011.1,58.35,12.118,1.401,0.514,29.37
3014.7,58.3,12.14,1.172,0.453,29.49
3018.3,58.25,12.163,1.099,0.517,29.22
3021.9,58.2,12.153,0.938,0.489,29.78
3025.5,58.15,12.142,1.35,0.536,29.83
3029.1,58.1,12.117,1.488,0.626,29.74
3032.7,58.05,12.101,2.019,0.912,29.89
3036.3,58.0,12.138,1.802,0.9,30.06
3039.9,57.95,12.086,2.139,1.043,30.14
3043.5,57.89,12.092,2.194,1.07,30.15
3047.1,57.84,12.065,2.136,1.104,29.99
3050.7,57.79,12.11,2.116,1.093,29.82
3054.3,57.74,12.076,2.179,1.109,30.07
3057.9,57.69,12.096,2.197,1.082,30.09
3061.5,57.64,12.071,2.327,1.2,29.93
3065.1,57.59,12.08,2.326,1.113,29.9
3068.7,57.54,12.1,1.917,0.933,30.05
3072.3,57.48,12.092,1.719,0.869,30.09
3075.9,57.43,12.106,1.861,0.792,29.66
3079.5,57.38,12.093,1.536,0.727,29.64
3083.1,57.33,12.116,1.511,0.71,29.75
3086.7,57.28,12.1,1.449,0.646,29.76
3090.3,57.23,12.111,1.43,0.628,29.55
3093.9,57.18,12.105,1.275,0.564,29.98
3097.5,57.12,12.101,1.463,0.613,29.75
3101.2,57.07,12.061,1.911,0.898,29.93
3104.8,57.02,12.08,1.898,0.922,30.17
3108.4,56.97,12.086,1.677,0.863,29.65
3112.0,56.92,12.085,1.498,0.584,29.66
3115.6,56.87,12.078,1.753,0.812,29.52
3119.2,56.82,12.077,1.799,0.844,29.75
3122.8,56.76,12.07,1.681,0.824,29.45
3126.4,56.71,12.094,1.315,0.551,29.77
3130.0,56.66,12.085,1.206,0.537,29.66
3133.6,56.61,12.123,1.414,0.552,29.6
3137.2,56.56,12.113,1.192,0.489,29.55
3140.8,56.51,12.106,1.068,0.328,29.68
3144.4,56.46,12.141,0.621,0.161,29.15
3148.0,56.4,12.07,1.051,0.391,29.57
3151.6,56.35,12.061,1.038,0.403,29.66
3155.2,56.3,12.091,1.061,0.34,29.17
3158.8,56.25,12.087,0.8,0.344,29.57
3162.4,56.2,12.099,0.884,0.34,29.13
3166.0,56.15,12.122,0.528,0.167,29.32
3169.6,56.09,12.118,0.778,0.277,29.2
3173.2,56.04,12.088,0.745,0.254,29.71
3176.8,55.99,12.109,0.747,0.268,29.19
3180.4,55.94,12.086,1.058,0.445,29.2
3184.0,55.89,12.105,0.762,0.288,29.45
3187.6,55.84,12.096,0.644,0.195,29.3
3191.2,55.78,12.11,0.904,0.232,29.18
3194.8,55.73,12.082,0.984,0.34,29.61
3198.4,55.68,12.114,0.875,0.265,29.07
3202.0,55.63,12.086,0.637,0.197,29.18
3205.6,55.58,12.1,0.801,0.273,29.33
3209.2,55.53,12.063,1.251,0.545,29.76
3212.8,55.47,12.055,1.303,0.553,29.88
3216.4,55.42,12.07,1.261,0.46,29.82
3220.0,55.37,12.066,1.041,0.333,29.49
3223.6,55.32,12.032,0.977,0.316,29.02
3227.2,55.27,12.017,1.118,0.417,29.63
3230.8,55.21,12.053,1.684,0.754,30.04
3234.4,55.16,12.058,1.528,0.717,29.94
3238.0,55.11,12.063,1.598,0.725,29.81
3241.6,55.06,12.007,2.111,0.93,29.66
3245.2,55.01,12.001,1.82,0.966,29.69
3248.8,54.96,12.003,2.017,0.991,30.26
3252.4,54.9,11.988,2.41,1.167,29.72
3256.0,54.85,11.982,2.194,1.178,29.7
3259.6,54.8,12.028,2.051,1.06,30.07
3263.2,54.75,12.023,2.298,1.206,29.88
3266.8,54.7,12.009,2.023,1.015,29.63
3270.4,54.64,11.995,2.121,1.136,30.21
3274.0,54.59,11.966,2.274,1.135,30.05
3277.6,54.54,12.01,2.231,1.099,29.87
3281.2,54.49,11.99,2.151,1.06,29.69
3284.8,54.44,11.99,2.016,1.042,30.28
3288.4,54.38,12.001,1.99,0.989,29.86
3292.0,54.33,11.983,1.997,1.042,30.14
3295.6,54.28,11.991,2.033,0.993,30.05
3299.2,54.23,11.975,1.85,0.763,29.71
3302.9,54.18,12.021,1.657,0.763,29.64
3306.5,54.12,11.997,1.74,0.878,30.06
3310.1,54.07,12.027,1.5,0.641,29.98
3313.7,54.02,12.013,1.33,0.64,29.26
3317.3,53.97,12.017,1.254,0.585,29.71
3320.9,53.92,11.989,1.452,0.697,29.65
3324.5,53.86,12.017,1.444,0.665,29.47
3328.1,53.81,11.977,1.73,0.758,29.82
3331.7,53.76,11.977,1.822,0.835,29.53
3335.3,53.71,11.975,1.974,0.916,29.76
3338.9,53.66,11.968,2.117,1.103,29.75
3342.5,53.6,11.941,2.083,1.076,29.8
3346.1,53.55,11.957,2.168,1.083,29.91
3349.7,53.5,11.971,2.177,1.132,29.73
3353.3,53.45,11.95,2.212,1.143,30.26
3356.9,53.4,11.949,2.249,1.112,30.05
3360.5,53.34,11.965,2.005,1.004,30.23
3364.1,53.29,11.956,2.071,1.005,29.86
3367.7,53.24,11.947,1.954,0.826,29.74
3371.3,53.19,11.987,1.411,0.581,30.01
3374.9,53.14,12.011,1.223,0.447,29.48
3378.5,53.08,11.974,1.313,0.526,29.59
3382.1,53.03,11.988,1.196,0.554,29.73
3385.7,52.98,11.965,1.328,0.635,29.39
3389.3,52.93,12.004,1.226,0.552,29.74
3392.9,52.88,11.977,1.425,0.677,29.79
3396.5,52.82,11.971,1.282,0.509,29.87
3400.1,52.77,11.995,1.057,0.379,29.72
3403.7,52.72,11.96,1.339,0.502,29.9
3407.3,52.67,11.964,1.283,0.521,29.6
3410.9,52.62,11.952,1.355,0.602,29.47
3414.5,52.56,11.962,1.252,0.63,30.03
3418.1,52.51,11.991,1.359,0.563,29.34
3421.7,52.46,11.968,1.164,0.42,29.29
3425.3,52.41,12.006,0.736,0.2,29.54
3428.9,52.36,11.959,1.242,0.417,29.93
3432.5,52.3,12.001,0.861,0.222,29.51
3436.1,52.25,11.959,1.137,0.393,29.77
3439.7,52.2,11.981,0.982,0.405,29.12
3443.3,52.15,11.975,1.072,0.437,29.45
3446.9,52.1,12.004,1.152,0.461,29.2
3450.5,52.04,11.975,1.187,0.526,29.74
3454.1,51.99,11.953,1.22,0.432,29.29
3457.7,51.94,11.993,0.788,0.173,29.19
3461.3,51.89,12.028,0.483,0.104,29.44
3464.9,51.84,11.956,0.767,0.158,29.65
3468.5,51.78,11.982,0.455,0.029,29.3
3472.1,51.73,11.985,0.542,0.158,29.48
3475.7,51.68,11.975,0.662,0.142,29.51
3479.3,51.63,11.985,0.454,0.0,29.29
3482.9,51.58,11.965,0.524,0.018,29.14
3486.5,51.52,12.005,0.513,0.07,29.47
3490.1,51.47,11.952,0.693,0.131,29.54
3493.7,51.42,11.981,0.448,0.0,29.51
3497.3,51.37,12.005,0.326,0.0,29.35
3501.0,51.32,11.979,0.484,0.123,29.11
3504.6,51.26,11.963,0.49,0.0,29.48
3508.2,51.21,11.942,0.758,0.123,29.44
3511.8,51.16,11.953,0.842,0.259,29.37
3515.4,51.11,11.948,0.769,0.116,29.39
3519.0,51.06,11.974,0.491,0.0,29.21
3522.6,51.01,11.943,0.605,0.088,29.57
3526.2,50.95,11.984,0.417,0.039,29.04
3529.8,50.9,11.946,0.937,0.195,29.31
3533.4,50.85,11.939,1.076,0.387,29.49
3537.0,50.8,11.969,0.824,0.248,29.79
3540.6,50.75,11.95,0.61,0.152,29.6
3544.2,50.69,11.938,0.719,0.163,29.1
3547.8,50.64,11.96,0.307,0.0,29.56
3551.4,50.59,11.957,0.456,0.0,29.61
3555.0,50.54,11.96,0.384,0.0,29.08
3558.6,50.49,11.923,0.881,0.24,28.98
3562.2,50.43,11.907,0.802,0.27,29.44
3565.8,50.38,11.931,0.735,0.191,29.66
3569.4,50.33,11.955,0.496,0.068,29.67
3573.0,50.28,11.955,0.404,0.0,29.15
3576.6,50.23,11.962,0.551,0.0,29.72
3580.2,50.18,11.974,0.511,0.0,28.91
3583.8,50.12,11.958,0.443,0.0,29.26
3587.4,50.07,11.963,0.503,0.058,29.27
3591.0,50.02,11.949,0.565,0.048,29.61
3594.6,49.97,11.953,0.734,0.143,29.7
3598.2,49.92,11.963,0.545,0.106,29.56
3601.8,49.87,11.927,0.964,0.31,29.25
3605.4,49.81,11.924,0.928,0.402,29.68
3609.0,49.76,11.895,1.196,0.428,29.7
3612.6,49.71,11.889,1.347,0.487,29.32
3616.2,49.66,11.895,1.102,0.42,29.15
3619.8,49.61,11.919,0.87,0.39,29.69
3623.4,49.56,11.889,1.048,0.355,29.51
3627.0,49.5,11.907,0.812,0.263,29.21
3630.6,49.45,11.887,0.531,0.099,29.33
3634.2,49.4,11.935,0.759,0.165,29.52
3637.8,49.35,11.897,0.91,0.281,29.48
3641.4,49.3,11.907,0.894,0.328,29.18
3645.0,49.25,11.919,0.919,0.317,29.88
3648.6,49.19,11.876,1.388,0.582,29.87
3652.2,49.14,11.902,1.184,0.503,29.53
3655.8,49.09,11.855,1.289,0.533,29.58
3659.4,49.04,11.947,0.507,0.0,29.43
3663.0,48.99,11.929,0.446,0.0,29.11
3666.6,48.94,11.908,0.578,0.075,29.45
3670.2,48.89,11.914,0.801,0.288,29.2
3673.8,48.83,11.866,0.943,0.287,29.5
3677.4,48.78,11.891,0.686,0.306,29.19
3681.0,48.73,11.913,0.733,0.227,29.22
3684.6,48.68,11.858,0.814,0.284,29.8
3688.2,48.63,11.896,0.741,0.189,29.46
3691.8,48.58,11.892,0.781,0.181,29.5
3695.4,48.53,11.924,0.542,0.004,28.97
3699.0,48.47,11.879,0.344,0.0,29.19
3702.7,48.42,11.921,0.447,0.0,29.43
3706.3,48.37,11.888,0.416,0.0,29.37
3709.9,48.32,11.895,0.285,0.0,28.85
3713.5,48.27,11.859,0.746,0.088,29.49
3717.1,48.22,11.864,0.656,0.208,29.49
3720.7,48.17,11.875,0.852,0.243,29.74
3724.3,48.11,11.846,0.95,0.323,29.39
3727.9,48.06,11.877,0.844,0.231,29.03
3731.5,48.01,11.869,0.554,0.112,29.18
3735.1,47.96,11.849,0.759,0.171,29.23
3738.7,47.91,11.877,0.377,0.037,29.47
3742.3,47.86,11.884,0.471,0.0,28.81
3745.9,47.81,11.847,0.991,0.343,29.44
3749.5,47.76,11.854,0.918,0.349,29.79
3753.1,47.71,11.862,0.931,0.29,29.52
3756.7,47.65,11.868,0.896,0.218,29.68
3760.3,47.6,11.866,0.479,0.044,29.03
3763.9,47.55,11.848,0.587,0.077,29.07
3767.5,47.5,11.869,0.487,0.04,29.65
3771.1,47.45,11.881,0.335,0.0,29.33
3774.7,47.4,11.843,0.487,0.064,29.38
3778.3,47.35,11.853,0.428,0.023,29.12
3781.9,47.3,11.858,0.348,0.0,29.33
3785.5,47.25,11.859,0.446,0.007,29.12
3789.1,47.2,11.85,0.425,0.003,29.58
3792.7,47.14,11.878,0.284,0.0,29.83
3796.3,47.09,11.838,0.346,0.049,29.41
3799.9,47.04,11.832,0.452,0.0,29.22
3803.5,46.99,11.844,0.559,0.123,28.88
3807.1,46.94,11.842,0.624,0.111,29.07
3810.7,46.89,11.825,0.533,0.036,29.69
3814.3,46.84,11.843,0.403,0.059,29.13
3817.9,46.79,11.844,0.414,0.075,29.26
3821.5,46.74,11.828,0.701,0.086,29.57
3825.1,46.69,11.832,0.755,0.191,29.75
3828.7,46.64,11.836,0.406,0.0,29.29
3832.3,46.59,11.868,0.375,0.031,29.24
3835.9,46.53,11.852,0.367,0.0,29.33
3839.5,46.48,11.833,0.347,0.0,29.19
3843.1,46.43,11.824,0.758,0.168,29.34
3846.7,46.38,11.838,0.466,0.072,29.44
3850.3,46.33,11.84,0.717,0.119,29.48
3853.9,46.28,11.808,0.776,0.229,29.89
3857.5,46.23,11.826,0.793,0.287,29.56
3861.1,46.18,11.811,0.846,0.295,29.72
3864.7,46.13,11.838,0.726,0.321,29.23
3868.3,46.08,11.819,1.017,0.387,29.65
3871.9,46.03,11.808,0.876,0.29,29.36
3875.5,45.98,11.794,0.99,0.287,29.62
3879.1,45.93,11.793,1.21,0.552,29.76
3882.7,45.88,11.768,1.472,0.602,29.72
3886.3,45.83,11.795,1.456,0.614,30.19
3889.9,45.78,11.77,1.445,0.569,29.99
3893.5,45.73,11.775,1.169,0.473,29.84
3897.1,45.68,11.766,1.302,0.503,29.8
3900.8,45.63,11.761,1.154,0.541,29.95
3904.4,45.58,11.775,1.383,0.53,29.39
3908.0,45.52,11.733,1.764,0.854,30.09
3911.6,45.47,11.772,1.546,0.768,29.54
3915.2,45.42,11.742,1.397,0.655,29.57
3918.8,45.37,11.762,1.391,0.611,29.79
3922.4,45.32,11.779,1.326,0.603,29.91
3926.0,45.27,11.732,1.251,0.502,29.4
3929.6,45.22,11.799,1.118,0.528,29.49
3933.2,45.17,11.759,1.17,0.568,29.63
3936.8,45.12,11.747,1.554,0.65,29.7
3940.4,45.07,11.757,1.435,0.587,29.87
3944.0,45.02,11.752,1.562,0.743,30.43
3947.6,44.97,11.731,1.808,0.816,29.91
3951.2,44.92,11.712,2.389,1.153,29.89
3954.8,44.87,11.713,2.185,1.065,29.7
3958.4,44.82,11.74,1.987,0.963,29.83
3962.0,44.77,11.721,1.971,0.927,29.7
3965.6,44.72,11.744,1.913,0.967,29.96
3969.2,44.67,11.719,2.074,1.025,30.01
3972.8,44.62,11.669,2.235,1.097,29.89
3976.4,44.57,11.718,2.548,1.352,30.49
3980.0,44.52,11.682,2.282,1.128,29.85
3983.6,44.47,11.729,1.932,0.919,29.85
3987.2,44.42,11.707,1.907,0.905,29.99
3990.8,44.37,11.704,2.232,1.146,30.16
3994.4,44.32,11.666,2.445,1.233,30.31
3998.0,44.27,11.7,2.128,1.113,30.03
4001.6,44.22,11.682,2.197,1.134,30.18
4005.2,44.17,11.71,2.168,1.112,29.83
4008.8,44.12,11.69,2.19,1.086,30.15
4012.4,44.07,11.711,1.879,1.022,30.04
4016.0,44.02,11.65,2.159,1.033,30.26
4019.6,43.97,11.676,2.224,1.162,29.65
4023.2,43.93,11.679,2.274,1.108,29.82
4026.8,43.88,11.674,2.293,1.181,30.17
4030.4,43.83,11.674,2.5,1.276,29.55
4034.0,43.78,11.634,2.855,1.431,30.3
4037.6,43.73,11.656,2.526,1.327,30.3
4041.2,43.68,11.665,2.643,1.328,30.01
4044.8,43.63,11.623,2.42,1.25,29.96
4048.4,43.58,11.663,2.457,1.261,29.85
4052.0,43.53,11.647,2.471,1.272,29.96
4055.6,43.48,11.644,2.32,1.14,29.92
4059.2,43.43,11.664,2.268,1.158,29.86
4062.8,43.38,11.656,2.673,1.42,29.99
4066.4,43.33,11.648,2.738,1.478,30.11
4070.0,43.28,11.636,2.592,1.324,30.05
4073.6,43.23,11.662,2.352,1.213,30.4
4077.2,43.18,11.657,2.418,1.208,29.97
4080.8,43.13,11.649,2.274,1.1,30.07
4084.4,43.08,11.636,2.323,1.248,29.9
4088.0,43.03,11.647,2.097,1.08,29.82
4091.6,42.99,11.665,2.141,1.139,29.61
4095.2,42.94,11.651,2.131,0.95,29.64
4098.8,42.89,11.643,1.966,0.943,29.65
4102.5,42.84,11.642,1.759,0.819,29.86
4106.1,42.79,11.677,1.783,0.9,30.04
4109.7,42.74,11.64,2.079,1.024,29.58
4113.3,42.69,11.647,2.185,1.063,29.86
4116.9,42.64,11.652,2.328,1.194,29.75
4120.5,42.59,11.628,2.007,0.908,29.86
4124.1,42.54,11.642,2.083,0.925,30.15
4127.7,42.49,11.646,1.928,0.982,29.79
4131.3,42.44,11.647,2.044,1.055,29.91
4134.9,42.39,11.675,1.707,0.834,30.1
4138.5,42.35,11.622,1.974,0.884,29.99
4142.1,42.3,11.646,2.041,0.959,29.77
4145.7,42.25,11.654,1.983,0.975,29.93
4149.3,42.2,11.645,1.772,0.821,29.66
4152.9,42.15,11.655,1.564,0.756,29.84
4156.5,42.1,11.64,1.988,0.904,30.01
4160.1,42.05,11.634,2.075,1.037,29.66
4163.7,42.0,11.631,2.16,1.092,30.0
4167.3,41.95,11.619,2.379,1.175,30.02
4170.9,41.9,11.588,2.494,1.292,30.19
4174.5,41.86,11.612,2.583,1.345,30.28
4178.1,41.81,11.6,2.855,1.49,30.3
4181.7,41.76,11.567,3.183,1.629,30.26
4185.3,41.71,11.515,3.695,1.938,30.69
4188.9,41.66,11.545,3.48,1.877,30.25
4192.5,41.61,11.549,3.471,1.818,30.16
4196.1,41.56,11.559,2.835,1.487,29.56
4199.7,41.51,11.568,2.863,1.531,30.2
4203.3,41.47,11.525,3.371,1.764,30.23
4206.9,41.42,11.545,3.547,1.918,30.53
4210.5,41.37,11.536,3.58,2.018,30.07
4214.1,41.32,11.49,3.921,2.182,30.45
4217.7,41.27,11.515,3.986,2.241,30.7
4221.3,41.22,11.51,3.948,2.207,30.39
4224.9,41.17,11.486,4.558,2.475,30.89
4228.5,41.12,11.473,4.526,2.525,30.68
4232.1,41.08,11.451,4.806,2.662,30.89
4235.7,41.03,11.472,4.361,2.376,30.86
4239.3,40.98,11.5,3.844,2.11,30.75
4242.9,40.93,11.512,3.755,2.13,30.54
4246.5,40.88,11.492,4.168,2.022,30.51
4250.1,40.83,11.648,0.907,0.0,29.44
4253.7,40.78,11.67,0.374,0.0,29.47
4257.3,40.74,11.638,1.003,0.332,29.36
4260.9,40.69,11.671,1.183,0.458,29.59
4264.5,40.64,11.601,1.564,0.636,29.68
4268.1,40.59,11.652,0.571,0.0,29.39
4271.7,40.54,11.711,0.528,0.097,29.2
4275.3,40.49,11.663,0.599,0.076,29.05
4278.9,40.44,11.621,0.86,0.256,29.62
4282.5,40.4,11.66,0.724,0.335,29.66
4286.1,40.35,11.622,0.926,0.33,29.18
4289.7,40.3,11.653,0.818,0.188,29.57
4293.3,40.25,11.644,0.636,0.206,29.65
4296.9,40.2,11.619,1.054,0.351,29.7
4300.6,40.15,11.629,1.427,0.54,29.63
4304.2,40.11,11.624,1.2,0.497,29.45
4307.8,40.06,11.599,1.791,0.801,29.86
4311.4,40.01,11.589,1.799,0.935,29.89
4315.0,39.96,11.568,1.917,0.829,29.91
4318.6,39.91,11.601,1.546,0.697,29.72
4322.2,39.86,11.611,1.511,0.684,29.53
4325.8,39.82,11.592,1.538,0.641,29.84
4329.4,39.77,11.613,1.592,0.702,29.87
4333.0,39.72,11.603,1.467,0.707,29.77
4336.6,39.67,11.591,1.48,0.674,29.76
4340.2,39.62,11.602,1.249,0.49,29.99
4343.8,39.57,11.597,1.293,0.572,29.54
4347.4,39.53,11.597,0.851,0.379,29.77
4351.0,39.48,11.593,1.243,0.514,29.51
4354.6,39.43,11.617,0.836,0.278,29.73
4358.2,39.38,11.611,0.726,0.079,29.72
4361.8,39.33,11.636,0.434,0.0,29.31
4365.4,39.28,11.635,0.328,0.0,29.67
4369.0,39.24,11.644,0.344,0.0,29.43
4372.6,39.19,11.645,0.257,0.0,29.13
4376.2,39.14,11.631,0.366,0.034,29.27
4379.8,39.09,11.601,0.482,0.0,29.61
4383.4,39.04,11.639,0.634,0.035,29.63
4387.0,39.0,11.617,0.467,0.0,29.17
4390.6,38.95,11.62,0.393,0.0,29.33
4394.2,38.9,11.615,0.399,0.0,29.4
4397.8,38.85,11.604,0.548,0.133,29.31
4401.4,38.8,11.628,0.639,0.044,29.92
4405.0,38.75,11.627,0.584,0.118,29.47
4408.6,38.71,11.611,0.586,0.0,29.41
4412.2,38.66,11.588,0.859,0.186,29.76
4415.8,38.61,11.608,0.644,0.198,29.37
4419.4,38.56,11.574,1.131,0.451,29.82
4423.0,38.51,11.57,1.111,0.449,29.28
4426.6,38.47,11.587,0.896,0.266,29.44
4430.2,38.42,11.586,0.663,0.144,29.66
4433.8,38.37,11.585,0.86,0.115,29.84
4437.4,38.32,11.61,0.315,0.0,29.18
4441.0,38.27,11.598,0.641,0.119,29.27
4444.6,38.23,11.577,0.681,0.128,29.57
4448.2,38.18,11.608,0.422,0.011,29.25
4451.8,38.13,11.574,0.597,0.11,29.38
4455.4,38.08,11.586,0.431,0.064,29.55
4459.0,38.03,11.573,0.666,0.157,29.35
4462.6,37.99,11.567,0.589,0.093,29.04
4466.2,37.94,11.593,0.682,0.157,29.2
4469.8,37.89,11.564,0.636,0.108,29.45
4473.4,37.84,11.553,0.903,0.228,29.17
4477.0,37.79,11.599,0.543,0.007,29.35
4480.6,37.74,11.577,0.407,0.0,29.09
4484.2,37.7,11.586,0.306,0.0,29.66
4487.8,37.65,11.57,0.352,0.0,29.78
4491.4,37.6,11.594,0.402,0.0,29.15
4495.0,37.55,11.585,0.553,0.079,29.47
4498.6,37.5,11.59,0.404,0.024,29.17
4502.3,37.46,11.584,0.433,0.063,29.31
4505.9,37.41,11.581,0.321,0.0,29.7
4509.5,37.36,11.573,0.268,0.0,29.23
4513.1,37.31,11.559,0.436,0.0,29.32
4516.7,37.26,11.577,0.692,0.218,29.28
4520.3,37.22,11.566,0.714,0.244,29.71
4523.9,37.17,11.542,0.74,0.232,28.83
4527.5,37.12,11.552,0.73,0.245,29.39
4531.1,37.07,11.525,1.135,0.41,29.61
4534.7,37.02,11.508,1.191,0.438,29.51
4538.3,36.98,11.523,1.261,0.536,29.84
4541.9,36.93,11.505,1.425,0.628,29.97
4545.5,36.88,11.482,1.686,0.758,29.53
4549.1,36.83,11.479,1.553,0.744,30.19
4552.7,36.78,11.483,1.422,0.678,29.44
4556.3,36.74,11.484,1.734,0.744,30.09
4559.9,36.69,11.478,1.922,0.865,29.93
4563.5,36.64,11.453,2.149,1.012,29.88
4567.1,36.59,11.459,2.458,1.194,30.01
4570.7,36.54,11.453,2.335,1.303,30.04
4574.3,36.5,11.454,2.489,1.231,30.14
4577.9,36.45,11.443,2.452,1.257,29.9
4581.5,36.4,11.429,2.519,1.271,30.06
4585.1,36.35,11.443,2.484,1.273,29.94
4588.7,36.3,11.417,2.557,1.339,29.88
4592.3,36.26,11.446,2.492,1.314,29.94
4595.9,36.21,11.42,2.54,1.288,29.89
4599.5,36.16,11.431,2.854,1.515,30.14
4603.1,36.11,11.407,2.91,1.507,30.34
4606.7,36.06,11.425,2.958,1.637,30.29
4610.3,36.02,11.377,3.237,1.774,30.76
4613.9,35.97,11.371,3.452,1.804,30.0
4617.5,35.92,11.396,3.234,1.783,30.46
4621.1,35.87,11.412,3.141,1.678,30.33
4624.7,35.82,11.438,2.733,1.484,30.35
4628.3,35.78,11.401,2.953,1.559,30.41
4631.9,35.73,11.427,2.95,1.608,30.23
4635.5,35.68,11.385,3.119,1.703,30.36
4639.1,35.63,11.403,3.145,1.644,30.18
4642.7,35.58,11.357,3.439,1.887,30.56
4646.3,35.53,11.368,3.59,1.947,30.11
4649.9,35.49,11.323,3.626,1.934,30.66
4653.5,35.44,11.359,3.252,1.684,30.37
4657.1,35.39,11.392,3.046,1.638,30.2
4660.7,35.34,11.34,3.511,1.739,30.42
4664.3,35.29,11.361,3.599,1.918,30.46
4667.9,35.25,11.369,3.555,1.923,30.74
4671.5,35.2,11.336,3.752,2.125,31.19
4675.1,35.15,11.334,3.627,2.012,30.75
4678.7,35.1,11.329,3.845,2.065,30.47
4682.3,35.05,11.314,3.964,2.121,30.75
4685.9,35.0,11.321,4.06,2.198,30.79
4689.5,34.96,11.324,4.031,2.22,30.46
4693.1,34.91,11.321,3.942,2.266,30.36
4696.7,34.86,11.352,3.891,2.15,30.58
4700.4,34.81,11.305,4.074,2.315,30.82
4704.0,34.76,11.329,4.209,2.431,30.39
4707.6,34.71,11.281,4.414,2.472,30.64
4711.2,34.67,11.284,4.659,2.591,30.98
4714.8,34.62,11.285,4.949,2.76,30.98
4718.4,34.57,11.277,5.059,2.835,31.29
4722.0,34.52,11.231,5.479,3.094,30.87
4725.6,34.47,11.248,5.412,3.18,31.6
4729.2,34.43,11.248,5.337,3.081,30.8
4732.8,34.38,11.234,5.304,3.115,30.69
4736.4,34.33,11.24,5.497,3.24,31.15
4740.0,34.28,11.234,5.962,3.409,31.1
4743.6,34.23,11.217,5.855,3.434,31.28
4747.2,34.18,11.219,5.824,3.326,31.26
4750.8,34.13,11.219,5.819,3.303,31.23
4754.4,34.09,11.207,5.394,3.143,30.96
4758.0,34.04,11.222,5.647,3.242,31.3
4761.6,33.99,11.206,5.491,3.195,31.1
4765.2,33.94,11.224,5.241,3.113,31.29
4768.8,33.89,11.243,5.647,3.225,31.18
4772.4,33.84,11.194,5.869,3.424,31.1
4776.0,33.8,11.193,5.726,3.342,30.91
4779.6,33.75,11.209,5.947,3.367,31.29
4783.2,33.7,11.19,5.669,3.348,30.97
4786.8,33.65,11.176,6.067,3.5,31.09
4790.4,33.6,11.206,5.943,3.495,31.43
4794.0,33.55,11.189,5.905,3.377,30.95
4797.6,33.5,11.165,5.858,3.377,31.57
4801.2,33.46,11.186,6.055,3.5,31.39
4804.8,33.41,11.178,5.907,3.474,31.3
4808.4,33.36,11.21,5.806,3.404,31.07
4812.0,33.31,11.17,5.935,3.394,31.47
4815.6,33.26,11.199,5.821,3.279,31.28
4819.2,33.21,11.216,5.674,3.26,31.09
4822.8,33.16,11.184,5.502,3.198,31.21
4826.4,33.12,11.166,6.019,3.485,31.01
4830.0,33.07,11.18,5.888,3.258,30.98
4833.6,33.02,11.141,6.276,3.158,31.21
4837.2,32.97,11.405,1.307,0.0,29.77
4840.8,32.92,11.443,0.354,0.0,29.37
4844.4,32.87,11.435,0.483,0.054,29.62
4848.0,32.82,11.439,0.463,0.0,29.22
4851.6,32.77,11.44,0.435,0.0,29.51
4855.2,32.73,11.443,0.361,0.014,29.35
4858.8,32.68,11.432,0.339,0.0,29.17
4862.4,32.63,11.422,0.522,0.0,29.5
4866.0,32.58,11.411,0.829,0.172,29.52
4869.6,32.53,11.407,0.915,0.231,29.44
4873.2,32.48,11.395,1.01,0.274,29.61
4876.8,32.43,11.406,0.976,0.335,29.56
4880.4,32.38,11.371,1.006,0.39,29.57
4884.0,32.33,11.381,1.117,0.363,29.55
4887.6,32.29,11.396,0.922,0.281,29.31
4891.2,32.24,11.392,0.8,0.297,29.54
4894.8,32.19,11.427,0.812,0.269,29.37
4898.4,32.14,11.413,0.57,0.04,29.24
4902.1,32.09,11.423,0.396,0.0,29.34
4905.7,32.04,11.41,0.427,0.0,29.54
4909.3,31.99,11.402,0.702,0.115,29.53
4912.9,31.94,11.383,0.693,0.132,29.38
4916.5,31.89,11.403,0.585,0.029,29.34
4920.1,31.84,11.405,0.274,0.0,29.47
4923.7,31.79,11.394,0.678,0.142,29.0
4927.3,31.75,11.358,0.685,0.121,29.65
4930.9,31.7,11.396,0.308,0.0,28.98
4934.5,31.65,11.431,0.369,0.0,29.09
4938.1,31.6,11.415,0.468,0.085,29.31
4941.7,31.55,11.423,0.421,0.0,29.83
4945.3,31.5,11.416,0.55,0.008,29.78
4948.9,31.45,11.401,0.608,0.028,29.6
4952.5,31.4,11.395,0.367,0.0,29.45
4956.1,31.35,11.366,0.734,0.155,29.13
4959.7,31.3,11.398,0.733,0.176,29.54
4963.3,31.25,11.384,0.658,0.132,29.37
4966.9,31.2,11.42,0.643,0.112,29.31
4970.5,31.15,11.385,0.452,0.0,29.44
4974.1,31.11,11.414,0.535,0.0,29.34
4977.7,31.06,11.383,0.488,0.0,29.59
4981.3,31.01,11.413,0.315,0.0,28.97
4984.9,30.96,11.407,0.505,0.0,29.44
4988.5,30.91,11.35,0.8,0.167,29.35
4992.1,30.86,11.354,0.851,0.245,29.47
4995.7,30.81,11.359,0.56,0.032,29.51
4999.3,30.76,11.347,0.709,0.171,29.27
5002.9,30.71,11.379,0.608,0.114,29.5
5006.5,30.66,11.358,0.747,0.204,29.47
5010.1,30.61,11.373,0.498,0.157,29.29
5013.7,30.56,11.369,0.699,0.171,29.4
5017.3,30.51,11.345,0.416,0.027,29.37
5020.9,30.46,11.389,0.448,0.067,29.25
5024.5,30.41,11.346,0.806,0.172,29.53
5028.1,30.36,11.375,0.457,0.0,29.36
5031.7,30.31,11.369,0.574,0.107,29.33
5035.3,30.26,11.386,0.424,0.023,29.72
5038.9,30.21,11.34,0.873,0.234,29.64
5042.5,30.16,11.3,1.041,0.326,29.54
5046.1,30.11,11.334,0.979,0.395,29.62
5049.7,30.06,11.33,1.075,0.376,29.42
5053.3,30.01,11.282,1.642,0.692,29.74
5056.9,29.96,11.315,1.307,0.636,29.65
5060.5,29.91,11.308,1.269,0.515,29.45
5064.1,29.86,11.301,1.075,0.436,29.71
5067.7,29.81,11.317,1.326,0.563,29.62
5071.3,29.76,11.3,1.281,0.575,29.63
5074.9,29.71,11.298,1.335,0.568,29.61
5078.5,29.66,11.293,1.393,0.514,30.33
5082.1,29.61,11.327,1.195,0.501,29.54
5085.7,29.56,11.309,1.131,0.439,29.24
5089.3,29.51,11.296,1.404,0.52,29.43
5092.9,29.46,11.298,1.166,0.489,29.81
5096.5,29.41,11.308,1.214,0.412,29.95
5100.2,29.36,11.318,1.246,0.528,29.55
5103.8,29.31,11.307,1.226,0.411,29.94
5107.4,29.26,11.308,1.192,0.424,29.82
5111.0,29.21,11.323,0.833,0.194,29.51
5114.6,29.16,11.309,0.489,0.029,29.37
5118.2,29.11,11.322,0.357,0.0,29.42
5121.8,29.06,11.328,0.406,0.0,29.57
5125.4,29.01,11.314,0.495,0.0,29.51
5129.0,28.96,11.303,0.597,0.094,29.33
5132.6,28.91,11.283,0.721,0.195,29.47
5136.2,28.86,11.287,0.771,0.231,29.92
5139.8,28.81,11.306,0.685,0.107,29.55
5143.4,28.76,11.307,0.701,0.093,29.68
5147.0,28.71,11.279,0.997,0.324,29.71
5150.6,28.66,11.269,1.448,0.623,29.82
5154.2,28.61,11.251,1.616,0.741,29.85
5157.8,28.56,11.276,1.549,0.621,29.98
5161.4,28.51,11.259,1.469,0.608,29.92
5165.0,28.46,11.278,1.327,0.636,29.78
5168.6,28.41,11.263,1.446,0.645,29.63
5172.2,28.36,11.229,1.623,0.777,29.9
5175.8,28.31,11.24,1.771,0.865,29.87
5179.4,28.26,11.221,1.761,0.739,29.81
5183.0,28.21,11.257,1.36,0.665,30.27
5186.6,28.16,11.234,1.593,0.782,29.51
5190.2,28.11,11.234,1.909,0.953,30.12
5193.8,28.06,11.19,2.234,0.983,29.87
5197.4,28.0,11.286,0.692,0.0,29.53
5201.0,27.95,11.305,0.459,0.015,29.93
5204.6,27.9,11.306,0.509,0.0,29.25
5208.2,27.85,11.28,0.491,0.076,29.29
5211.8,27.8,11.252,1.258,0.443,29.7
5215.4,27.75,11.273,0.851,0.292,29.39
5219.0,27.7,11.271,1.283,0.476,29.89
5222.6,27.65,11.23,1.168,0.544,29.56
5226.2,27.6,11.231,1.277,0.463,29.84
5229.8,27.55,11.323,0.535,0.0,29.18
5233.4,27.5,11.277,0.492,0.0,29.07
5237.0,27.45,11.262,0.285,0.0,29.32
5240.6,27.4,11.268,0.517,0.048,29.13
5244.2,27.35,11.229,0.622,0.155,29.78
5247.8,27.29,11.256,0.951,0.292,29.29
5251.4,27.24,11.26,1.001,0.328,29.41
5255.0,27.19,11.23,1.061,0.345,29.72
5258.6,27.14,11.242,0.932,0.305,29.47
5262.2,27.09,11.28,0.55,0.0,29.15
5265.8,27.04,11.241,0.509,0.0,29.85
5269.4,26.99,11.257,0.271,0.0,29.16
5273.0,26.94,11.261,0.491,0.009,29.4
5276.6,26.89,11.244,0.649,0.106,29.45
5280.2,26.84,11.262,0.406,0.0,29.55
5283.8,26.78,11.251,0.304,0.0,29.46
5287.4,26.73,11.262,0.485,0.005,29.27
5291.0,26.68,11.263,0.333,0.007,29.32
5294.6,26.63,11.26,0.575,0.073,29.42
5298.2,26.58,11.238,0.886,0.299,29.72
5301.9,26.53,11.255,0.515,0.031,29.21
5305.5,26.48,11.21,0.886,0.264,29.98
5309.1,26.43,11.222,1.202,0.484,29.53
5312.7,26.38,11.198,1.392,0.593,29.75
5316.3,26.32,11.195,1.486,0.62,29.55
5319.9,26.27,11.213,1.46,0.543,29.52
5323.5,26.22,11.19,1.356,0.651,29.57
5327.1,26.17,11.211,1.521,0.684,29.6
5330.7,26.12,11.219,1.365,0.647,29.66
5334.3,26.07,11.188,1.741,0.751,29.68
5337.9,26.02,11.159,1.78,0.878,30.03
5341.5,25.97,11.165,1.264,0.549,29.55
5345.1,25.91,11.199,1.524,0.72,29.62
5348.7,25.86,11.189,1.417,0.63,29.68
5352.3,25.81,11.16,1.705,0.781,30.06
5355.9,25.76,11.191,1.635,0.746,29.88
5359.5,25.71,11.158,1.657,0.773,29.83
5363.1,25.66,11.162,1.66,0.824,29.56
5366.7,25.61,11.155,2.059,0.964,29.76
5370.3,25.55,11.127,2.097,1.055,29.75
5373.9,25.5,11.136,2.192,1.016,30.3
5377.5,25.45,11.182,1.608,0.76,29.94
5381.1,25.4,11.167,1.612,0.824,29.66
5384.7,25.35,11.172,1.784,0.846,29.78
5388.3,25.3,11.176,1.643,0.694,29.68
5391.9,25.25,11.16,1.592,0.73,29.65
5395.5,25.19,11.123,1.601,0.734,29.92
5399.1,25.14,11.122,1.959,0.903,29.9
5402.7,25.09,11.21,0.736,0.0,29.94
5406.3,25.04,11.183,0.545,0.123,29.71
5409.9,24.99,11.2,0.536,0.12,29.72
5413.5,24.94,11.202,0.68,0.134,29.64
5417.1,24.89,11.234,0.349,0.04,29.31
5420.7,24.83,11.193,0.512,0.0,29.57
5424.3,24.78,11.194,0.45,0.0,29.36
5427.9,24.73,11.2,0.472,0.0,29.76
5431.5,24.68,11.204,0.487,0.0,29.52
5435.1,24.63,11.182,0.75,0.171,29.59
5438.7,24.58,11.187,0.982,0.361,29.64
5442.3,24.52,11.14,1.322,0.527,30.08
5445.9,24.47,11.139,1.598,0.722,29.54
5449.5,24.42,11.117,2.102,1.009,30.38
5453.1,24.37,11.109,1.979,0.917,29.93
5456.7,24.32,11.1,2.493,1.197,29.86
5460.3,24.26,11.099,2.291,1.157,29.92
5463.9,24.21,11.097,2.483,1.239,29.81
5467.5,24.16,11.105,2.122,1.054,30.15
5471.1,24.11,11.113,1.977,0.998,29.76
5474.7,24.06,11.081,2.292,1.125,30.11
5478.3,24.01,11.078,2.323,1.214,30.31
5481.9,23.95,11.105,2.303,1.172,29.95
5485.5,23.9,11.099,2.226,1.186,30.0
5489.1,23.85,11.077,2.133,1.118,29.76
5492.7,23.8,11.076,2.472,1.245,30.06
5496.3,23.75,11.056,2.086,0.999,30.52
5499.9,23.7,11.074,2.231,1.18,30.21
5503.6,23.64,11.096,2.217,1.088,30.0
5507.2,23.59,11.082,2.141,1.09,29.9
5510.8,23.54,11.096,1.917,0.927,29.94
5514.4,23.49,11.039,2.074,0.959,30.03
5518.0,23.44,11.074,2.137,1.028,29.94
5521.6,23.38,11.08,2.202,1.071,30.15
5525.2,23.33,11.072,2.371,1.129,29.92
5528.8,23.28,11.09,2.137,1.118,29.83
5532.4,23.23,11.072,2.102,1.109,30.09
5536.0,23.18,11.071,2.112,1.095,29.78
5539.6,23.12,11.054,2.063,1.036,30.14
5543.2,23.07,11.083,1.802,0.991,29.9
5546.8,23.02,11.049,2.128,1.054,29.66
5550.4,22.97,11.029,2.33,1.225,30.12
5554.0,22.92,11.042,2.273,1.112,29.74
5557.6,22.86,11.081,2.23,1.103,30.2
5561.2,22.81,11.067,1.947,0.967,29.91
5564.8,22.76,11.074,1.927,0.91,30.32
5568.4,22.71,11.065,1.857,0.872,30.14
5572.0,22.66,11.048,1.783,0.896,29.69
5575.6,22.6,11.085,1.832,0.916,29.52
5579.2,22.55,11.043,1.702,0.917,29.72
5582.8,22.5,11.057,1.876,0.969,29.69
5586.4,22.45,11.07,1.748,0.868,30.26
5590.0,22.4,11.067,1.863,0.893,29.93
5593.6,22.35,11.038,2.124,0.985,30.21
5597.2,22.29,11.095,0.605,0.0,29.43
5600.8,22.24,11.123,0.333,0.0,29.36
5604.4,22.19,11.108,0.615,0.126,29.49
5608.0,22.14,11.114,0.465,0.0,29.66
5611.6,22.09,11.139,0.454,0.0,29.5
5615.2,22.03,11.1,0.543,0.089,29.26
5618.8,21.98,11.134,0.284,0.0,29.7
5622.4,21.93,11.118,0.546,0.116,29.41
5626.0,21.88,11.133,0.455,0.037,29.35
5629.6,21.82,11.119,0.377,0.0,28.85
5633.2,21.77,11.13,0.406,0.0,29.55
5636.8,21.72,11.107,0.532,0.0,29.49
5640.4,21.67,11.112,0.581,0.071,29.51
5644.0,21.62,11.093,0.352,0.008,29.32
5647.6,21.56,11.07,0.455,0.0,29.33
5651.2,21.51,11.113,0.465,0.005,29.37
5654.8,21.46,11.117,0.371,0.021,29.51
5658.4,21.41,11.109,0.499,0.0,29.59
5662.0,21.36,11.084,0.68,0.146,29.48
5665.6,21.3,11.111,0.716,0.239,29.72
5669.2,21.25,11.067,0.981,0.329,29.61
5672.8,21.2,11.08,0.957,0.311,29.52
5676.4,21.15,11.095,0.671,0.161,29.56
5680.0,21.1,11.108,0.712,0.183,29.26
5683.6,21.04,11.073,0.774,0.249,29.6
5687.2,20.99,11.056,0.983,0.316,29.32
5690.8,20.94,11.041,1.004,0.365,29.43
5694.4,20.89,11.077,1.16,0.41,29.29
5698.0,20.84,11.09,0.531,0.0,29.44
5701.7,20.78,11.1,0.308,0.0,29.71
5705.3,20.73,11.136,0.36,0.0,29.39
5708.9,20.68,11.085,0.519,0.128,29.6
5712.5,20.63,11.032,1.06,0.365,30.13
5716.1,20.58,11.081,0.387,0.0,29.5
5719.7,20.52,11.063,0.478,0.031,29.3
5723.3,20.47,11.066,0.558,0.075,29.36
5726.9,20.42,11.065,0.551,0.062,29.48
5730.5,20.37,11.065,0.464,0.09,29.32
5734.1,20.32,11.054,0.417,0.0,29.32
5737.7,20.26,11.091,0.534,0.0,29.67
5741.3,20.21,11.07,0.537,0.0,29.68
5744.9,20.16,11.063,0.479,0.0,29.13
5748.5,20.11,11.078,0.443,0.0,29.28
5752.1,20.06,11.072,0.461,0.066,29.36
5755.7,20.0,11.054,0.723,0.147,29.66
5759.3,19.95,11.06,0.696,0.188,29.76
5762.9,19.9,11.051,0.673,0.113,30.06
5766.5,19.85,11.074,0.357,0.0,29.32
5770.1,19.8,11.064,0.54,0.083,29.39
5773.7,19.75,11.052,0.574,0.087,29.61
5777.3,19.69,11.052,0.436,0.0,29.31
5780.9,19.64,11.074,0.49,0.021,29.43
5784.5,19.59,11.044,0.466,0.067,29.37
5788.1,19.54,11.064,0.293,0.0,28.87
5791.7,19.49,11.045,0.638,0.068,29.54
5795.3,19.43,11.029,0.616,0.0,29.47
5798.9,19.38,11.034,0.436,0.0,29.7
5802.5,19.33,11.046,0.294,0.0,29.39
5806.1,19.28,11.041,0.338,0.0,29.16
5809.7,19.23,11.018,0.472,0.0,29.4
5813.3,19.17,11.015,0.736,0.127,29.13
5816.9,19.12,11.04,0.485,0.102,29.22
5820.5,19.07,11.053,0.496,0.052,29.59
5824.1,19.02,11.026,0.79,0.192,29.52
5827.7,18.97,10.966,1.011,0.324,29.83
5831.3,18.92,11.023,0.826,0.283,29.19
5834.9,18.86,11.005,0.796,0.322,29.52
5838.5,18.81,11.014,0.877,0.256,29.5
5842.1,18.76,11.003,0.92,0.248,29.81
5845.7,18.71,11.015,0.611,0.125,29.64
5849.3,18.66,11.006,0.773,0.181,29.69
5852.9,18.6,10.997,0.95,0.326,29.93
5856.5,18.55,11.01,1.079,0.446,29.6
5860.1,18.5,10.979,1.266,0.457,30.0
5863.7,18.45,11.013,0.881,0.235,29.39
5867.3,18.4,11.017,0.722,0.164,29.33
5870.9,18.35,11.007,0.812,0.157,29.73
5874.5,18.29,10.991,0.357,0.001,29.12
5878.1,18.24,11.031,0.401,0.0,29.55
5881.7,18.19,10.987,0.774,0.181,29.59
5885.3,18.14,11.0,0.854,0.286,29.81
5888.9,18.09,10.962,1.063,0.351,29.65
5892.5,18.04,10.956,1.101,0.44,29.69
5896.1,17.98,11.013,0.864,0.302,29.7
5899.7,17.93,10.974,0.742,0.199,29.42
5903.4,17.88,11.001,0.8,0.23,29.43
5907.0,17.83,10.977,0.939,0.271,29.72
5910.6,17.78,10.983,0.641,0.109,29.51
5914.2,17.73,10.986,0.651,0.131,29.44
5917.8,17.68,10.966,0.655,0.126,29.51
5921.4,17.62,10.976,0.811,0.242,29.9
5925.0,17.57,10.956,0.855,0.283,29.51
5928.6,17.52,10.946,1.231,0.48,29.63
5932.2,17.47,10.97,1.12,0.44,29.35
5935.8,17.42,10.962,1.045,0.309,29.65
5939.4,17.37,10.918,1.371,0.502,29.91
5943.0,17.32,10.953,1.34,0.549,29.93
5946.6,17.26,10.939,1.328,0.545,29.78
5950.2,17.21,10.939,1.142,0.447,29.89
5953.8,17.16,10.965,0.972,0.407,29.78
5957.4,17.11,10.948,1.007,0.362,29.87
5961.0,17.06,10.939,0.861,0.226,29.8
5964.6,17.01,11.002,0.475,0.0,29.78
5968.2,16.96,10.974,0.461,0.0,29.43
5971.8,16.9,10.96,0.683,0.092,29.27
5975.4,16.85,10.947,0.812,0.249,29.72
5979.0,16.8,10.96,1.0,0.37,29.8
5982.6,16.75,10.917,1.315,0.499,30.07
5986.2,16.7,10.912,1.085,0.375,29.94
5989.8,16.65,10.925,1.047,0.409,30.06
5993.4,16.6,10.947,1.187,0.475,29.84
5997.0,16.55,10.933,1.288,0.549,29.8
6000.6,16.49,10.916,1.273,0.542,29.47
6004.2,16.44,10.932,1.401,0.56,29.85
6007.8,16.39,10.892,1.986,0.808,29.89
6011.4,16.34,10.878,1.94,0.925,30.02
6015.0,16.29,10.871,2.068,0.987,30.04
6018.6,16.24,10.881,1.987,1.071,30.09
6022.2,16.19,10.862,1.996,1.018,29.98
6025.8,16.14,10.859,2.275,1.096,30.28
6029.4,16.09,10.864,2.242,1.112,29.54
6033.0,16.03,10.845,2.0,1.216,30.04
6036.6,15.98,10.852,2.274,1.135,30.34
6040.2,15.93,10.836,2.533,1.228,30.56
6043.8,15.88,10.873,2.159,1.191,30.2
6047.4,15.83,10.806,2.608,1.284,30.55
6051.0,15.78,10.842,2.298,1.318,30.14
6054.6,15.73,10.824,2.603,1.326,30.21
6058.2,15.68,10.85,2.48,1.295,30.28
6061.8,15.63,10.843,2.29,1.29,30.1
6065.4,15.58,10.861,2.444,1.243,30.0
6069.0,15.53,10.843,2.433,1.209,30.05
6072.6,15.47,10.823,2.491,1.268,29.95
6076.2,15.42,10.846,2.188,1.072,30.18
6079.8,15.37,10.831,2.276,1.164,30.1
6083.4,15.32,10.848,2.28,1.258,30.03
6087.0,15.27,10.806,2.425,1.23,30.04
6090.6,15.22,10.805,2.564,1.251,30.3
6094.2,15.17,10.835,2.331,1.141,30.28
6097.8,15.12,10.853,2.159,1.192,29.83
6101.5,15.07,10.802,2.136,1.095,29.8
6105.1,15.02,10.88,1.608,0.77,30.06
6108.7,14.97,10.849,1.754,0.922,29.64
6112.3,14.92,10.823,1.715,0.799,30.02
6115.9,14.87,10.805,1.704,0.793,30.23
6119.5,14.82,10.83,1.616,0.818,30.2
6123.1,14.76,10.838,1.88,0.877,30.11
6126.7,14.71,10.837,1.867,0.88,30.1
6130.3,14.66,10.848,1.824,0.917,30.4
6133.9,14.61,10.827,1.856,0.886,29.49
6137.5,14.56,10.839,1.423,0.709,29.71
6141.1,14.51,10.843,1.524,0.708,30.01
6144.7,14.46,10.841,1.663,0.783,29.82
6148.3,14.41,10.851,1.503,0.667,30.08
6151.9,14.36,10.829,1.604,0.694,29.86
6155.5,14.31,10.836,1.945,0.919,30.01
6159.1,14.26,10.817,1.839,0.911,29.9
6162.7,14.21,10.807,1.923,0.908,29.88
6166.3,14.16,10.821,1.714,0.722,29.8
6169.9,14.11,10.86,1.397,0.593,29.85
6173.5,14.06,10.849,1.228,0.498,29.58
6177.1,14.01,10.835,1.303,0.568,29.96
6180.7,13.96,10.865,1.166,0.459,29.85
6184.3,13.91,10.896,0.864,0.236,29.83
6187.9,13.86,10.868,0.82,0.284,29.37
6191.5,13.81,10.882,0.815,0.199,29.26
6195.1,13.76,10.896,0.453,0.017,29.47
6198.7,13.71,10.865,0.549,0.102,30.08
6202.3,13.66,10.877,0.47,0.058,29.73
6205.9,13.61,10.851,0.561,0.117,29.4
6209.5,13.56,10.879,0.298,0.0,29.5
6213.1,13.51,10.865,0.435,0.0,29.61
6216.7,13.46,10.866,0.443,0.016,29.19
6220.3,13.41,10.858,0.468,0.0,29.75
6223.9,13.36,10.868,0.387,0.014,29.41
6227.5,13.31,10.868,0.604,0.03,29.5
6231.1,13.26,10.864,0.452,0.031,29.47
6234.7,13.21,10.824,0.701,0.159,29.79
6238.3,13.16,10.814,1.211,0.497,29.58
6241.9,13.11,10.801,1.197,0.542,29.39
6245.5,13.06,10.798,1.759,0.768,29.99
6249.1,13.01,10.814,1.488,0.575,29.42
6252.7,12.96,10.816,1.351,0.534,29.73
6256.3,12.91,10.817,0.995,0.381,29.9
6259.9,12.86,10.828,1.057,0.302,29.8
6263.5,12.81,10.826,0.852,0.268,29.82
6267.1,12.76,10.794,1.25,0.506,29.87
6270.7,12.71,10.815,1.372,0.514,30.28
6274.3,12.66,10.808,1.508,0.647,29.72
6277.9,12.61,10.799,1.691,0.596,29.99
6281.5,12.56,10.83,0.569,0.0,29.43
6285.1,12.51,10.863,0.426,0.0,29.65
6288.7,12.46,10.816,0.826,0.233,29.59
6292.3,12.41,10.826,0.956,0.408,29.99
6295.9,12.36,10.801,1.077,0.437,29.59
6299.5,12.31,10.8,1.15,0.409,30.0
6303.2,12.26,10.765,1.159,0.422,29.84
6306.8,12.21,10.811,0.848,0.264,29.61
6310.4,12.16,10.813,0.892,0.323,29.74
6314.0,12.11,10.785,1.28,0.486,29.82
6317.6,12.06,10.803,1.536,0.657,29.92
6321.2,12.01,10.774,1.202,0.471,29.7
6324.8,11.96,10.773,1.384,0.603,29.66
6328.4,11.91,10.778,1.153,0.446,29.65
6332.0,11.87,10.799,0.802,0.189,29.26
6335.6,11.82,10.827,0.69,0.326,29.73
6339.2,11.77,10.823,0.87,0.266,29.37
6342.8,11.72,10.769,1.274,0.383,29.72
6346.4,11.67,10.776,1.108,0.488,29.83
6350.0,11.62,10.757,1.327,0.576,29.95
6353.6,11.57,10.79,1.371,0.586,29.44
6357.2,11.52,10.799,1.113,0.441,29.69
6360.8,11.47,10.776,1.169,0.407,29.82
6364.4,11.42,10.742,1.439,0.58,29.83
6368.0,11.37,10.736,1.556,0.7,30.13
6371.6,11.32,10.757,1.554,0.673,29.7
6375.2,11.27,10.766,1.443,0.643,29.41
6378.8,11.22,10.706,1.83,0.72,30.12
6382.4,11.18,10.743,1.595,0.739,29.77
6386.0,11.13,10.772,1.574,0.717,29.52
6389.6,11.08,10.744,1.547,0.783,29.83
6393.2,11.03,10.76,1.711,0.844,30.16
6396.8,10.98,10.745,1.73,0.769,29.67
6400.4,10.93,10.723,1.616,0.812,30.35
6404.0,10.88,10.733,1.626,0.865,29.72
6407.6,10.83,10.715,2.006,0.867,30.04
6411.2,10.78,10.765,0.726,0.0,29.33
6414.8,10.73,10.78,0.403,0.0,29.47
6418.4,10.68,10.816,0.385,0.0,29.43
6422.0,10.64,10.781,0.325,0.046,29.14
6425.6,10.59,10.803,0.471,0.0,30.05
6429.2,10.54,10.76,0.839,0.187,29.52
6432.8,10.49,10.764,0.862,0.344,29.52
6436.4,10.44,10.756,1.174,0.401,29.93
6440.0,10.39,10.729,1.336,0.513,30.15
6443.6,10.34,10.736,1.509,0.617,30.08
6447.2,10.29,10.697,1.468,0.638,29.6
6450.8,10.24,10.734,1.456,0.62,29.87
6454.4,10.2,10.691,1.422,0.588,29.44
6458.0,10.15,10.707,1.743,0.78,30.11
6461.6,10.1,10.739,1.402,0.689,29.49
6465.2,10.05,10.741,1.248,0.6,29.6
6468.8,10.0,10.696,1.558,0.724,29.87
6472.4,9.95,10.687,1.747,0.835,30.02
6476.0,9.9,10.693,1.738,0.81,29.88
6479.6,9.85,10.698,1.872,0.879,30.28
6483.2,9.81,10.654,2.05,0.966,30.19
6486.8,9.76,10.696,1.799,0.815,30.08
6490.4,9.71,10.691,1.962,0.981,29.77
6494.0,9.66,10.671,2.162,1.067,30.42
6497.6,9.61,10.681,2.17,1.126,29.92
6501.3,9.56,10.666,2.358,1.213,30.5
6504.9,9.51,10.648,2.445,1.256,30.59
6508.5,9.47,10.639,2.187,1.251,30.19
6512.1,9.42,10.664,2.281,1.023,30.33
6515.7,9.37,10.653,2.153,1.045,29.46
6519.3,9.32,10.675,1.79,0.885,29.91
6522.9,9.27,10.658,2.424,1.131,30.4
6526.5,9.22,10.68,2.23,1.124,30.29
6530.1,9.17,10.635,2.666,1.368,30.02
6533.7,9.13,10.646,2.599,1.392,30.18
6537.3,9.08,10.61,2.679,1.327,29.76
6540.9,9.03,10.627,2.827,1.488,30.4
6544.5,8.98,10.614,2.968,1.542,29.99
6548.1,8.93,10.605,3.5,1.841,30.78
6551.7,8.88,10.587,3.308,1.773,30.72
6555.3,8.83,10.575,3.615,1.94,30.5
6558.9,8.79,10.565,4.174,2.23,30.89
6562.5,8.74,10.529,4.52,2.405,30.87
6566.1,8.69,10.513,4.497,2.502,30.95
6569.7,8.64,10.555,4.737,2.678,30.76
6573.3,8.59,10.5,4.716,2.674,31.1
6576.9,8.54,10.516,4.673,2.582,30.64
6580.5,8.5,10.534,4.404,2.526,30.5
6584.1,8.45,10.528,4.475,2.542,30.87
6587.7,8.4,10.518,4.515,2.645,30.87
6591.3,8.35,10.52,4.432,2.561,30.94
6594.9,8.3,10.518,4.433,2.529,30.75
6598.5,8.25,10.508,4.335,2.454,31.22
6602.1,8.21,10.535,4.762,2.58,31.03
6605.7,8.16,10.486,4.993,2.823,31.12
6609.3,8.11,10.513,4.675,2.712,31.01
6612.9,8.06,10.488,4.857,2.788,31.23
6616.5,8.01,10.468,5.231,2.931,31.28
6620.1,7.97,10.467,5.197,2.915,31.24
6623.7,7.92,10.468,4.82,2.76,31.17
6627.3,7.87,10.476,5.038,2.921,30.73
6630.9,7.82,10.477,4.914,2.759,30.69
6634.5,7.77,10.491,5.085,2.959,31.1
6638.1,7.72,10.453,5.105,2.881,31.08
6641.7,7.68,10.468,4.964,2.704,31.19
6645.3,7.63,10.476,4.678,2.657,30.97
6648.9,7.58,10.513,4.608,2.663,31.06
6652.5,7.53,10.469,4.772,2.694,30.75
6656.1,7.48,10.486,4.843,2.78,31.03
6659.7,7.44,10.489,4.871,2.822,30.77
6663.3,7.39,10.444,5.396,3.052,31.3
6666.9,7.34,10.425,5.385,3.052,30.84
6670.5,7.29,10.425,5.357,3.101,31.28
6674.1,7.24,10.454,5.429,3.138,30.94
6677.7,7.19,10.436,5.121,2.948,31.05
6681.3,7.15,10.469,4.923,2.816,31.24
6684.9,7.1,10.464,4.907,2.833,31.1
6688.5,7.05,10.462,4.995,2.896,30.75
6692.1,7.0,10.471,4.815,2.664,30.89
6695.7,6.95,10.432,5.156,2.901,30.84
6699.3,6.91,10.426,5.225,2.974,30.82
6703.0,6.86,10.448,5.264,2.984,31.2
6706.6,6.81,10.423,5.347,3.051,31.32
6710.2,6.76,10.398,5.168,2.997,31.23
6713.8,6.71,10.442,5.29,3.03,31.31
6717.4,6.67,10.412,5.361,3.081,31.21
6721.0,6.62,10.418,5.662,3.243,31.26
6724.6,6.57,10.431,5.642,3.233,31.1
6728.2,6.52,10.424,5.351,3.074,31.12
6731.8,6.47,10.45,5.089,2.979,30.85
6735.4,6.43,10.431,5.188,2.959,30.98
6739.0,6.38,10.463,4.946,2.812,31.09
6742.6,6.33,10.438,4.627,2.705,30.93
6746.2,6.28,10.451,4.649,2.611,31.58
6749.8,6.23,10.462,4.622,2.583,30.69
6753.4,6.19,10.435,4.86,2.655,31.01
6757.0,6.14,10.468,4.575,2.622,30.65
6760.6,6.09,10.437,4.702,2.702,30.91
6764.2,6.04,10.474,4.673,2.712,30.9
6767.8,5.99,10.477,4.602,2.608,31.12
6771.4,5.94,10.444,4.697,2.662,30.89
6775.0,5.9,10.447,4.677,2.695,30.94
6778.6,5.85,10.445,4.881,2.779,30.96
6782.2,5.8,10.406,4.932,2.888,30.79
6785.8,5.75,10.378,5.422,3.055,31.11
6789.4,5.7,10.417,5.374,3.131,31.14
6793.0,5.66,10.396,5.482,3.16,31.27
6796.6,5.61,10.387,5.487,3.244,31.37
6800.2,5.56,10.388,5.497,3.199,31.22
6803.8,5.51,10.354,5.444,3.146,31.2
6807.4,5.46,10.369,5.761,3.331,31.01
6811.0,5.42,10.362,5.714,3.274,31.45
6814.6,5.37,10.39,5.612,3.183,31.17
6818.2,5.32,10.387,5.681,3.259,31.48
6821.8,5.27,10.381,5.637,3.215,31.58
6825.4,5.22,10.364,5.899,3.323,31.37
6829.0,5.18,10.328,6.032,3.479,31.25
6832.6,5.13,10.367,5.846,3.403,31.38
6836.2,5.08,10.354,6.079,3.494,31.54
6839.8,5.03,10.366,6.001,3.435,31.38
6843.4,4.98,10.381,5.927,3.417,31.3
6847.0,4.94,10.328,5.829,3.465,31.5
6850.6,4.89,10.348,5.796,3.412,31.47
6854.2,4.84,10.336,5.902,3.448,31.34
6857.8,4.79,10.344,5.98,3.44,31.1
6861.4,4.74,10.339,6.013,3.5,31.54
6865.0,4.7,10.329,6.104,3.5,31.33
6868.6,4.65,10.351,6.021,3.447,31.49
6872.2,4.6,10.313,6.105,3.498,31.51
6875.8,4.55,10.312,6.123,3.5,31.11
6879.4,4.5,10.328,5.772,3.391,31.38
6883.0,4.46,10.332,5.86,3.383,31.5
6886.6,4.41,10.318,5.853,3.428,31.52
6890.2,4.36,10.348,5.589,3.314,31.32
6893.8,4.31,10.284,6.806,3.5,31.33
6897.4,4.26,10.544,1.381,0.0,30.08
6901.1,4.21,10.615,0.437,0.0,29.58
6904.7,4.17,10.593,0.561,0.0,29.3
6908.3,4.12,10.616,0.414,0.0,29.33
6911.9,4.07,10.586,0.614,0.0,29.61
6915.5,4.02,10.591,0.533,0.074,29.67
6919.1,3.97,10.587,0.42,0.0,29.4
6922.7,3.93,10.6,0.298,0.0,29.62
6926.3,3.88,10.599,0.498,0.0,29.16
6929.9,3.83,10.585,0.418,0.036,29.28
6933.5,3.78,10.601,0.352,0.0,29.06
6937.1,3.73,10.57,0.55,0.019,29.36
6940.7,3.69,10.589,0.604,0.067,29.86
6944.3,3.64,10.57,0.557,0.031,29.95
6947.9,3.59,10.599,0.381,0.001,29.53
6951.5,3.54,10.585,0.396,0.0,29.36
6955.1,3.49,10.603,0.442,0.0,29.46
6958.7,3.44,10.542,0.838,0.187,29.74
6962.3,3.4,10.526,1.035,0.302,29.4
6965.9,3.35,10.543,0.913,0.295,29.55
6969.5,3.3,10.527,0.982,0.255,29.98
6973.1,3.25,10.521,1.077,0.358,29.52
6976.7,3.2,10.552,1.021,0.386,29.56
6980.3,3.15,10.546,0.932,0.27,29.68
6983.9,3.11,10.535,0.972,0.248,29.75
6987.5,3.06,10.519,1.292,0.42,29.68
6991.1,3.01,10.515,1.286,0.49,29.82
6994.7,2.96,10.553,1.175,0.451,29.88
6998.3,2.91,10.531,0.872,0.285,30.05
7001.9,2.86,10.516,0.971,0.321,29.66
7005.5,2.82,10.541,1.064,0.331,29.71
7009.1,2.77,10.529,0.97,0.32,30.0
7012.7,2.72,10.552,1.158,0.424,29.65
7016.3,2.67,10.509,1.219,0.495,29.51
7019.9,2.62,10.542,0.943,0.332,29.73
7023.5,2.57,10.543,0.968,0.343,29.91
7027.1,2.53,10.527,0.786,0.205,29.7
7030.7,2.48,10.52,0.837,0.157,29.62
7034.3,2.43,10.56,0.437,0.011,29.22
7037.9,2.38,10.558,0.407,0.0,29.48
7041.5,2.33,10.53,0.343,0.0,29.72
7045.1,2.28,10.522,0.559,0.05,29.3
7048.7,2.23,10.494,0.66,0.088,29.53
7052.3,2.19,10.539,0.688,0.09,29.52
7055.9,2.14,10.534,0.489,0.031,29.38
7059.5,2.09,10.536,0.454,0.0,29.56
7063.1,2.04,10.515,0.397,0.0,29.58
7066.7,1.99,10.516,0.522,0.038,29.62
7070.3,1.94,10.52,0.594,0.074,29.37
7073.9,1.89,10.502,0.872,0.243,29.33
7077.5,1.85,10.502,1.075,0.391,29.78
7081.1,1.8,10.507,1.083,0.398,29.63
7084.7,1.75,10.537,0.968,0.348,30.06
7088.3,1.7,10.506,0.862,0.261,30.03
7091.9,1.65,10.528,0.748,0.091,30.01
7095.5,1.6,10.503,0.64,0.0,29.39
7099.1,1.55,10.503,0.357,0.0,29.59
7102.8,1.5,10.503,0.706,0.215,29.78
7106.4,1.46,10.481,0.758,0.253,29.77
7110.0,1.41,10.495,0.937,0.333,29.61
7113.6,1.36,10.477,1.026,0.305,29.97
7117.2,1.31,10.437,1.447,0.599,29.86
7120.8,1.26,10.501,1.247,0.473,29.82
7124.4,1.21,10.48,0.94,0.293,29.38
7128.0,1.16,10.444,1.312,0.584,29.94
7131.6,1.11,10.491,1.108,0.426,29.69
7135.2,1.07,10.467,1.059,0.396,29.82
7138.8,1.02,10.507,0.79,0.318,29.68
7142.4,0.97,10.473,0.894,0.366,29.71
7146.0,0.92,10.477,0.845,0.328,29.64
7149.6,0.87,10.473,1.16,0.408,29.92
7153.2,0.82,10.47,1.258,0.514,29.76
7156.8,0.77,10.481,1.064,0.344,29.44
7160.4,0.72,10.487,0.658,0.253,29.7
7164.0,0.67,10.483,0.887,0.344,29.51
7167.6,0.62,10.467,1.253,0.475,29.53
7171.2,0.58,10.47,0.999,0.501,29.5
7174.8,0.53,10.441,1.447,0.557,29.92
7178.4,0.48,10.419,1.465,0.735,29.85
7182.0,0.43,10.442,1.587,0.698,29.49
7185.6,0.38,10.435,1.527,0.722,29.82
7189.2,0.33,10.406,1.953,0.87,30.28
7192.8,0.28,10.411,2.338,1.027,30.09
7196.4,0.23,10.392,1.874,1.02,29.98
7200.0,0.18,10.43,1.992,0.933,30.27
